Game,Dominant_Topic,Similarity_Score
(the) Gnorp Apologue,0,0.7194350319681042
---Red---Tether-->,0,0.6507210782512156
.Forty-Five,0,0.5946092968796574
10 Miles To Safety,0,0.6599719360516693
10 Minutes Till Dawn,2,0.5333734384838327
100% Orange Juice,0,0.6708422244570789
11-11 Memories Retold,2,0.4947412253108319
112 Operator - Facilities,2,0.31626080274124146
112 Operator - Pandemic Outbreak,2,0.4129198652681829
112 Operator - The Last Duty,2,0.5830014623715766
112 Operator - Water Operations,4,0.39124018279351486
140,0,0.6585177894209611
1979 Revolution: Black Friday,0,0.6126172354690234
198X,9,0.5682519840831027
20 Small Mazes,0,0.6254719533632945
35MM,0,0.42204479995199906
3DMark,3,0.4650239246101454
5D Chess With Multiverse Time Travel,4,0.5401025664683897
7 Days to Die,0,0.6772476518314957
7th Deep,4,0.6857943204231416
9 Kings,0,0.5868032332293959
9 Kings Demo,0,0.5223907193861009
9 Monkeys of Shaolin,0,0.6736037645659613
90 Minute Fever - Online Football (Soccer) Manager,1,0.42294178647706426
911 Operator,0,0.5930242138842516
A Date in the Park,0,0.6964874035587445
A Gay Love Story About Gay Love,1,0.2633682230399861
A HERO AND A GARDEN,0,0.5645018060028684
A Healer Only Lives Twice,1,0.4903729619621149
A Juggler's Tale,7,0.5501319215865463
A Long Way Down,0,0.6842513349711812
A Monster's Expedition,4,0.5923575340655627
A Mortician's Tale,15,0.5215048231661001
A Plague Tale: Innocence,0,0.676222278341592
A Plague Tale: Requiem,7,0.609592534958908
A Short Hike,0,0.3870669537083559
A Story About My Uncle,0,0.6003367412561991
A Summer's End - Hong Kong 1986,2,0.42049576094374436
A Total War Saga: THRONES OF BRITANNIA,0,0.2757797170470025
A Way Out,0,0.5621983339983748
A Wild Catgirl Appears!,0,0.6045968766787755
A-Tech Cybernetic VR,0,0.640952742599866
ACE COMBAT™7: SKIES UNKNOWN - Season Pass,4,0.4587679955768589
ADOM (Ancient Domains Of Mystery),0,0.40911268840759873
AER Memories of Old,9,0.5552806843643691
AI War 2,2,0.5121630858934578
AI: The Somnium Files,0,0.6777926920520471
AMID EVIL,0,0.5768064878742024
ANEURISM IV,10,0.47685550049988834
APB Reloaded,0,0.4552239093380255
ARK: Survival Ascended,0,0.6126890309472778
ARK: Survival Evolved,0,0.5079082579235182
ASTRA: Knights of Veda,5,0.45115934395596824
Abiotic Factor,15,0.45113725388742226
Abyss Crew,6,0.6326862618312814
Abyss Odyssey,0,0.5410457393076322
Academia : School Simulator,0,0.7019531747794908
Ace Combat Assault Horizon - Enhanced Edition,0,0.5199196005338678
Aces & Adventures,4,0.6450980827153067
Achievement Clicker,2,0.5045484548474791
Achtung! Cthulhu Tactics,4,0.6853100573972323
Acid Planet,3,0.6716769877031701
Across the Obelisk,0,0.5704791228088768
AdVenture Capitalist,0,0.46793579884088143
Adventure Time: Pirates of the Enchiridion,3,0.5584713512715784
AdvertCity,0,0.6576437799252817
Aeon's End,0,0.5850921689520822
Aerofly FS 2 Flight Simulator,0,0.6570917320655302
Afterinfection,0,0.6933756435423425
Against the Storm,4,0.4786489413276
Age of Empires II (2013): Rise of the Rajas,2,0.32192032336556686
Age of Empires II (2013): The African Kingdoms,0,0.4929849055743065
Age of Empires II (2013): The Forgotten,0,0.5361962286271225
Age of Empires II (Retired),0,0.5478061223243952
Age of Empires III: Definitive Edition,0,0.5310162030459078
Age of Empires IV: Anniversary Edition,10,0.2656150204153359
Age of Empires: Definitive Edition,0,0.7132909108065564
Age of Empires® III (2007),0,0.43041595150145984
Age of Fear 2: The Chaos Lord GOLD,3,0.4875481173782472
Age of Fear: The Undead King,4,0.6423145405113085
Age of Mythology EX: Tale of the Dragon,2,0.6467902982483045
Age of Mythology: Extended Edition,0,0.5647447028923062
Age of Rivals,0,0.610463008194707
Age of Wonders 4,0,0.6018443549861341
Age of Wonders III,0,0.6560096171799822
Age of Wonders: Planetfall,0,0.45791618853986826
Agent A: A puzzle in disguise,0,0.693652877485492
Agents of Mayhem,4,0.7224570394478981
Ahnayro: The Dream World,4,0.5519162171124591
Aimlabs,3,0.42670058053230353
Airships: Conquer the Skies,0,0.5918323387525029
Akane,0,0.5858906243810812
Alaloth: Champions of The Four Kingdoms,0,0.6772185422756462
Alan Wake,10,0.41086443163268893
Alba: A Wildlife Adventure,1,0.5592882177526151
Albion Online,4,0.5201684510430711
Alchemia: Creatio Ex Nihilo,4,0.4901411291672309
Alex Kidd in Miracle World DX,9,0.5234721035484735
Alicia Griffith – Lakeside Murder,0,0.6669065673971427
Alien Hominid Invasion,1,0.5419781592471564
Alien Rage - Unlimited,0,0.6294715392095085
Alien Swarm,6,0.5648393069437101
Alien: Isolation,0,0.5191982278001247
Aliens vs. Predator™,0,0.6037607706564754
Aliens: Fireteam Elite,0,0.5970353989182907
Alina of the Arena,4,0.6011496327918153
All Walls Must Fall - A Tech-Noir Tactics Game,0,0.5795441622437789
Almost Alive,2,0.5445409672962023
Alone in the Dark (2008),3,0.5478795966041634
Altered,0,0.4561184694141404
Always Sometimes Monsters,0,0.6843423759425917
Amarantus,0,0.6827229626723762
American Fugitive,0,0.47736344606625236
Amnesia: The Bunker,9,0.4672873619603595
Amnesia: The Dark Descent,0,0.4353245345132687
Among Us,1,0.37611775971961114
Amorous,0,0.5408180491279677
Ancestors Legacy - Saladin's Conquest,7,0.5223030384222208
Andor - Wrecking Dawn,13,0.7113703581494255
Angels Bleeding,0,0.6415284067592832
Angels Fall First,14,0.20261261129659935
Animaze by FaceRig,2,0.40154695189563216
Anno 1800,0,0.47160789040324946
Anno 2070™,1,0.444838563674577
Anno 2205™,0,0.643343530216989
Antichamber,0,0.5721198246024131
Antihero,0,0.5650017121784274
Aotenjo: Infinite Hands,13,0.5198500482170906
Apex Legends™,0,0.44695951075487
Apotheon,7,0.4181851894675041
Apple Slash,0,0.5489384545557892
Apprehend;Girlfriend,7,0.6072846870420268
Ara: History Untold,4,0.5588270960397305
Arboria,0,0.7274433213489062
Arcade Tycoon ™ : Simulation Game,2,0.5040600990778766
Arcanium: Rise of Akhan,0,0.5317908256481396
Archmage Rises,0,0.641170695921965
Archvale,0,0.6763967632544506
Arcus,0,0.543139377232566
Arkham Horror: Mother's Embrace,0,0.6086437874678998
Arma 2: Operation Arrowhead,2,0.5104024805168965
Arma 3,6,0.5249639737511014
Arma 3 Creator DLC: S.O.G. Prairie Fire,13,0.3382207863802977
Arma Reforger,16,0.431962114476107
Arma Tactics,0,0.6607050964756045
Armello,0,0.6686358574154417
Armello - The Bandit Clan,2,0.4942096176057895
Arthurian Legends,3,0.6367736997707686
Artifact,0,0.6027829850777678
As Far As The Eye,0,0.5105492626803256
Ascension: Deckbuilding Game,0,0.5695846090087044
Ash of Gods: Redemption,0,0.6898006704897207
Assassin's Creed 2,0,0.5043572158156864
Assassin's Creed Freedom Cry,0,0.6815796139477196
Assassin's Creed Valhalla,0,0.6807449698942623
Assassin's Creed® III Remastered,0,0.5931168609749704
Assassin's Creed® Odyssey,0,0.526559943318609
Assassin's Creed® Origins,0,0.605231731108763
Assassin's Creed® Revelations,0,0.4612777956196238
Assassin's Creed® Syndicate,0,0.5615867353379689
Assassin's Creed® Unity,0,0.4977854168292598
Assassin's Creed™: Director's Cut Edition,0,0.6002479476242581
Assassin’s Creed® Brotherhood,0,0.4487806156157502
Assassin’s Creed® IV Black Flag™,0,0.5417325491262757
Assassin’s Creed® Liberation HD,0,0.666352162108018
Assassin’s Creed® Rogue,0,0.4967845114711844
Assassin’s CreedⓇ Odyssey - The Fate of Atlantis,0,0.6312735816162912
Assassin’s CreedⓇ Odyssey – Legacy of the First Blade,0,0.6006304693211056
Assault Spy,5,0.4724431389378829
Assault on Arnhem,4,0.5979781296558366
Assemble with Care,1,0.31849847828807565
Astral Heroes,0,0.5977092165167406
Astray,0,0.7307104174853764
Astrea: Six-Sided Oracles,0,0.4500650706805672
Astro Colony,4,0.6958250207435278
Astrologaster,0,0.6122427036552933
Astronarch,0,0.6462765336816487
Asura Girls,2,0.5215025732244915
At Home Alone,13,0.7663437659838684
Atomic Society,4,0.6097274690844912
Atrio: The Dark Wild,1,0.5000776245693048
Attack at Dawn: North Africa,0,0.7242383119913289
Attack on Titan / A.O.T. Wings of Freedom,0,0.5377349858480651
Aurion: Legacy of the Kori-Odan,0,0.7214918353858065
Aurora Dusk: Steam Age,4,0.7047193275270519
Autonauts,4,0.6869595962309957
Autopanic Zero,0,0.49043669614386975
Aven Colony,4,0.6411636019457371
Awesomenauts - the 2D moba,0,0.46921532582203573
Axes and Acres,0,0.6858567459206795
BELOW,0,0.7070660697026692
BERSERK and the Band of the Hawk,9,0.31415099022153026
BIOMUTANT,0,0.5404118607013106
BIT.TRIP Presents... Runner2: Future Legend of Rhythm Alien,4,0.545645672429525
BITGUN,0,0.6987623490109638
BLACKTAIL,0,0.5674451838443497
BONELAB,0,0.6455560766935375
BOOK OF HOURS,0,0.6909863767998465
BRINK,0,0.6526012155357184
BUSTED!,2,0.5971618367406659
Baba Is You,0,0.6841256904010129
Back 4 Blood,0,0.4897060516396694
Backfirewall_,7,0.4800878795601079
Backpack Battles,13,0.4226552204402497
Backpack Hero,4,0.6262838335368981
Backrooms: Escape Together,0,0.6164278954277588
Bad North: Jotunn Edition,0,0.5857458220298637
Bad Rats: the Rats' Revenge,1,0.37347282252130876
BalanCity,4,0.4124844723089668
Balatro,0,0.6682809771263619
Baldur's Gate 3,0,0.6380437039290696
Baldur's Gate II: Enhanced Edition,0,0.5731939586137633
Baldur's Gate: Enhanced Edition,7,0.521369981723915
Balloon Flight,0,0.6054978739130834
Banished,0,0.6123953208313333
Banishers: Ghosts of New Eden,7,0.6888054172323133
Banners of Ruin,0,0.6846430363766942
Barony,0,0.5829685155423372
Barotrauma,0,0.4040654111093227
Basement,0,0.6582863373186129
Bastard,7,0.6236788738921077
Bastion,0,0.508623360889787
Batman - The Telltale Series Shadows Mode,2,0.6146202379288032
Batman: Arkham Asylum Game of the Year Edition,0,0.538269936177542
Batman: Arkham City - Game of the Year Edition,1,0.45875749872565336
Batora: Lost Haven,0,0.7261566217391129
Battle Brothers,0,0.561815486860935
Battle Bruise,2,0.31010881623876435
Battle for Esturia,0,0.5002004424964617
BattleBit Remastered,0,0.5319109042086808
BattleLore: Command,7,0.4793834891696874
Battlefield: Bad Company™ 2,0,0.6467929030388221
Battlefield™ 1,3,0.5294600432036444
Battlefield™ 2042,3,0.5154866185540884
Battlefield™ V,1,0.5017314228834064
Battlefleet Gothic: Armada,17,0.4259165761029494
Battlefleet Gothic: Armada 2,0,0.5159193541291532
Battlestar Galactica Deadlock,0,0.5663732899446955
Bayonetta,0,0.5770677441693746
BeamNG.drive,1,0.2257028739654415
Beat Cop,0,0.638358762915406
Beat Saber,2,0.4289307426876473
Beecarbonize,1,0.2751026898099821
Before We Leave,4,0.5958446105700008
Beholder,0,0.7114034044351664
Beholder 2,0,0.7106143172444356
Bejeweled 2 Deluxe,0,0.5472497492629282
Bendy and the Ink Machine,0,0.5478652182656286
Beneath Oresa,0,0.6608462166042323
Berserk Mode,0,0.6619320784088564
Bet On Soldier,0,0.5639790791340327
Between Two Castles - Digital Edition,8,0.4507308417885838
Beyond Hanwell,0,0.6272562984420981
Beyond a Steel Sky,0,0.5652850074201315
Beyond: Two Souls,0,0.6170763737765687
Biblios Dice,15,0.569802491843861
Bio Inc. Redemption,1,0.39353159194355875
BioShock Infinite,0,0.4955715607189398
BioShock Infinite - Season Pass,2,0.5908876171398473
BioShock Infinite: Clash in the Clouds,0,0.5322971844034567
BioShock™,0,0.7736409892063687
BioShock™ Remastered,0,0.4714116478514615
Bionic Commando,3,0.4299541528613503
Bioshock Infinite: Columbia's Finest,2,0.6292713732843506
Black Book,7,0.40571066832214375
Black Mesa,0,0.4660841977000193
Black Mirror III,7,0.7486625158412302
Black Myth: Wukong,0,0.5513536026810355
Black Skylands,0,0.5819638019859659
Black Squad,16,0.4859359108560639
Blackguards,0,0.738569580406248
Blacklight: Retribution,2,0.6687346808693244
Blacksad: Under the Skin,0,0.5016378553514195
Blackwell Convergence,0,0.5617682347634358
Blade and Sorcery,11,0.721056442605962
Blasphemous,0,0.6022932736588007
BlazBlue Centralfiction,2,0.4925219325512895
BlazBlue: Chronophantasma Extend,2,0.5469011400049688
Bleak Faith: Forsaken,0,0.6066178579863057
Blender,5,0.2919373586754668
Bless Online,3,0.5693062195318448
Blitzkrieg 3,0,0.5667284594235071
Blockwick 2,4,0.3746326005447211
Blood Card,0,0.4979477010428456
Blood Card 2: Dark Mist,0,0.45769855484098226
Blood II: The Chosen + Expansion,1,0.6324969392083937
Blood Metal,10,0.35581303675674947
Blood Trail,0,0.5174468544684183
Blood and Bacon,2,0.5186450935037977
BloodRayne: Terminal Cut,0,0.6937894765667655
Bloodstained: Ritual of the Night,4,0.7251848458972693
Blood™ Fresh Supply,0,0.5492012073634596
Bloons TD 6,0,0.7048584984548412
Blossom Tales: The Sleeping King,0,0.5266544039919892
Blue Estate The Game,11,0.4474538434552281
Blue Prince,0,0.6614845045364539
Blueprint Tycoon,4,0.6352498677488978
Boneraiser Minions,0,0.6040768461571795
Book of Demons,0,0.4962613525133737
Book of Travels,3,0.6326397995718145
Boomerang X,0,0.4594058420528233
Borderlands 2,3,0.5264329961417065
Borderlands 2 VR,8,0.4231056656419382
Borderlands 2: Commander Lilith & the Fight for Sanctuary,0,0.5956532863361991
Borderlands 3,0,0.4307377683435485
Borderlands 3: Boost Mods Pack,2,0.5029114571857872
Borderlands 3: Bounty of Blood,2,0.580723175109604
Borderlands 3: Designer's Cut,0,0.46438693111728946
Borderlands 3: Digital Deluxe Extras,10,0.4140809816106701
Borderlands 3: Gearbox Cosmetic Pack,10,0.4036581128848358
Borderlands 3: Gold Weapon Skins Pack,2,0.594065722482689
"Borderlands 3: Guns, Love, and Tentacles",2,0.4691315805441213
Borderlands 3: Moze Final Form Pack,2,0.5508848605557409
Borderlands 3: Neon Cosmetic Pack,2,0.4601668599482251
Borderlands 3: Psycho Krieg and the Fantastic Fustercluck,2,0.47743898600929074
Borderlands 3: Season Pass,7,0.6248915615275662
Borderlands 3: Zane Final Form Pack,2,0.3774945148547767
Borderlands Game of the Year,5,0.3295218150702348
Borderlands Game of the Year Enhanced,0,0.5855819510257125
Borderless Gaming,3,0.37486316169902656
Bosorka,5,0.48831375003873734
Boss Monster,4,0.6258059501332515
Bounty Train,0,0.7235052415940778
Bounty of One,6,0.5469505800774946
Brave Hand,4,0.6693531472371986
Breach Wanderers,0,0.7172324226812029
Breathedge 2 Demo,1,0.3520367746151406
Brigador: Up-Armored Edition,0,0.638428550727512
Bright Memory,0,0.5529705700795045
Bright Memory: Infinite,0,0.6627584192212814
Brilliant Shadows - Part One of the Book of Gray Magic,1,0.427354420494232
Broken Banners,4,0.7720021190656017
Broken Sword - Shadow of the Templars: Reforged,9,0.49559278748564506
Broken Sword 2 - the Smoking Mirror: Remastered (2010),0,0.6257126224234281
Broken Sword 3 - the Sleeping Dragon (2003),0,0.6353945511735539
Broken Sword 5 - the Serpent's Curse,4,0.7032064815331788
Broken Sword: Director's Cut (2009),5,0.6039945748923444
BroodStar,5,0.6022750153494889
Brotato,0,0.6215277821658447
Brothers in Arms: Road to Hill 30™,0,0.6190464995736398
Brut@l,0,0.636036738999443
Bud Spencer & Terence Hill - Slaps And Beans,1,0.5400604921230209
Bugsnax,0,0.5357642524156309
Bulletstorm: Full Clip Edition,4,0.638982470885672
Bullfrogs,12,0.6852954121274552
Bully: Scholarship Edition,0,0.5351758268478838
Buriedbornes2 - Dungeon RPG -,13,0.4658138043220292
Burning Daylight,0,0.6233280035640653
Business Tour - Board Game with Online Multiplayer,0,0.6267363001842177
Business Wars - The Card Game,0,0.5759931890728816
CARNAL,15,0.5303605053647796
CARRION,0,0.40542429440152644
CHUCHEL,9,0.4666411764273274
CODE VEIN,0,0.5844338561642511
COH 2 - The Western Front Armies: US Forces,6,0.532729355425315
CPUCores :: Maximize Your FPS,3,0.46420380595466737
CRACKHEAD,0,0.6259493835207444
CRYPTARK,0,0.5433615681445181
CUCKOLD SIMULATOR: Life as a Beta Male Cuck,1,0.44912719450013516
CULTIC,0,0.7645237216389706
CaesarIA,7,0.38372804361426527
Cafe Deux Femmes,7,0.4723839534166505
Call of Cthulhu®,12,0.4008114577904932
Call of Duty: Black Ops II - Zombies,2,0.5655206165739368
Call of Duty: United Offensive,0,0.5296699204677786
Call of Duty®,2,0.4388355049483214
Call of Duty® (2003),0,0.6646977243791228
Call of Duty® 2,0,0.5198501412487326
Call of Duty® 4: Modern Warfare® (2007),1,0.310529085186317
Call of Duty®: Advanced Warfare - Gold Edition,3,0.4177295640702793
Call of Duty®: Black Ops,2,0.3081917754825703
Call of Duty®: Black Ops II,0,0.6245521065444208
Call of Duty®: Black Ops III,0,0.42291222875139184
Call of Duty®: Black Ops III - Der Eisendrache Zombies Map,4,0.4774585801429272
Call of Duty®: Black Ops III - Gorod Krovi Zombies Map,13,0.46067086477926766
Call of Duty®: Black Ops III - Revelations Zombies Map,10,0.36132779049740893
Call of Duty®: Black Ops III - Zetsubou No Shima Zombies Map,1,0.43713739549986674
Call of Duty®: Black Ops III - Zombies Chronicles,0,0.6373831925116487
Call of Duty®: Ghosts,0,0.4786913105076682
Call of Duty®: Infinite Warfare,0,0.5719983975721978
Call of Duty®: Modern Warfare® 2 (2009),0,0.5566917779750166
Call of Duty®: Modern Warfare® 3 (2011),0,0.5935838122662752
Call of Duty®: Modern Warfare® Remastered (2017),3,0.5765211424922334
Call of Duty®: WWII,0,0.6245040962891323
Call of Duty®: Warzone™,3,0.5350277670219691
Call of Juarez: Bound in Blood,0,0.5914875453499808
Call of Juarez: Gunslinger,0,0.5534144112300418
Call to Arms,2,0.4032746732937562
Call to Arms - Gates of Hell: Ostfront,0,0.5736770786198802
Can of Wormholes,4,0.7154651583748532
Candle,0,0.7263905781643383
Captain Forever Remix,10,0.32359749740229776
Capybara Spa,1,0.35786990247396294
Car Mechanic Simulator 2021,0,0.6124916950778285
Card City Nights,0,0.7012888144287384
Card Crawl,0,0.5973946357960902
Card Crawl Adventure,8,0.5492790816456246
Card Hunter,0,0.6502152877360395
Card Quest,0,0.5952260394250584
Card Survival: Tropical Island,4,0.7489915008654727
Cardaclysm,4,0.6346152236878514
Cardboard Town,0,0.5779410206228206
Cards and Castles 2,4,0.7094948947801427
Cards of Divinity,9,0.5360862528778964
Cards of the Dead,0,0.657341965820804
Carry The Glass,1,0.4594656626645981
Cartoon Network Journeys VR,2,0.5958853713608212
Cartridge Defense,0,0.7133133358355314
Cascadia,0,0.46261315483382937
Caster,0,0.6335328540855467
Castle in The Clouds DX,0,0.5888058640806646
Castle of Illusion,1,0.47512715908216147
Castlevania Advance Collection,4,0.782466377109652
Cat Quest II,0,0.5138156800099397
Cat on a Diet,7,0.37289576024159266
Catan Universe,2,0.5505501813495147
Catch Them Sweetie,0,0.658677638186808
Cats Organized Neatly,12,0.5616798098092929
Cauldrons of War - Barbarossa,4,0.5577438884392224
Cave Crawlers,2,0.43382408392102023
Cave Story+,0,0.61345054746498
Cavern Escape Extremely Hard game!!!,2,0.6696004617395834
Caverns of the Snow Witch (Standalone),2,0.497526376925313
Cavity Busters,0,0.5557537656564722
Centipede Gun,0,0.56410123583369
Chain Reaction : Sexy Hentai Girls,0,0.5776501232507347
Changed,12,0.48999218524127586
Changed-OST,5,0.5276861457031251
Chants of Sennaar,0,0.6374003509759874
Chaos Reborn,0,0.5660482595142656
Chaser,0,0.7605395007306325
Check it Out!,0,0.7144204912318028
Chernobylite Complete Edition,0,0.6919149299977785
Chess Knight 2,0,0.5619754503551166
Chess Survivors,0,0.5746407750540927
Chicory: A Colorful Tale,9,0.42829480403719433
Children of Morta,0,0.6609691210724861
Chip's Challenge 1,1,0.39972281668506426
Chivalry 2,0,0.5759952854608946
Chivalry: Medieval Warfare,2,0.36383785004467095
Choo-Choo Charles,3,0.6609255091209285
Chronicle of Innsmouth: Mountains of Madness,7,0.6829645396405515
Chronicon - Ancient Beasts,0,0.5392817208066558
Circadian Dice,4,0.5842567114909716
Circuits,5,0.5880138068980848
Cities XL Platinum,0,0.48263900189084286
Cities: Skylines,0,0.4979265369247563
Cities: Skylines - Concerts,5,0.37496089893934004
Cities: Skylines - JADIA Radio,0,0.5909183061147625
Citizen Sleeper,0,0.6412506914070307
Citizen Sleeper 2: Starward Vector,0,0.5969181795929257
City Climber,10,0.4008137072742799
Clan O'Conall and the Crown of the Stag,0,0.506606774989764
Clanfolk,4,0.6158192077753991
Class of '09,1,0.3459883081857519
Clawfish,3,0.48967525242597787
Clerk hot Tale,2,0.4127591353041206
Cliff Empire,4,0.701288124934793
Clockwork Empires,4,0.6816763337671152
Clonizer,4,0.6040211120067779
Close Combat: The Bloody First,4,0.4578572722832093
Close Your Eyes [Old Version],0,0.5202422160112524
Cloud Climber,2,0.5812446346471623
Cloudpunk,0,0.662827221160215
Clownfield 2042,0,0.5796472816945142
Cobalt Core,0,0.6216090081667569
Coffee Talk,0,0.5371305636410211
Cognition: An Erica Reed Thriller,4,0.5632023998322879
Coin Crypt,0,0.6413433131355412
Cold War,0,0.7373337675074587
Cold Waters,0,0.4226125603587836
Coldfire Keep,0,0.7059145746124804
Colin McRae Rally,0,0.6411162352408241
College Kings - The Complete Season,0,0.5768232631483728
Coloring Game 2,1,0.5109554632914008
Colt Canyon,0,0.6200758549489949
Comanche 4,10,0.43417934379904244
Combat Master: Season 4,0,0.5920223201295672
Combat Monsters,4,0.5920890857429635
Come Home,1,0.41758801165290227
Command & Conquer 3 Tiberium Wars™,4,0.6713524403785818
Command & Conquer Renegade™,1,0.47894422752517074
Command & Conquer™ 3: Kane’s Wrath,2,0.4482775652726755
Company of Heroes,0,0.635014403859591
Company of Heroes 2,0,0.5445321030623242
Company of Heroes 2 - Ardennes Assault,0,0.6119096165372409
Company of Heroes 2 - Case Blue Mission Pack,0,0.6054735384324124
Company of Heroes 2 - Southern Fronts Mission Pack,0,0.6060871096270399
Company of Heroes 2 - Victory at Stalingrad Mission Pack,0,0.5542247855040969
Company of Heroes 3,4,0.6654914471743534
Company of Heroes: Opposing Fronts,4,0.5379573237141069
Comrades and Barons: Solitaire of Bloody 1919,0,0.6862121672372739
Conan Chop Chop,4,0.6389871071509587
Conan Exiles,0,0.5130359403767866
Concordia: Digital Edition,8,0.7463046832100328
Concrete Jungle,0,0.5413826310330805
Conflict Desert Storm™,3,0.45629085359701504
Conflict: Denied Ops,0,0.5848413890517481
Conquer Humanity,1,0.5311602491127947
Conquest of Elysium 5,0,0.6124242901374277
Constructor,0,0.5305211392982835
Contagion,0,0.6931054369584584
Contractors,2,0.5294931394085487
Contradiction: Spot The Liar,10,0.4028738017937876
Control Ultimate Edition,0,0.4990582752968709
"Cook, Serve, Delicious!",0,0.48934302068358354
"Cook, Serve, Delicious! 3?!",0,0.39455769697973697
Cooking Simulator,0,0.709030269817778
Cooking Simulator - Pizza,16,0.3967407253885824
Cooking Simulator - Shelter,0,0.5554506081818247
Core Keeper,0,0.6345470080061821
Corona Borealis,2,0.43909102233568953
Corpus Edax Demo,5,0.47800924875947226
Cosmic Coliseum,0,0.4810722764391988
Cosmic Sugar VR,2,0.2642712363828553
Cosmobreeder Yiffai,0,0.6987899583591064
Costume Quest,0,0.5663189902620177
Counter-Strike 2,13,0.35257399143442136
Counter-Strike: Condition Zero,7,0.4974384792745654
Counter-Strike: Source,11,0.44115383096865496
Countless Rooms of Death,0,0.7038374896099704
Crab Game,5,0.5447168322267679
Craft The World,0,0.7120696020716285
Craftlands Workshoppe,4,0.5803977423214904
Crash Bandicoot™ 4: It’s About Time,0,0.6519256938487599
Crash Bandicoot™ N. Sane Trilogy,0,0.5664223270557125
Crawl,0,0.7136118795212696
Crazy Machines 3,0,0.4919246053026677
Creaks,0,0.6727626414976698
Crime Boss: Rockay City,0,0.755693785096469
Crime Secrets: Crimson Lily,12,0.5469465879872586
Crimson Dawn,0,0.6165280674590201
Crimsonland,0,0.7207233250211709
Critadel,4,0.7794835226751207
Cross Blitz,17,0.5801641894888332
CrossCode,4,0.6566414300890292
CrossCode: A New Home,0,0.6146921534023135
Cruelty Squad,17,0.4348940916559467
Crusader Kings II,0,0.5437972491292127
Crusader Kings III,0,0.4909859941310333
Crusader Kings III: Khans of the Steppe,0,0.5715261892489796
Crusader Kings III: Royal Court,2,0.6800663147945086
Crusader Kings III: Tours & Tournaments,0,0.4431450956858384
Cry of Fear,1,0.35475522720235003
Crying Suns,0,0.5588774005117803
Crysis,0,0.66981367762615
Crysis 2 - Maximum Edition,0,0.6271153619140477
Crysis Remastered,2,0.5016846075033848
Crysis Warhead®,0,0.6670392450862115
Crysis® 3,4,0.6687288162931582
Cthulhu Realms,4,0.4714950959703808
Cubetractor,0,0.6214176767780187
Cubic Castles,9,0.40872055345018776
Cult of the Lamb: Heretic Pack,2,0.5466984074228305
Cultist Simulator,4,0.5637192387733319
Cuphead - Official Soundtrack,5,0.6391688287236901
Cute Puzzle,2,0.3870629556769667
Cyber Knights: Flashpoint,16,0.7082029685399974
Cyber Manhunt - A Company Man of Titan,2,0.6108385321102582
Cyber Manhunt - Hello World,0,0.6292828896148396
Cyber Manhunt - Home Sweet Home,0,0.6263097720378844
Cyberpunk 2077,0,0.4749897773240867
Cyberpunk 2077: Phantom Liberty,0,0.49534549008639056
D&D Lords of Waterdeep,0,0.7121364573750342
DARK SOULS™ II,10,0.5195222008529584
DARK SOULS™ II: Scholar of the First Sin,10,0.5025147065043325
DARK SOULS™ III,10,0.487793507010037
DARK SOULS™ III - Ashes of Ariandel™,2,0.5708624624996366
DARK SOULS™ III - The Ringed City™,0,0.5224366805274664
DARK SOULS™: Prepare To Die™ Edition,0,0.657417723007956
DARK SOULS™: REMASTERED,10,0.5945882044108264
DARQ: Complete Edition,0,0.637049615293794
DAVE THE DIVER,0,0.6682327370871961
DAVIGO: VR vs. PC,9,0.44499459745461545
DEAD OR ALIVE 5 Last Round: Core Fighters,2,0.6108929151741485
DEAD RISING®,0,0.5036682638065852
DEATHLOOP,0,0.5816287848992125
DESOLATE,0,0.6812731658873858
DEVOUR,0,0.5632893910303844
DICETINY: The Lord of the Dice,0,0.7490096141005125
DISTRAINT: Deluxe Edition,0,0.6134972668635463
DOOM,0,0.5617346712901437
DOOM + DOOM II,0,0.524645402145296
DOOM 3,0,0.5747494333698984
DOOM 64,7,0.5937062842836357
DOOM Eternal,0,0.43986751716781725
DOOM Eternal: The Ancient Gods - Part One,0,0.6823889667092323
DOOM Eternal: The Ancient Gods - Part Two,0,0.6891682125742857
DOOMBRINGER,0,0.6022797419683096
DPS IDLE,0,0.6399716542504074
DR LIVESEY ROM AND DEATH EDITION,0,0.6885338498294217
DRAGON BALL FighterZ,10,0.5174469901401754
DRAGON BALL XENOVERSE,2,0.5278010477184696
DRAGON QUEST® XI: Echoes of an Elusive Age™ - Digital Edition of Light,0,0.6981818909862715
DREAMGATE,0,0.5889837848491152
DROD: Gunthro and the Epic Blunder,0,0.7087433629881771
DROP - System Breach,0,0.6016006465193275
DUSK,17,0.6045860445314764
DYNASTY WARRIORS 8: Xtreme Legends Complete Edition,3,0.44587993530025927
Dagon: by H. P. Lovecraft,0,0.49244164415526476
Dandy Ace,4,0.5632846756145702
Danganronpa Another Episode: Ultra Despair Girls,0,0.5282734644277933
Danger Scavenger,3,0.4679348203170778
DareSora: Tears for an Unknown Sky,4,0.5162501862763739
Dark Arcana: The Carnival,0,0.74092936857787
Dark Elf,0,0.5373722670977159
Dark Fracture: Prologue,0,0.5874956100351755
Dark Lord: Disenchanting Ritual,2,0.5474190849325062
Dark Messiah of Might & Magic,0,0.6906406090638202
Dark Quest 2,0,0.4094912452291153
Dark Treasury,0,0.6069763408031732
Darkest Dungeon®,0,0.5558341794057007
Darkest Dungeon®: The Crimson Court,0,0.5844938732104573
Darkest Hour: A Hearts of Iron Game,1,0.39112811835146144
Darksburg,6,0.700483912370936
Darksiders II Deathinitive Edition,0,0.5246818159722442
Darksiders Warmastered Edition,0,0.7370833822259476
Darkwood,0,0.5500700136430023
Dawn of Man,4,0.7414115337288452
Dawnfolk,0,0.6281274192059347
Day of Infamy,0,0.5645469659994583
DayZ,1,0.3834429176321502
Daymare: 1998,0,0.6870643395983156
Days Gone,0,0.684405947496231
Dead Age 2: The Zombie Survival RPG,0,0.6788968208987325
Dead Cells,4,0.5414536853543662
Dead Cells: Rise of the Giant,2,0.560429234700761
Dead Effect,2,0.5071962954655753
Dead Estate,0,0.6827930570308229
Dead In Vinland,0,0.6769567502330549
Dead Island Definitive Edition,17,0.8322593698911387
Dead Island: Epidemic,0,0.658289362486727
Dead Man's Draw,0,0.5929761917402057
Dead Matter,0,0.6744795306796264
Dead Rising 2: Off the Record,0,0.685378903715187
Dead Rising 3 Apocalypse Edition,3,0.4468370954803495
Dead Rising 4,0,0.6791788631661084
Dead Space,0,0.6192144880532862
Dead Space (2008),0,0.4203619219676182
Dead Space™ 2,0,0.6140344537653203
Dead Space™ 3,1,0.38396552094609965
Dead by Daylight,0,0.5715524056015955
Dead by Daylight - All-Kill Chapter,2,0.5544742620713613
Deadfall Adventures,0,0.5748096943699494
Deadlight: Director's Cut,3,0.43260090973307413
Deadly Flare,0,0.7345335553732504
Deadly Land,0,0.7637976021981416
Deadly Premonition: The Director's Cut,0,0.6632886572072555
Deadnaut,4,0.6149972034386219
Dear Esther,0,0.43349676429029793
Dear Esther: Landmark Edition,0,0.4726353977457779
Death Must Die,0,0.5471447825558695
Death Road to Canada,0,0.5104827437916153
Death Skid Marks,5,0.5657433535886758
Death and Taxes,0,0.6755153133158561
Death or Glory,0,0.4708469447618139
Death to Spies: Moment of Truth,3,0.510960902928238
Death's Gambit: Afterlife,0,0.7454992723774325
Deathless. The Hero Quest,0,0.38838320947030386
Deathstate: Abyssal Edition,1,0.40936798521206097
Deathtrap,5,0.4817540902305312
Decisive Campaigns: Barbarossa,0,0.5977835721854463
Deck Hunter,4,0.6176939940497371
Deck of Ashes,17,0.49808774747328716
Deck of Delirium,17,0.6080797114159935
Deep Rock Galactic,0,0.6155075384391243
Deep Rock Galactic - Biohazard Pack,2,0.4095042754211883
Deep Rock Galactic: Survivor,0,0.5957135555717733
Deep Sixed,4,0.692234629745182
Deep Sky Derelicts,4,0.6034035775067799
Defend the Rook,0,0.667715847018135
Defense Clicker,16,0.5493140755475395
Defense Grid: The Awakening,0,0.41953222286666814
Defiance,0,0.5878877254435845
Deleveled,16,0.3013282310505107
Deliver At All Costs,0,0.37688435149599536
Delta Force,0,0.4629683791540494
Demeo,0,0.595977327911333
Democracy 4,10,0.11381853560132862
Demon Hunter 3: Revelation,0,0.5917203585402553
DemonCrawl,0,0.5273517717615306
Demonicon,0,0.6645536059674682
Deponia Doomsday,3,0.610471098482778
Depths of Fear :: Knossos,0,0.6251205316630851
Desperados III,0,0.37900331348258826
Desperados III: Money for the Vultures - Part 2: Five Steps Ahead,2,0.4762799480411677
Desperados III: Money for the Vultures - Part 3: Once More With Feeling,0,0.4961446217038359
Despot's Game: Dystopian Battle Simulator,4,0.5447495891658871
Destiny 2,0,0.5412462636004312
Destiny 2: Beyond Light Pack,0,0.4432127897243585
Destiny's Divide,0,0.515593670966965
Destropolis,0,0.4174021577991436
Destroy All Humans!,0,0.4836464199084351
Destroyer: The U-Boat Hunter,6,0.5728841318323011
Detective Di: The Silk Rose Murders,12,0.7479906101235102
Detention,0,0.7040717723251512
Detroit: Become Human,0,0.6405766212191735
Deus Ex: Human Revolution - Director's Cut,0,0.7506089423080814
Deus Ex: Mankind Divided,3,0.5395319332639875
Deus Ex: The Fall,0,0.5489973265224231
Devil Daggers,1,0.48971258241397253
Devil May Cry 4 Special Edition,0,0.38699389733522804
Devil May Cry 5,0,0.5733416824972811
Devil May Cry Original Soundtrack,5,0.6666110972509818
Devil's Deck,0,0.538788861504925
Devil's Dungeon,2,0.515406977709468
DiRT Rally 2.0,15,0.37910560744830013
Diablo® IV,2,0.4755415798184639
Dice Legacy,4,0.6302624732158432
Dicey Dungeons,4,0.6248309824165067
Die in the Dungeon,4,0.45990868762324993
Die in the Dungeon: Origins,4,0.3263314107649284
Digseum,0,0.6547159623195459
Dinner Date,0,0.5912623910711291
Disciples Sacred Lands Gold,0,0.5999005721008046
Disco Elysium - The Final Cut,0,0.6069461146116312
Disfigure,0,0.45080753681854596
Dishonored,0,0.6610479612485279
Dishonored - The Knife of Dunwall,2,0.6401057805925265
Dishonored - Void Walker Arsenal,2,0.5433529019377474
Dishonored 2,0,0.6579745690828469
Dishonored: Dunwall City Trials,2,0.600477649824634
Dishonored: The Brigmore Witches,0,0.5714562701910721
Dishonored®: Death of the Outsider™,2,0.5151565119999443
Disney Infinity 3.0: Gold Edition,9,0.31027938072902106
Distant Worlds 2,3,0.44249719784792885
Distortions,0,0.7248353551023577
Divine Knockout (DKO),2,0.4342697250745375
Divinity II: Developer's Cut,0,0.8256485813493536
Divinity: Original Sin 2 - Definitive Edition,0,0.6648059994497453
Doki Doki Literature Club!,0,0.47892029061866154
Dominions 4: Thrones of Ascension,0,0.5497913184665371
Don't Sink,0,0.6923225203912239
Don't Starve,1,0.46019284593227683
Don't Starve Together,2,0.4987575545250905
Donut County,0,0.5901979590542266
Doodle God,12,0.5609544446743956
Doomed to Hell,3,0.38220562381821765
Doomsday Hunters,0,0.5304167985166903
Doomtrooper CCG,0,0.7384555458647561
Door Kickers: Action Squad,6,0.7319861645005583
Dota 2,1,0.2581735504906968
Dota Underlords,0,0.5878394492328115
Down the Rabbit Hole,7,0.6217254397634379
Downfall - A Slay the Spire Fan Expansion,0,0.6926910281388077
"Dr Livingstone, I Presume? Reversed Escape Room",7,0.4887344429733711
"Dr. Langeskov, The Tiger, and The Terribly Cursed Emerald: A Whirlwind Heist",0,0.5798298367243078
Dracula: Love Kills,0,0.6601628110759867
Dragon Age II DLC Bundle,2,0.36196029084360093
Dragon Age II: Ultimate Edition,4,0.628303910460967
Dragon Age: Origins - Ultimate Edition,0,0.7130339143484536
Dragon Age™ Inquisition,0,0.5488128601759606
Dragon Cliff,0,0.5911777487042402
Dragon Knight,0,0.5736508752744427
Dragon's Dogma 2,3,0.6834360237902615
Dragon's Dogma: Dark Arisen,0,0.6181453174577667
DragonFang - Drahn's Mystery Dungeon,2,0.5220110459634719
DragonFangZ - The Rose & Dungeon of Time,13,0.6082014589754994
Dread Templar,2,0.5641379013289803
Dread X Collection 4: The Hunt,0,0.722753612847554
DreadOut,0,0.6371862511241765
Dreamfall Chapters,7,0.6403341484838172
Dreaming After You,2,0.38647372593658397
Drift86,1,0.5177644495097469
Drova - Forsaken Kin,0,0.5370794833004955
Drug Dealer Simulator,0,0.5573645478536068
Druidstone: The Secret of the Menhir Forest,1,0.4674626688725054
Duck Season,2,0.4610128624052948
"Dude, Stop",0,0.6920082721447222
Due Process,0,0.5567721300768684
Duelyst,4,0.6385183068376606
Duelyst II,4,0.5957934305655137
Duke Nukem 3D: 20th Anniversary World Tour,10,0.3532284584627097
Duke of Alpha Centauri,0,0.6742544151032087
Dune: Imperium,4,0.612105765565783
Dune: Spice Wars,0,0.46040064115739227
Dungeon Cards,4,0.5091388195415003
Dungeon Clawler,4,0.541036792804426
Dungeon Drafters,0,0.5610084065723545
Dungeon Warfare,0,0.5434595625911062
Dungeon Warfare 2,0,0.6595442571305132
Dungeon and Puzzles,0,0.6371889862879581
Dungeon of Zolthan,4,0.5566786640772894
Dungeon of the ENDLESS™,0,0.6266368934811722
DungeonTop,0,0.6765269764643786
Dungeonmans,0,0.6245013261742404
Dungeons & Degenerate Gamblers,17,0.4896773300817251
Dungeons of Aether,0,0.6031458123796781
Dungeons of Voidria,0,0.42878757853506144
Duskers,0,0.4111650334066781
Dust and Salt,0,0.7640806542514855
Dust: An Elysian Tail,4,0.7247880310255757
Dwarf Fortress,7,0.4250728119051105
Dwarven Realm,16,0.3093531789209776
Dying Light,0,0.5232225049172864
Dying Light 2 Stay Human: Reloaded Edition,0,0.567402241504484
E.Y.E: Divine Cybermancy,0,0.5620436034682376
EA SPORTS™ FIFA 23,16,0.2893330888015513
EARTH DEFENSE FORCE 4.1 The Shadow of New Despair,0,0.7550572942489749
ECHO OF SOUL,0,0.64123699311046
ELDEN RING,0,0.4402240616714036
ELDEN RING Shadow of the Erdtree,0,0.5338093850273603
EMPYRE: Lords of the Sea Gates,0,0.6574858364496194
ENDLESS™ Legend,0,0.5424666009548129
ENDLESS™ Legend - Guardians,0,0.5929128455082229
ENDLESS™ Legend - Symbiosis,0,0.5319492790721007
ENDLESS™ Space - Definitive Edition,0,0.6400404289189577
ENDLESS™ Space 2,0,0.5553023035732263
ENDLESS™ Space 2 - Celestial Worlds,0,0.5545072805096398
ENDLESS™ Space 2 - Harmonic Memories,5,0.5490451973133573
ENSLAVED™: Odyssey to the West™ Premium Edition,14,0.5888972292594126
EVERSPACE™,0,0.6147322559105936
EXIT - The Curse of Ophir,0,0.5962132720072121
EXIT The Game – Trial of the Griffin,0,0.5817141474218213
Earl vs. the Mutants,1,0.46097849903106747
Earthfall,0,0.71859584111635
Earthtongue,4,0.6236061980485903
Ecchi Sketch: Draw Cute Girls Every Day!,5,0.43927230459317795
Echo of Combats,0,0.6050461020871707
Eidolon,0,0.37973500290484924
ElecHead,0,0.6892155138429443
Element Space,6,0.3139354857894846
Elite Dangerous,3,0.5786627218957784
Elsinore,7,0.5102096339691673
Elven Legacy,0,0.7823166021089519
Emerald City Confidential™,0,0.5013427352980425
Emerge: Cities of the Apocalypse,0,0.7791463400692434
Empire of Sin,0,0.5037433683018622
End of Zoe,0,0.6531225665223505
Endless waves survival,5,0.5021945837906252
Endzone - A World Apart,5,0.584872253702247
Enigmatis 2: The Mists of Ravenwood,0,0.7566604242032289
Enigmatis: The Ghosts of Maple Creek,9,0.585812048638228
Enshrouded,0,0.6149522791565492
Entropy,5,0.5061548440180613
Entropy : Zero 2,2,0.353152684121416
Entropy Survivors,4,0.42159677781760035
Ephemerid: A Musical Adventure,5,0.5649426070919187
Epic Battle Fantasy 4,4,0.724008094454755
Erannorth Chronicles,4,0.7156397785406663
Erannorth Reborn,4,0.49330248131893906
Escape Game Fort Boyard,1,0.4769971467606056
Escape Goat,0,0.461490233852575
Escape Simulator,2,0.3676892855230727
Escape from Skull Dungeon,6,0.6229693381143806
Escape the Backrooms,1,0.5089230205390723
Esports Godfather,0,0.6346310357333216
Esports Godfather Origin,0,0.6172260040957515
Estranged: The Departure,0,0.6557416362175214
Eternal Card Game,17,0.4340099860977844
Eternal Senia,0,0.6260430399800656
Eternal Threads,1,0.45527640216388093
Euro Truck Simulator 2,0,0.5550890868257552
Europa Universalis IV,0,0.5152571560276383
Eventide: Slavic Fable,12,0.5477728439905267
Evergarden,0,0.531196639035391
Everybody's Gone to the Rapture,0,0.7436836746445848
Everyday Genius: SquareLogic,4,0.20867943391423474
Everything,0,0.6365476819915601
Evil Bank Manager,4,0.6759708405716224
Evil Democracy: 1932,0,0.5941921441036394
Evolution Board Game,0,0.5769596380562353
Evolution of Ages: Settlements,0,0.4412474124917407
Exanima,2,0.22667696985073915
Exo One,1,0.5742174146895749
Exodus Borealis,4,0.585992603877328
Expand,0,0.6606901018330129
Expansion - Crusader Kings II: The Republic,0,0.5985027300095231
Expansion - Europa Universalis IV: Mare Nostrum,4,0.48529624888984657
Expansion - Europa Universalis IV: The Cossacks,0,0.44412329057345173
Expansion - Europa Universalis IV: Winds of Change,2,0.5119684643074925
Expeditions: Viking,0,0.6306848008061149
F.E.A.R.,0,0.46336029931799294
F.E.A.R. 2: Reborn (DLC),0,0.6142217265692419
F.E.A.R. 3,0,0.5588369952271255
F1 2018,0,0.5210555953352427
FANTASY LIFE i: The Girl Who Steals Time,6,0.5835274419193839
FEZ,0,0.6153721081869665
FILF,7,0.42984841494512704
FINAL FANTASY VII REMAKE INTERGRADE,7,0.49631602934250885
FINAL FANTASY XV WINDOWS EDITION,0,0.7063440725263895
FINAL FANTASY® XIII,4,0.7059041021900323
FINAL FANTASY® XIII-2,0,0.6897196000577313
FOR HONOR™,6,0.4992687199506704
FORCED SHOWDOWN,0,0.5361076948056
FOREWARNED,1,0.456114944221475
FORWARD: Escape the Fold - Ultimate Edition,0,0.6189587474303958
FROSTBITE: Deadly Climate,0,0.732547808001281
FTL: Faster Than Light,9,0.5704236775548515
FURRY HITLER,10,0.4212213436738463
Fable Anniversary,0,0.6248290428637959
Fable Fortune,0,0.6843765369031715
Fabledom,4,0.7216599665158113
Fabric Of Reality,5,0.5490285318996961
Factorio,4,0.4306646617999899
Factory Town,4,0.6876789726271608
Fade to Silence,0,0.5880981716500306
Faeria,0,0.591277829078072
Faerie Solitaire,0,0.5121003620917763
Fairy Fencer F,4,0.7131324726098032
Fairytale Fables,0,0.7142095776683572
Fall Guys,0,0.574889438484722
Fallen Aces,2,0.31013784309152304
Fallen Bride Mege,1,0.5338537566974885
Fallen Enchantress: Legendary Heroes,0,0.7469178307291984
Fallout 2: A Post Nuclear Role Playing Game,0,0.7173186853115106
Fallout 3,6,0.4514423963006408
Fallout 3: Game of the Year Edition,0,0.5310714188560273
Fallout 4,0,0.5546568004868312
Fallout 4 - Automatron,4,0.6498925720287401
Fallout 4 - Wasteland Workshop,11,0.6408020099079191
Fallout 76,0,0.5591977765179437
Fallout New Vegas: Courier's Stash,2,0.5755994136860578
Fallout New Vegas: Honest Hearts,2,0.3776858230949448
Fallout New Vegas: Old World Blues,2,0.6532419449437417
Fallout New Vegas®: Lonesome Road™,2,0.6135684656036777
Fallout: A Post Nuclear Role Playing Game,0,0.6147801622177503
Fallout: New Vegas,0,0.4894081505865354
Fantasy Blacksmith,3,0.527394432423689
Fantasy Wars,0,0.7087211143787835
Far Cry 3,0,0.574765873267867
Far Cry 3 - Blood Dragon,0,0.5797040038154012
Far Cry®,3,0.6304183460611603
Far Cry® 2,0,0.6319368553425458
Far Cry® 4,0,0.45748838067404307
Far Cry® 5,0,0.49045921259244646
Far Cry® 5 - Dead Living Zombies,0,0.6083492261546584
Far Cry® 6,0,0.6925515944725404
Far Cry® New Dawn,0,0.6298267397784933
Far Cry® Primal,0,0.6165269275641431
Farlanders,4,0.44429626005341477
Farm Together,1,0.5478723622160331
Farm Together 2,0,0.3586280000851376
Farming Simulator 17,0,0.5395934402118959
Farthest Frontier,0,0.5888396182803414
Fashion Police Squad,3,0.6138463621788822
Fate Arena (Alpha),0,0.7723365682074993
Fate Hunters,0,0.6323838652427876
Fears to Fathom - Home Alone,0,0.6411720032586955
Feign,0,0.604344339605158
Fell Seal: Arbiter's Mark,0,0.5024116147239964
Felvidek,0,0.7780630940492334
Fictorum,4,0.6255469521500104
Fidel Dungeon Rescue,0,0.7767240401428599
Fights in Tight Spaces,0,0.5692849139867572
Final Profit: A Shop RPG,14,0.6676040305188778
Find Yourself,2,0.47485193695231376
Finding Paradise,0,0.6872938593046537
Fingerbones,0,0.6203667129977706
Firebird - La Peri,0,0.5508641896542283
Firegirl: Hack 'n Splash Rescue DX,0,0.5728618012376754
Firewatch,0,0.5263824758493013
First Cut: Samurai Duel,0,0.5448310741224636
Five Nights at Freddy's,0,0.6599951264633428
Flamebreak,0,0.4089522227708686
Flocking Hell,0,0.5096805252525876
Flotsam,0,0.7644363813720657
Flynn: Son of Crimson,0,0.6417880239269816
Fobia - St. Dinfna Hotel,0,0.7168643220375733
Football Game,0,0.6986423193055575
"Football, Tactics & Glory",15,0.45494690471363175
For The King,0,0.7459006471327572
For The King II,0,0.646576228777625
For The Warp,0,0.5786422851332667
Forager,0,0.6554667029319454
Foregone,0,0.5570570520572868
Foretales,0,0.6894697401099835
Forge of Gods (RPG),2,0.5839026032192454
Forgive Me Father,3,0.66633002634338
Fort Solis,0,0.6543208376603561
Forza Horizon 4,9,0.5079955372980609
Forza Horizon 5,2,0.5351672500872934
Foundation,0,0.4633223112626782
Four Last Things,5,0.5112642857872257
Fox & Flock,9,0.5843989312749047
Foxhole,2,0.5187569440132486
Fran Bow,7,0.7399335718586553
Frankenstein: Master of Death,0,0.7066725040317238
Fray Fight,0,0.6207169514723854
FreeHolder,0,0.6731215821075226
Freedom Fighters,8,0.6184029604929053
Freedom Force,0,0.5213327796160242
Fresh Start Cleaning Simulator,0,0.43946344174709895
Freshly Frosted,0,0.6641106789581384
Friday the 13th: The Game,0,0.6352545041235758
Frog 'n' Roll,3,0.37981152674156377
Frog Detective 2: The Case of the Invisible Wizard,12,0.8225561157916319
Frog Detective 3: Corruption at Cowboy County,12,0.8340954465310979
Frogmonster,0,0.7409777587457254
Frost,0,0.6883063270577979
Frostpunk,0,0.604465744372041
Frostpunk 2,0,0.5087875457431432
Frostpunk Expansions Original Soundtrack,2,0.46673751656454227
Frostpunk: The Last Autumn,2,0.5143341285436149
Frozenheim,4,0.6692578241466882
Full Metal Furies,4,0.774148642030713
Full Throttle Remastered,0,0.4797475712304898
Furi,0,0.6168921984395548
Furi Original Soundtrack,5,0.5521892718636817
GARAGE: Bad Trip,0,0.6895854462592861
GET EVEN,0,0.6650389017156182
GHOSTWARE: Arena of the Dead,7,0.6332909617594661
GNOG,0,0.6596880062234789
GOAT OF DUTY,0,0.5573024403014208
GORN,0,0.46707404599688
GRID Autosport,0,0.5900481396878146
GRIS,0,0.608722096234205
GSpot Master,0,0.5858952648110219
GTFO,0,0.4927451597642304
GUILTY GEAR -STRIVE-,10,0.40618606712078253
GWENT: The Witcher Card Game,0,0.5936105979866467
GWENT: The Witcher Card Game - 4k graphic assets pack,3,0.4669365713978034
Gal*Gun: Double Peace,0,0.43881003867361196
Galactic Mining Corp,0,0.5615545307718093
Galaxy Squad,0,0.7110440767136581
Game Tycoon 2,0,0.6679613106979914
Gaming the Real World,4,0.6091113295097167
Gang Beasts,0,0.6320712895888636
Garden of the Sea (VR),0,0.6455879032984347
Garfield Kart,1,0.2838923485559617
Garfield Kart - Furious Racing,1,0.31893503235013554
Garry's Mod,0,0.488701997615688
Garshasp: The Monster Slayer,0,0.7105878158626131
Gary Grigsby's War in the East,3,0.3301345254036387
Gatekeeper: Infinity,0,0.5779414734837165
Gears 5,0,0.5810028860692494
Gears 5 - Hivebusters,2,0.6012134873772192
Gears 5 - Ultra-HD Texture Pack,2,0.48480782186878746
Gears Tactics,0,0.5555447217377036
Gem Rush,0,0.5226378629835619
GemCrusty,14,0.7663843839423482
Gems of War - Puzzle RPG,14,0.766182058987528
Generation Zero®,0,0.43438371834503287
Genital Jousting,1,0.4119036699228841
Geometry Dash,0,0.4135942054460121
Getting Over It with Bennett Foddy,1,0.42739404071368714
Gettysburg: The Tide Turns,3,0.5690629673694311
Ghost Master®,12,0.5643540281500625
Ghost Signal: A Stellaris Game,4,0.6802874630049881
Ghost of Tsushima DIRECTOR'S CUT,0,0.5679253542730758
Ghostbusters: The Video Game Remastered,7,0.3198620155998173
Ghostrunner,12,0.48505425241107647
GigaBash,0,0.5689288536457338
Gigachess,4,0.6575887502816719
Gigantic: Rampage Edition,0,0.5334046758103007
Girl and Goblin,12,0.41770924629492845
Girls Dance,2,0.4992898609674107
Glass Masquerade,0,0.5557968508660427
Glitchpunk,5,0.4450556152670099
Glittermitten Grove,0,0.4433264661574352
Gloomhaven,0,0.660646257149856
Gnomes,0,0.7036305286022355
Gnomoria,0,0.5634758728104524
Go! Go! Nippon! ~My First Trip to Japan~,13,0.6927443549853939
Goblin Storm,14,0.6979155923869528
Goblins of Elderstone,4,0.650665782292235
God Of Weapons,0,0.618993945762645
God of War,0,0.7971658898928962
God's Trigger,6,0.5492572128081096
Godhood,4,0.6960672169469719
Gods Will Be Watching,0,0.6619740564707758
Gods of the Fallen Land,0,0.7211846922438008
Godsvivors,0,0.560512105281439
Going Medieval,0,0.5648609683799064
Going Under,0,0.5667051557508568
Golden Krone Hotel,0,0.674704148686846
Golden Light,0,0.5922453632795839
Golem Gates,4,0.6279215673594122
Golfie,4,0.7091141105425753
Golgotha,0,0.5631734913371635
Gomo,7,0.5971680624531541
Goobies,12,0.5665633726784983
Goose Goose Duck,0,0.6988303823270765
Gordian Quest,0,0.651114801642769
Gorogoa,14,0.8538096564353974
Grand Ages: Rome,0,0.4829461283428288
Grand Theft Auto III,0,0.5633898158929778
Grand Theft Auto IV: The Complete Edition,0,0.46220054421922646
Grand Theft Auto V Legacy,0,0.520214082672665
Grand Theft Auto: Episodes from Liberty City,0,0.45941522822927156
Grand Theft Auto: San Andreas,0,0.6065662005434203
Grand Theft Auto: San Andreas – The Definitive Edition,0,0.7378670698545127
Grand Theft Auto: Vice City,2,0.3296730846027658
Grandpa High on Retro,1,0.543951855246685
Granny,0,0.7649701174865048
Granny Simulator,1,0.45524014814661906
Granny: Chapter Two,0,0.6036034481468192
Granny: Escape Together,1,0.43568192727409394
Graveyard Keeper,0,0.5723714027451633
Graveyard Keeper - Stranger Sins,4,0.5112775303296395
Gravitas,0,0.546105769749849
Gray Dawn,0,0.7193119560993728
Gray Zone Warfare,3,0.5033934148466801
Greed: Black Border,6,0.6058949033470966
GreedFall,0,0.6212891759034893
Green Hell,0,0.6418478385325584
"Gremlins, Inc.",0,0.5730911507966069
Grey Goo,0,0.6845048464343455
Grey Goo - Emergence Campaign,7,0.3586354173567051
Grey Goo - Soundtrack,5,0.457387783669934
Gridiron Solitaire,0,0.6735100345146078
Griftlands,0,0.5377696352221166
Grim Dawn,0,0.6025754743024467
Grim Dawn - Ashes of Malmouth Expansion,0,0.6990377862052818
Grim Fandango Remastered,0,0.7304848665103151
Grim Legends 3: The Dark City,0,0.6816179815785589
Grim Legends: The Forsaken Bride,0,0.6750259431565105
Grimmwood Open Beta,4,0.5231254175170952
Grindstone,8,0.49024686903613723
Grotto,0,0.6543630326010876
Grounded,2,0.5260989121182356
Growth,0,0.7161711171788223
Guacamelee! 2,0,0.6161406515933333
Guild of Dungeoneering Ultimate Edition,0,0.5263170939024333
Guildford Castle VR,7,0.5756641895004376
Gun Club VR,3,0.4427056287964196
GunSuit Guardians,0,0.6625371588411781
Gunfire Reborn,13,0.562967350562613
Gunfire Reborn - Visitors of Spirit Realm,0,0.5778271237340911
Gungrave G.O.R.E,0,0.6822804057813688
Gunlocked,0,0.591144910755433
"Gunner, HEAT, PC!",0,0.5027146459070052
Gunpoint,2,0.38293973790109803
"Guns, Gore & Cannoli",13,0.7356660442859797
HALF DEAD 2,2,0.4529974865733149
HARD BULLET,0,0.6499990206457671
HAWKEN REBORN,14,0.359197220360294
HELLCARD,17,0.6007884398228625
HELLDIVERS™ - Pistols Perk Pack,8,0.2769018328621045
HELLDIVERS™ - Ranger Pack,8,0.21927651306410498
HELLDIVERS™ - Specialist Pack,10,0.3622330036772482
HELLDIVERS™ - Support Pack,15,0.2942161499914485
HELLDIVERS™ - Terrain Specialist Pack,2,0.2811870838608689
HELLDIVERS™ - Vehicles Pack,4,0.4982179525176078
HELLDIVERS™ 2,0,0.4687636791364714
HELLDIVERS™ 2 - Upgrade to Super Citizen Edition,2,0.5329482428930092
HEX: Shards of Fate,14,0.47451737683436046
HITMAN World of Assassination,0,0.5925150975271742
HITMAN™,0,0.5469560127093801
HITMAN™ 2,3,0.48343225232884773
HOPE LEFT ME,15,0.5300713086900497
HOT WHEELS UNLEASHED™,2,0.633757598557384
HROT,0,0.43455408704720555
HUMANKIND™,0,0.6730499156909433
HYPERNOVA: Escape from Hadea,4,0.6485653660726225
Hades,0,0.6536213236363329
Halcyon 6: Starbase Commander (LIGHTSPEED EDITION),4,0.691244186142148
Half-Life,0,0.48791946189387303
Half-Life 2,0,0.40097174148572634
Half-Life Deathmatch: Source,1,0.3663073158839896
Half-Life Soundtrack,5,0.5483666166533987
Half-Life: Alyx,0,0.49020445731355683
Half-Life: Before,0,0.41374483721371164
Half-Life: Blue Shift,12,0.35446254091778107
Half-Life: MMod,2,0.4899865908309192
Half-Life: Opposing Force,2,0.4118266812046545
Half-Life: Source,2,0.4084280404896208
Halls of Torment,0,0.5972694260898525
Halo 2: Anniversary,6,0.7219633302835174
Halo 4,10,0.5056412816494338
Halo Infinite,4,0.7007984670967855
Halo: The Master Chief Collection,0,0.32499209542810703
Hammerting,4,0.6787262655848034
Hand Simulator: Horror,2,0.5426499792625002
Hand Simulator: Rendezvous,1,0.5146031307863026
Hand of Fate,0,0.6640508378882055
Hand of Fate 2,0,0.5930352604203184
Hand of the Gods,0,0.5225826275472418
Handy Harry's Haunted House Services,1,0.46538452451491297
Hard Reset Extended Edition,4,0.6839579252885435
Hard Truck Apocalypse / Ex Machina,7,0.5425126979901963
Hard West,3,0.66982016212497
Hard West 2,0,0.5845474075191082
Hardspace: Shipbreaker,0,0.6058444235883716
Hare In The Hat,4,0.5731119501258382
Hatred,0,0.5782728359992917
Haunt the House: Terrortown,2,0.5578515789387974
Headlander,0,0.6323420918257616
Heal,0,0.6146554510664393
Heart of the Machine,0,0.5693754395681252
Hearts of Iron III,0,0.5898337585992602
Hearts of Iron IV,0,0.4992365104588791
Heat Signature,0,0.44374059330813453
Heavenly Bodies,6,0.6918166254780356
Heavy Rain,7,0.6659496106018975
Hedon Bloodrite,16,0.12280895099597096
Hell Let Loose,0,0.47230632838111725
Hellblade: Senua's Sacrifice,0,0.6090029901148702
Hellblade: Senua's Sacrifice VR Edition,7,0.5858836763891497
Hellenica,0,0.612426790867898
Hellfire Tactics,0,0.7136435217064964
Hellish Quart,0,0.4617675024741472
Hello Neighbor,0,0.6416220409749704
Hello Neighbor 2,0,0.6722303837167307
Hello Pollution!,0,0.5714949374934148
Hellpoint: The Thespian Feast,4,0.6614155797084412
Her Story,7,0.5957749170538814
Heretic's Fork,0,0.6795973183110783
Hero Generations: ReGen,0,0.7253580883423852
Hero Realms,0,0.5014635611666591
Hero of the Kingdom II,0,0.6582690149387854
Hero of the Kingdom: The Lost Tales 1,2,0.44443643203279504
Hero's Hour - Supporter Pack,9,0.39808942771522055
Heroes & Generals,2,0.4708661024421341
Heroes & Legends: Conquerors of Kolhar,7,0.405681520678213
Heroes of Hammerwatch,0,0.6791613637682525
Heroes of Might & Magic V: Tribes of the East,0,0.713920085504887
Heroes® of Might & Magic® III - HD Edition,0,0.7454616556552043
Herolike,4,0.7586538736039429
Hexcells,0,0.5971782759832305
Hexcells Infinite,0,0.4685811108165623
Hexcells Plus,0,0.5410828700585875
Hexdoku,16,0.41397404870378685
Hexologic,16,0.6450742063436149
Hidden Folks,4,0.4408506019667299
High On Life,10,0.6354225966430501
HighFleet,16,0.3939874820561724
Highlands,0,0.6661248735890841
Highway Blossoms,7,0.38452463443858204
Hinedere Beat,7,0.5610744417911331
Hitchhiker - A Mystery Game,0,0.5740346055089052
Hitman 2: Silent Assassin,1,0.4903173368809206
Hitman: Absolution™,0,0.5783386048738771
Hitman: Blood Money,0,0.4859543803064089
Hitman: Contracts,0,0.49615076271210695
Hocus Pocus,0,0.5020866335026701
Hogwarts Legacy,7,0.40401541311843503
Hollow Knight,0,0.6007322671059039
HoloCure - Save the Fans!,0,0.5756095386929785
Holyday City: Reloaded,5,0.5877386506065342
Home Wind,1,0.5759023742472207
Homefront,0,0.6542042942746614
Homefront: The Revolution - Beyond the Walls,7,0.4971670898363094
Homefront®: The Revolution,0,0.6205488882802164
Homefront®: The Revolution - Aftermath,2,0.46890218293749575
Homeworld Remastered Collection,10,0.40680775603382846
Homeworld: Deserts of Kharak,0,0.5673105841707989
"Honey, I Joined a Cult",0,0.6892074133221486
Honkai Impact 3rd,4,0.608105246644163
Hook,0,0.45284603933394985
Horizon Forbidden West™ Complete Edition,0,0.5624029814204204
Horizon Zero Dawn™ Complete Edition,0,0.5685377578332418
Hot Brass,0,0.4910434476760758
"Hot Dogs, Horseshoes & Hand Grenades",0,0.47858495694625125
Hot Lava,0,0.6038526045749477
Hotline Miami,0,0.3999864374080809
Hotline Miami 2: Wrong Number,15,0.4532994398836462
House Party,0,0.5511098405881616
House Party - Explicit Content Add-On,6,0.29480032473576223
House of Detention,1,0.40366081112307045
How Fish Is Made,7,0.4668443716738797
How To Punish A Witch,0,0.4908341417045009
Human Fall Flat,0,0.6477530920187484
Human Resource Machine,0,0.5325215737002026
Hunchback's Dungeon,2,0.4414048508646409
HuniePop,0,0.4883820294084043
HuniePop 2: Double Date,1,0.4037980850987067
Hunkenstein,0,0.5635529647657596
Hunt the Pale Gods,0,0.7111972908828373
Hunt: Showdown 1896,0,0.59232255882323
Hyperdimension Neptunia U: Action Unleashed,10,0.43059550798069834
Hypnospace Outlaw,1,0.3520393455320409
I Am Bread,10,0.4240410242849348
I Can't Believe It's Not Gambling,15,0.3881101240810991
I am not a Monster: First Contact,0,0.6191567168476866
I got a cat maid,2,0.4837498633053626
ICARUS,0,0.44892348079189187
ICEY,7,0.5033181868742364
ICY: Frostbite Edition,0,0.7116431964356225
IL-2 Sturmovik: Battle of Stalingrad,0,0.614814437696867
IMMORTALITY,2,0.4077041075086298
INDUSTRIA,0,0.6778653158762159
INMOST,0,0.7059667548263834
INSIDE,0,0.46637677592609883
INSURGENCY: Modern Infantry Combat,11,0.6604647486347377
IS Defense,1,0.33836876962914547
ISLANDERS,0,0.5550809307738864
ITTA,0,0.44939001430218506
IXION,0,0.5914749018500887
Icarus: New Frontiers Expansion,2,0.610894094212187
Ice and Fire of Maiden,0,0.7033767179279289
Idle Baker Boss,0,0.5710443425523849
Idol Manager,0,0.5724454885252808
Immersion Pack - Europa Universalis IV: Golden Century,3,0.5405330686901157
Immersion Pack - Europa Universalis IV: Lions of the North,0,0.630904766963149
Immortal Planet,0,0.6487224587490237
Immortal Redneck,0,0.5410155981965417
Imp of the Sun,0,0.6256591668706357
Impact Winter,3,0.42873657753267475
Impaler Gold,0,0.6682273745730858
Imperator: Rome,0,0.47857946931624346
Impossible Creatures Steam Edition,0,0.7573928609150166
In Celebration of Violence,4,0.7003477576910317
In Death,0,0.47628844709708096
In Silence,1,0.40781227316122587
In Sound Mind - Deluxe Edition Artbook,9,0.6013773668795344
In Sound Mind Soundtrack,5,0.5032730830108904
Inari,0,0.6326738195170309
Incursion Red River,6,0.20699717185967398
Indies' Lies,4,0.5986899354788491
Indigo Park: Chapter 1,0,0.7236371837241447
Industries of Titan,6,0.5191539310772666
Infectonator: Survivors,1,0.39124470723974714
InfraSpace,0,0.6805585036690714
Inkborn Combat Demo,0,0.6432383106335029
Insane Robots,0,0.4806712933218129
Inscryption,0,0.43421791522555236
Inside the Backrooms,12,0.22879498162732764
Insurgency,1,0.4043399949376947
Insurgency: Sandstorm,1,0.4884245278104143
Interplanetary,5,0.2743679369505316
Into The Gloom,0,0.75212497055914
Intravenous,0,0.5753560024631532
"Invisible, Inc.",0,0.5879259290424075
Ion Fury,0,0.6555826470807211
Iron Harvest,4,0.6528166315006958
Ironclad Tactics,0,0.6655791258462902
Island Saver,0,0.6297767354617445
Islands of Insight,0,0.7471402242114784
Isle of Arrows,0,0.61895959124996
Isles of Adalar,0,0.6493304626531716
Isles of Sea and Sky,0,0.6147350056609546
Isonzo,0,0.6243328315414653
It Lurks Below,4,0.6340670547634493
It Takes Two,0,0.7387322415767057
JBMod,11,0.6028424174957394
JUSTICE SUCKS: Tactical Vacuum Action,0,0.5607784832416264
Jagged Alliance - Back in Action,0,0.7076916874316674
Jagged Alliance 1: Gold Edition,0,0.6483304432504748
Jagged Alliance 3,0,0.5313159701007902
Jalopy,3,0.641834997769821
Jet Island,0,0.5254410875449581
Journey,5,0.28418345830405844
Journey To The Savage Planet,17,0.4463582662827019
Journey of a Roach,0,0.636050640071544
Journey to the West,0,0.48507405311471385
Juicy Realm,0,0.5714969253305779
Jurassic Park: The Game,7,0.6060962094726131
Jurassic World Evolution,4,0.6375053197695659
Jusant,1,0.5170035209862078
Just A Humble Swordsmith,0,0.6180225161664773
Just Cause,8,0.48660419570816676
Just Cause 2,2,0.4030677204944947
Just Cause 2: Monster Truck DLC,5,0.3322303231888044
Just Cause 2: Multiplayer Mod,0,0.45999150051151094
Just Cause 4 Reloaded,0,0.5640012789015846
Just Cause™ 3,0,0.4756771467492139
Just King,0,0.6843064247867273
Just Survive,0,0.5474859864998466
KARDS - The WW2 Card Game,0,0.6530307133991564
KIBORG,10,0.46962472584871084
KINGDOM of the DEAD,5,0.49862251335040936
KNIGHTS,0,0.4551354010771691
Kainga: Seeds of Civilization,0,0.6759921305014892
Kane & Lynch 2: Dog Days,0,0.5432623524014026
Karradash - The Lost Dungeons,0,0.5394208642125725
Katana ZERO,0,0.6348471332345847
Kathy Rain,2,0.6181596273759341
Kayak VR: Mirage,17,0.24033634191361122
Kaze and the Wild Masks,0,0.641479814322953
Keep Talking and Nobody Explodes,6,0.5581896565402924
Kemono Teatime Demo,7,0.5515355684656309
Ken Follett's The Pillars of the Earth,0,0.6476342133287699
Kenshi,4,0.5809500974947063
Kentucky Route Zero: PC Edition,0,0.6145539356078815
Kerbal Space Program,0,0.4762414610791188
Kerker,16,0.4205156803509327
Kholat,0,0.6901204215398207
Kill It With Fire,15,0.5010177253379848
Kill to Collect,0,0.7036360896428311
Killer is Dead - Nightmare Edition,8,0.6664080671671386
Killing Floor,0,0.5295465706083324
Killing Floor 2,0,0.4112988066129877
Killing Room,0,0.6544970174957876
Kilta,0,0.6915195725763309
Kimmy,0,0.5131714969297598
Kind Words (lo fi chill beats to write to),9,0.5445607777941823
Kindergarten,1,0.5566221438838945
King Arthur: Knight's Tale,1,0.46945337292548944
King's Bounty: The Legend,0,0.6472026968615083
Kingdom Come: Deliverance,0,0.5608883678495613
Kingdom Rush  - Tower Defense,0,0.531954426209744
Kingdom Rush Frontiers - Tower Defense,0,0.5931941158615361
Kingdom Rush Origins - Tower Defense,0,0.5399836712656656
Kingdom Two Crowns,9,0.391489079034224
Kingdom: New Lands - Skull Island,2,0.38891990307511926
Kingdoms and Castles,0,0.6383314923557653
Kings and Heroes,0,0.7061971951447508
Kings of Israel,0,0.5232794580616402
Knights in Tight Spaces Demo,4,0.687344412785698
Knights of Pen and Paper +1 Edition,0,0.5094606527626118
Knock on the Coffin Lid,0,0.6261739369359193
Knytt Underground,0,0.6911156617766043
Kohan II: Kings of War,0,0.7263597749845271
Kohan: Ahriman's Gift,4,0.6797215263677105
Kona,0,0.5159596940885304
Kynseed,0,0.5992133439133595
L.A. Noire,0,0.4452898708373697
LARA CROFT AND THE TEMPLE OF OSIRIS™,0,0.4532783154704387
LEAVES - The Journey,0,0.668587262427762
LEAVES - The Return,7,0.37720733038292376
LEGO® City Undercover,1,0.48591276226511126
LEGO® Indiana Jones™: The Original Adventures,4,0.49295418401821245
LET IT DIE,6,0.712674830858913
LEWDAPOCALYPSE Guns&Roses,2,0.5250271219052541
LEWDAPOCALYPSE Hentai Evil,0,0.5048418400811281
LOK Digital,0,0.7646303524325786
LONESTAR,4,0.6104004792062818
LOST PLANET® 3,0,0.7071285342057653
LOVE,0,0.6485122974462323
LUFTRAUSERS,0,0.5138569609634028
LVN Fake News,7,0.5940533149719802
Labyrinth,0,0.4598496563960054
Labyrinth of the Witch,0,0.6331378429939528
Lacuna – A Sci-Fi Noir Adventure,0,0.7197534312254845
Lake,0,0.5225957694823395
Landnama,0,0.5763928144103663
Lara Croft GO,4,0.633062273894555
Lara Croft and the Guardian of Light,6,0.6713199931110914
Last Day of June,0,0.6212522121572742
Last Epoch,0,0.5537590280931964
Last Horizon,0,0.7649941201119481
Last Kingdom - The Card Game,4,0.5968400613840512
Last Oasis,10,0.3911315390653002
Last Regiment,0,0.6035817822551937
Late Shift,3,0.49347162749906615
Lawn Mowing Simulator,1,0.46590125382602
Layers of Fear (2016),7,0.5887327840504614
Le Havre: The Inland Port,0,0.5096607809232336
Learn to Fly 3,0,0.6217376834213948
Leave No One Behind: Ia Drang,4,0.43408724047821656
Left 4 Dead,0,0.4726335421466202
Left 4 Dead 2,0,0.5783342622340483
Legacy of Kain: Soul Reaver,17,0.6039363845354735
Legend of Grimrock,0,0.7062824082889113
Legend of Grimrock 2,0,0.7394564127773224
Legend of Keepers: Prologue,4,0.6976015472656394
Legion TD 2 - Multiplayer Tower Defense,0,0.7119741941443823
Leisure Suit Larry - Wet Dreams Don't Dry,1,0.405971328037021
Lemnis Gate,3,0.44828094618674863
Lethal Company,1,0.42028157316909126
Lexica,0,0.5901891603404209
Liar's Bar,6,0.36169876116429633
Lichdom: Battlemage,0,0.683461745528912
Life in Bunker,0,0.5664932804245744
Life is Feudal: Your Own,2,0.4812231777294088
Life is Strange - Episode 1,0,0.612002555652282
Life is Strange 2,0,0.523423563647633
Life is Strange: Before the Storm,0,0.4989377535046839
Life is Strange: Before the Storm Episode 3,0,0.6156599235356671
Life is Strange: Before the Storm Farewell,0,0.5198409406555374
Lifeless Planet Premier Edition,0,0.6334383532699737
Lightmatter,4,0.5963495069793505
Lilycle Rainbow Stage!!!,7,0.6052838010787893
Little Big Workshop,0,0.7645014331937267
Little Inferno,7,0.3180191941680983
Little Misfortune,0,0.6099825555718601
Little Nightmares,0,0.5464700574790915
Little Nightmares II,0,0.4273121296191516
Loading Screen Simulator,3,0.36278116086746554
Lobotomy Corporation | Monster Management Simulation,0,0.6509063577711007
Loop Hero,0,0.6380845807618892
Loot Rascals,15,0.46627950798684203
Loot River,0,0.7329618805245581
Lords Of The Fallen™ 2014,0,0.4902809314689537
Lords and Villeins,4,0.6155397348587176
Lords of War,13,0.5821607763896557
Lords of Xulima,4,0.7256764838233196
Lords of the Realm II,0,0.5214515068168302
Lossless Scaling,3,0.5119526188616323
Lost Civilization,0,0.48484838142333464
Lost in Vivo,0,0.501301454149166
Love Esquire - RPG/Dating Sim/Visual Novel,9,0.2657404649010003
Love Ribbon,7,0.6049606080383536
Love Thyself - A Horatio Story,0,0.629202628019973
Love of Magic,0,0.5919008454972999
Luck be a Landlord,0,0.6053533180682971
Lumencraft,0,0.722836470820422
Lumino City,4,0.5876616084718569
Luna's Fishing Garden,0,0.6549886421172377
Lunch Lady,6,0.526327280467149
Lust from Beyond: Prologue,9,0.5199916539387156
Lust from Beyond: Scarlet,0,0.6073861536347922
MARVEL Puzzle Quest,1,0.41279743482881937
MARVEL SNAP,0,0.6094874301962276
MASSIVE CHALICE,4,0.6191286920217653
METAL BEANS,3,0.4924315428608441
METAL GEAR SOLID - Master Collection Version,8,0.7084162646212613
METAL GEAR SOLID 3: Snake Eater - Master Collection Version,1,0.3385857034014329
METAL GEAR SOLID V: GROUND ZEROES,0,0.5595552072804308
METAL GEAR SOLID V: THE PHANTOM PAIN,0,0.5544136584871606
METAL GEAR SOLID V: THE PHANTOM PAIN - Jumpsuit (EVA),9,0.3511068229526042
MIAZMA or the Devil's Stone,0,0.7131247504593176
MIND: Path to Thalamus Enhanced Edition,0,0.5775412999580662
MISTROGUE: Mist and the Living Dungeons,0,0.6521128461281676
MMA Arena,0,0.6247757212602569
MONMUSU,13,0.38949011438297876
MONOPOLY® PLUS,0,0.5476647357794411
MORDHAU,0,0.461018250689509
MOTHERGUNSHIP,6,0.4668516520274292
Machina Blade,7,0.6327754319800278
Machinarium,0,0.525971915760862
Mad Max,0,0.6576680648145667
Made in Abyss: Binary Star Falling into Darkness,0,0.6790874295576503
Maelstrom,0,0.6282978046933042
Mafia,2,0.4929311989163315
Mafia II (Classic),3,0.6226752018258759
Mafia III: Definitive Edition,8,0.6746914542097964
Mafia III: Stones Unturned,0,0.5970745586600874
Mafia: Definitive Edition,0,0.3527248620501725
MageQuit,0,0.6042498044017947
Magic Archery,0,0.3871278211328999
Magic Duels,0,0.5935234372931311
Magic Potion Destroyer,4,0.6277094775186233
Magic Potion Explorer,0,0.621170898958506
Magic Potion Millionaire,0,0.5879813128289634
Magic of Autumn,0,0.714019998246086
Magical Diary: Horse Hall,7,0.36859287298107535
Magicka,0,0.5666097524935346
Magicka 2,6,0.7587867502711763
Magicka: Dungeons and Daemons,0,0.6773111277587153
Magicka: Dungeons and Gargoyles,2,0.578681534191751
Magicka: Final Frontier,2,0.5159770962027486
Magicka: Free Jolnirs Workshop,2,0.47479893626271963
Magicka: Frozen Lake,2,0.53704282113569
Magicka: Grimnir's Laboratory,0,0.5224407619105909
Magicka: Horror Props Item Pack,2,0.529294113807642
Magicka: Marshlands,2,0.4903327598163918
Magicka: Nippon,2,0.6010838269525803
Magicka: Party Robes DLC,2,0.5314518127596848
Magicka: The Other Side of the Coin,0,0.6148497035393604
Magicka: The Stars Are Left,0,0.6626075108213858
Magicka: Vietnam,0,0.6066995407282033
Magicka: Wizard's Survival Kit,2,0.531312146933647
Mahokenshi - The Samurai Deckbuilder,4,0.7037527865803036
ManaRocks,0,0.5476658397733414
Maneater,1,0.3064908029760588
Maneater: Truth Quest,0,0.634717583489991
Manhunt,8,0.5636340404045589
Maniac,0,0.6326275887051434
Manifold Garden,0,0.6097070381330524
Manna for our Malices,9,0.45629641959466793
Manor Lords,2,0.5938553030888045
Manual Samuel - Last Tuesday Edition,0,0.6259993762642263
MarZ: Tactical Base Defense,0,0.7602982383306035
Marble It Up! Ultra,5,0.5323036107861526
Mark of the Ninja: Remastered,0,0.5245308593581082
Mars Horizon,4,0.6111414712255523
Mars Power Industries Deluxe,0,0.644028395780432
Marvel Rivals,0,0.5146405878295294
Marvel's Avengers - The Definitive Edition,10,0.35073798958692176
Marvel's Guardians of the Galaxy,7,0.6132713412714511
Marvel's Guardians of the Galaxy: The Telltale Series,7,0.5757159587035141
Marvel's Midnight Suns,0,0.5412141797418893
Marvel’s Spider-Man Remastered,0,0.5950019454805859
Marvel’s Spider-Man: Miles Morales,0,0.6838608086694193
Mass Effect (2007),0,0.6243630185546734
Mass Effect 2 (2010 Edition),0,0.5431308497522215
Mass Effect™ 3 N7 Digital Deluxe Edition (2012),3,0.5760431262038246
Mass Effect™ Legendary Edition,1,0.2877392098854872
Mass Effect™: Andromeda Deluxe Edition,0,0.60922734361378
Master of Orion,4,0.40763370818271927
Max Payne 2: The Fall of Max Payne,0,0.5314458081593855
Max Payne 3,0,0.47257071513098714
Max Payne 3 Rockstar Pass,6,0.5318661675482806
Maximum Override,3,0.6098291248680012
McPixel,1,0.4161902099643613
McPixel 3,0,0.6552311598660072
MechWarrior 5: Clans,0,0.5322666769458839
MechWarrior 5: Mercenaries,0,0.6881647759130283
Mechabellum,0,0.5895976356102395
Medal of Honor: Airborne,8,0.6725146046466186
Medal of Honor™,0,0.492813876508676
Medal of Honor™: Above and Beyond,0,0.6451334944111531
Medieval Kingdom Wars,0,0.7312165142059239
Medievalien,4,0.7469117921855202
Melty Blood Actress Again Current Code,17,0.44581060439510184
Men of War: Assault Squad 2,2,0.4707907332249821
Menace from the Deep,0,0.5643094377963861
Mercenary Kings: Reloaded Edition,0,0.6779701817032666
Merchant of the Skies,0,0.6486887284848366
Mercury Fallen,0,0.6463035266395948
Metal Unit,0,0.717984945993696
Metaverse Keeper / 元能失控,4,0.3097302868498557
Metel - Horror Escape,0,0.6601340760156983
Metro 2033,0,0.6686925587004952
Metro 2033 Redux,0,0.48831838979500086
Metro Exodus,0,0.5107377004490302
Metro Exodus - The Two Colonels,2,0.5654436520604735
Metro Exodus Expansion Pass,0,0.60726707332226
Metro: Last Light Redux,0,0.5383067759141729
MewnBase,4,0.7835973526075815
Microsoft Flight Simulator (2020) 40th Anniversary Edition,2,0.3943316923544628
Middle-earth™: Shadow of Mordor™,0,0.47958548306765447
Middle-earth™: Shadow of War™,0,0.5690054141668858
Midnight Protocol,0,0.6853687098754009
Might & Magic: Clash of Heroes,0,0.6498187884231555
Mighty No. 9,4,0.4131705423006945
Milfy City - Final Edition,1,0.3115002643193423
Militia,12,0.5010482137966322
Milk outside a bag of milk outside a bag of milk,1,0.4056594381350354
Mind Games,0,0.6530236531089458
Mind Over Magic,4,0.6124540697500661
Mind Scanners,0,0.4373646437656592
Mindustry,4,0.7129687835404279
Minecraft Dungeons,0,0.5733506467762697
Mini Motorways,0,0.4337671948929989
Mini Z Racers Turbo,0,0.6970897126041815
Mining Mechs,2,0.43652129159618946
Minion Masters,0,0.6128998565733672
Minoria,0,0.540039774208561
Minos Strategos,0,0.6089997994206744
Minschima,12,0.5138243919285982
Mirror's Edge™,0,0.5126595831201053
Mirror's Edge™ Catalyst,0,0.6131941402712285
Miscreated,0,0.5370271137471143
Missile Cards,0,0.47864665817965785
Missing Translation,12,0.31260617465191265
Mitos.is: The Game,6,0.4886851209257645
Modern Combat Versus,0,0.5410853487180909
Moebius: Empire Rising,0,0.6865873293584
Monastery,0,0.5649736687964706
Monster Hunter Stories 2: Wings of Ruin,3,0.6860426886545964
Monster Hunter: World,0,0.5014743866977674
Monster Loves You!,0,0.6565174043429176
Monster Prom,6,0.6467258651984462
Monster Slayers,0,0.594297893039122
Monster Slayers - Advanced Classes Unlocker,2,0.5907207958119323
Monster Train,0,0.6215961136540091
Monster Train 2,4,0.6295248172715658
Monument,14,0.6218269752319779
Moonlighter,4,0.6066831725519867
Moonlighter: Between Dimensions,0,0.7218443238969946
Moonring,0,0.689489671574309
Mordheim: City of the Damned,4,0.648371080302331
Morphblade,9,0.36718586067430625
Mortal Glory,4,0.6552219010794346
Mortal Shell,0,0.45203364496040543
Moss,0,0.6824182252369211
Motor Town: Behind The Wheel,0,0.5468548072032949
Motorsport Manager,4,0.3653135095099645
Mount & Blade,0,0.5593378576274933
Mount & Blade II: Bannerlord,0,0.4587422361766
Mount & Blade: Warband,0,0.49628313420330367
Mountain,2,0.4195581667556074
Mountain Crime: Requital,7,0.6641310719234252
Mouthwashing,7,0.6112263073457022
Moving Out,0,0.681438155295846
Mr. Robot,0,0.7159689094825694
MultiVersus,0,0.523810336592481
Murasaki,0,0.6026885351295102
Murdered: Soul Suspect,12,0.61934746136418
Musaic Box,0,0.5589335502864053
Muse Dash,0,0.5834761143593377
Museum Mystery: Deckbuilding Card Game,0,0.6147260344024748
Mushroom 11,16,0.40529009305236674
Mutant Year Zero: Road to Eden,0,0.535502218289056
Mutant Year Zero: Road to Eden - Fan Edition Content,2,0.4426152119878958
Mutant Year Zero: Seed of Evil,0,0.647573910485632
My Bones,2,0.5593390521320388
My Friend Pedro,0,0.6461780840750159
My NAUGHTY Shotgun,10,0.2493133509097687
My Singing Monsters,5,0.4448798494022608
My Sticker Book,9,0.6202058715152614
My Summer Car,1,0.5212963293149472
My Time at Portia,0,0.5918756221333884
My Train Arrives,4,0.6281280938426396
Mystic Gate,14,0.7225982524333119
Mystic Vale,0,0.5239972126571183
Mythgard,4,0.6446264831830206
Mythic Wonders: The Philosopher's Stone,7,0.5894229734550958
Mythical Mayhem,0,0.52021203087448
NBA 2K20,15,0.4136445728014236
NBA 2K21,15,0.36153319596866573
NBA 2K25,17,0.5483612427010355
NEKO-NIN exHeart,10,0.27206802497077787
NEOVERSE,0,0.6400091326625895
NETHER DUNGEONS,0,0.5338509435800323
NEXT JUMP: Shmup Tactics,0,0.6990086610302962
NIMRODS,4,0.7220655182808595
Nadir: A Grimdark Deckbuilder,0,0.6546180054309417
Nantucket,0,0.6006070297546093
Narcos: Rise of the Cartels,0,0.6170240971616303
Nation Red,15,0.4462347544460872
Nautical Survival,0,0.5629571962693163
Nebuchadnezzar,0,0.41195108200745856
Neckbreak,0,0.6451579317270167
Necken,0,0.6848116786048386
Necronator: Dead Wrong,0,0.7576936327324013
Necrophosis,0,0.6169422262425381
Need for Speed Undercover,2,0.5270639835037048
Need for Speed™,16,0.34576055493956975
Need for Speed™ Heat,3,0.49997641982932844
Need for Speed™ Hot Pursuit Remastered,0,0.45956676693680315
Need for Speed™ Payback,4,0.5607780265082909
Need for Speed™ Rivals,4,0.6434697865851824
Need for Speed™ Unbound,15,0.6917064840464537
Need to Know,0,0.541867179124111
Nefertari: Journey to Eternity,5,0.5375863810387118
Neo ATLAS 1469,0,0.5812935987985477
Neon Abyss,0,0.4979086813871743
Never Alone (Kisima Ingitchuna),0,0.647560679541985
New Cycle,0,0.680145989377285
New Super Lucky's Tale,0,0.707515862188615
Nex Machina,0,0.7171853504625667
Ni no Kuni Wrath of the White Witch™ Remastered,0,0.5471486732809212
NieR:Automata™,0,0.540929902923124
Night of the Dead,16,0.38609647281433856
Nightmare Kart,8,0.6787810256762493
Nightmare Reaper,0,0.6626381279582119
Nightmare of Decay,0,0.7024753025682391
Nikopol: Secrets of the Immortals,12,0.5150106616927035
Ninja Cats vs Samurai Dogs,0,0.7084313121585123
Nioh: Complete Edition,6,0.4862126471687862
Nitro Kid,0,0.649145092695315
No Man's Sky,0,0.6370278135506373
No More Room in Hell,0,0.6274765177269351
No More Room in Hell 2,0,0.6121528943943151
No Place Like Home,4,0.7305031487894355
No one lives under the lighthouse Director's cut,1,0.6363145467355888
Nobody Saves the World,4,0.5336432275158424
Noita,1,0.5272722875956355
Nordic Ashes: Survivors of Ragnarok,0,0.43392435343880953
Northgard,0,0.5521244383378047
"Northgard - Brundr & Kaelinn, Clan of the Lynx",2,0.6446833669710237
"Northgard - Hræsvelg, Clan of the Eagle",2,0.6785500642645869
"Northgard - Nidhogg, Clan of the Dragon",11,0.34846351646991097
Northmark: Hour of the Wolf,0,0.683965644909881
Not For Broadcast,12,0.4379370395613572
Not Tonight,1,0.2534373070706129
Novus Orbis,0,0.6324784801801618
Nowhere Prophet,0,0.5560097342976273
Nuclear Throne,0,0.4875022766511775
Nurse Love Addiction,2,0.5460350535207956
Nyheim,4,0.7546452901799954
OMFG: One Million Fatal Guns,0,0.5448430282005827
ONE PIECE: PIRATE WARRIORS 4,0,0.5690400080695219
OPUS: Echo of Starsong - Full Bloom Edition,0,0.7038180132918614
OTXO,15,0.8059824686044639
OUTRIDERS,3,0.46999697172646415
Oats Studios - Volume 1,7,0.46109923726204255
Obduction,7,0.5837221392069502
Obey Me,0,0.6150332662456374
Obscure,0,0.5357264334221856
Observer: System Redux,0,0.6127685911126168
Occult,0,0.46615540224027463
Oddworld: Munch's Oddysee,7,0.4341633670285856
Oddworld: New 'n' Tasty,0,0.6220011583478922
Offworld Trading Company,0,0.5210804518090353
Okinawa Rush,1,0.3851444363040878
Oknytt,0,0.6943819547974196
Old Man's Journey,1,0.5258644056645605
Omen Exitio: Plague,3,0.45917638176659215
Omensight: Definitive Edition,0,0.6797322690081136
Omerta - City of Gangsters,11,0.513579429877502
Omno,2,0.4853668818247958
Once Human,0,0.5820101118878401
One Deck Dungeon,0,0.6004651860597776
One More Island,0,0.6201524778754308
One Way Heroics,0,0.5453570695380848
Onirim - Solitaire Card Game,0,0.5859134761554539
OpenTTD,0,0.5809677288090717
Operation: Tango,0,0.5478269956343018
Opus Magnum,0,0.47447421363431647
Orb of Creation,0,0.717910388089039
Orcs Must Die! 3,0,0.5571387858854185
Orcs Must Die! 3 - Tipping the Scales DLC,2,0.6045457131182044
Order of Battle: World War II,0,0.5746995197038787
Orgasm Simulator 2023,0,0.5488088883935487
Ori and the Blind Forest,0,0.677719646900371
Ori and the Will of the Wisps,0,0.6302914219987656
Ortus Regni,0,0.5896238084941221
Orwell: Ignorance is Strength,7,0.534999160677461
Orwell: Keeping an Eye On You,0,0.515908645623333
Othercide,4,0.754600756345464
Our Darker Purpose,0,0.7359059640115366
Outer Wilds - Echoes of the Eye,0,0.5471926424804912
Outland,0,0.5352639278639859
Outlast,0,0.5726455880670566
Outlast 2,0,0.6335529856080137
Outward Definitive Edition,0,0.34213858451094736
Overboard!,0,0.6513325741597221
Overcooked! 2,0,0.6649525553128917
Overcooked! All You Can Eat,0,0.6258304442104496
Overdungeon,0,0.5474138873543605
Overgrowth,11,0.7342216951313248
Overlord™,0,0.48859581955251763
Owl Watch,9,0.5903538085218322
Oxenfree,0,0.7107608519958427
Oxygen Not Included,0,0.5495943616762258
Ozymandias: Bronze Age Empire Sim,0,0.6653818457835223
PAYDAY 2,0,0.5348122257317681
PAYDAY 3,0,0.4679459871473593
PGA TOUR 2K23,4,0.6244194425682063
POSTAL 2,1,0.34882163151149775
POSTAL 4: No Regerts,2,0.386306716008467
POSTAL Redux,13,0.47841590696944836
PRICE,0,0.6838726001179245
PRO EVOLUTION SOCCER 2019,3,0.47367391734977105
PUBG: BATTLEGROUNDS,2,0.46752397914387556
PUNCH FIT,2,0.40060055024210506
PUTRID SHOT ULTRA,0,0.6868254882388996
Pact with a witch,0,0.5520471355151773
Paint the Town Red,1,0.5014100212936197
Paladin's Oath,0,0.7493352549663079
Paladins®,0,0.5855573231600357
Paleon,0,0.6781830400737808
Palia,0,0.6381651007923851
Pan'orama,15,0.48646940253556753
Pantheon: Rise of the Fallen,0,0.762030939421315
Panzer Corps 2,0,0.5899241998384623
Paper Planet,0,0.6297847811839352
"Papers, Please",0,0.6025977909479242
Paradise Killer,0,0.7534658184570828
Paradox: A Rusty Lake Film,0,0.6359380571141746
Paratopic,0,0.6741139875650742
Parkasaurus,4,0.6914496383768425
Parkitect,4,0.48984947658454076
Parliament - Parlement,9,0.595667916304129
Partisans 1941,0,0.6725728566911928
Party Hard,0,0.7108123738190626
Patch Quest,0,0.7339121949690167
Path of Exile,0,0.4930115064109192
Path of Exile 2,0,0.661173628310958
Pathfinder Adventures,2,0.565501021413625
Pathfinder: Kingmaker — Enhanced Plus Edition,0,0.676825339731217
Pathfinder: Wrath of the Righteous - Enhanced Edition,0,0.6551901161232853
Patrick's Parabox,0,0.6790537755318946
Patron,4,0.6154042615177282
Pavlov's House,0,0.4709551778543123
Pawnbarian,0,0.6315719826775471
Pax Dei,0,0.7019768393660328
Peaky Blinders: Mastermind,13,0.5831328006727423
Pentiment,0,0.6069668577344827
Penumbra: Black Plague Gold Edition,0,0.4748609872862509
People Playground,1,0.385155680116951
Perdition,0,0.5373789860912079
Perfect  Dice,4,0.42437436780477944
Persona 4 Arena Ultimax,8,0.8178942302940333
Persona 4 Golden,0,0.4999379938797395
Persona 5 Royal,8,0.54149186126872
Perspectives: Paradise,0,0.4352391956077085
Phantasmagoria 2: A Puzzle of Flesh,0,0.6608676067263595
Phantasy Star Online 2 New Genesis,5,0.5046236166237148
Phantom Brigade,16,0.40457570826739386
Phantom Doctrine,4,0.6302408683273453
Phantom Fury,0,0.7152457172426117
Phasmophobia,1,0.420923427068403
Phobies,0,0.6778981984135797
Phoenix Point,0,0.5125258265759131
Phoning Home,0,0.5830112613274636
Pillars of Eternity,0,0.6608995978370147
Pillars of Eternity - Deadfire Pack,2,0.5274608270979603
Pillars of Eternity - Royal Edition Upgrade Pack,2,0.50587215151692
Pillars of Eternity - The White March Part II,0,0.6391002139080882
Pillars of Eternity II: Deadfire,0,0.6487091101256552
Pinball Arcade,6,0.1749869503669358
Pinball Deluxe: Reloaded,4,0.7741145346207075
Pinball FX,4,0.5403417821014973
Pinball FX2 VR,3,0.6198791372413116
Pinball FX3,4,0.7182718329857549
Pinball FX3 - Balls of Glory Pinball,4,0.7270127257770354
Pinball FX3 - Bethesda® Pinball,4,0.6495015865099094
Pinball FX3 - Carnivals and Legends,4,0.6388955178587838
Pinball FX3 - Marvel Pinball Avengers Chronicles,4,0.7464280795450562
Pinball FX3 - Marvel Pinball Original Pack,4,0.78765245425144
Pinball FX3 - Marvel's Women of Power,4,0.7356506333111362
Pinball FX3 - Star Wars™ Pinball,4,0.7219603102689044
Pinball FX3 - Star Wars™ Pinball: Balance of the Force,4,0.6857395588516696
Pinball FX3 - Williams™ Pinball: Volume 1,4,0.6638082960051414
Pinball FX3 - Williams™ Pinball: Volume 5,4,0.7720942423852422
Pinball M,4,0.6779121297556036
Pineapple on pizza,1,0.2767348495500534
Piratopia,0,0.344710729828853
Pit People®,0,0.6784329338798951
Pivross,0,0.6276844611149932
PixARK,0,0.5367390646828414
Pixel Heroes: Byte & Magic,4,0.6452299377071822
Pixel Strike 3D,1,0.45681079802524394
PixelJunk™ Monsters Ultimate,0,0.5003340093066544
Plague Inc: Evolved,1,0.3582193499800133
Plague Road,0,0.7400206621185716
Plan B: Terraform,0,0.47156210660891035
Planaris 2+,4,0.7005276010043773
Planescape: Torment: Enhanced Edition,7,0.5471443236368395
Planet Coaster - Knight Rider™ K.I.T.T. Construction Kit,2,0.5155824802482334
Planet Coaster - Quick Draw Interactive Shooting Ride,2,0.5069902806165467
Planet Coaster - Spooky Pack,2,0.5074677081513458
Planet Coaster - The Munsters® Munster Koach Construction Kit,2,0.6921435682891341
Planet Zoo: Oceania Pack,2,0.4741972786461238
Planet of the Eyes,4,0.7274076239451469
PlanetSide 2,0,0.590947406769464
PlateUp!,6,0.6577260805354262
Platformines,0,0.5666268777147969
Plot of the Druid: Nightwatch,0,0.657307765599805
Poker Championship,0,0.561768976240846
Poker Night 2,0,0.6017629251285939
Poker Quest: Swords and Spades,4,0.6392913813021879
Polandball: Can into Space!,8,0.7038759372619564
Police Stories,0,0.6605176877471955
Pool 2D - Poolians,6,0.5559900742188939
Portal,0,0.5688871999701205
Portal 2,0,0.5342343006870542
Portal Stories: Mel,0,0.6862093291839156
Portal: Revolution,0,0.6895929594625263
Post Void,0,0.5270764099778811
Postal III,0,0.46273182993377016
Power & Revolution 2019 Edition,3,0.7255728199930287
Power & Revolution 2021 Edition,3,0.656164108507026
Power of Ten,0,0.4754889027853819
PowerSlave Exhumed,0,0.6387737167433338
PowerWash Simulator,3,0.4966732648626251
Praise Dead,5,0.5331372855737593
Predator: Hunting Grounds,0,0.6274854454949317
Predynastic Egypt,0,0.6170819641662117
Prey,0,0.7085770133387281
Prey - Mooncrash,0,0.5649361258444687
Prey: Typhon Hunter,2,0.6415644772097024
Prime World: Defenders 2,0,0.6949311065017443
Prince of Persia®,0,0.6601975851861509
Prismata,0,0.6457422543644686
Prison Architect,0,0.6165159225850398
Prison Simulator Prologue,0,0.7538527683274104
Probability 0,12,0.3436425112966276
Prodeus,0,0.7354667264763569
Project Hospital,4,0.6291307609770518
Project Hospital - Department of Infectious Diseases,2,0.37576916913831704
Project Hospital - Doctor Mode,2,0.5305829956504048
Project Hospital - Hospital Services,2,0.5321855713355109
Project Hospital - Traumatology Department,4,0.39180549358911154
Project Malice,0,0.5545694806526413
Project Morpheus: Prologue,0,0.5183369899866795
Project Warlock,4,0.7662857548749968
Project Warlock II,0,0.7062588790513229
Project Zomboid,0,0.5186045209977443
Prototype 2,1,0.29152576306831707
Psychonauts 2,0,0.549874345593702
Pummel Party,6,0.5512907321264142
Punch Club,0,0.534632965535711
Puzzle Agent,0,0.6504049800808674
Puzzle Bots,0,0.6541192864413159
Puzzle Strike,16,0.4575112209465749
Puzzlement,0,0.6475047366424356
Pyre,0,0.7193273343433959
Pyrene,0,0.6220775718876429
Q.U.B.E. 2,0,0.7117200448084486
Q.U.B.E. 2 Season Pass,0,0.4724918467320238
Q.U.B.E: Director's Cut,0,0.7157430329418895
QUBE: Against the Qlock,0,0.6290996840743053
Quake,9,0.5214115679156002
Quake 4,0,0.47617991347805777
Quake Champions,10,0.33615057654527425
Quantum Break,0,0.6196609948397598
Quasimorph: End of Dream,0,0.6597147980796831
Quaver,4,0.6035233954531193
Quell Memento,0,0.5418150136944466
Quest Hunter,0,0.6197203180498805
Quiplash,2,0.49829020816541025
R.E.P.O.,2,0.46672693161150974
RAGE 2,0,0.5788654083395839
RAID: World War II,0,0.565448125003238
REMNANT II®,10,0.26121194741122067
REPLIKATOR,0,0.5760033480460625
REVEREND,0,0.652767731894491
RIOT: Civil Unrest,0,0.4489181584192089
RISK™: Factions,0,0.5910958410537336
"RIVE: Wreck, Hack, Die, Retry!",7,0.34322057576544784
ROUNDS,0,0.6640899452799862
RUINER,0,0.6278287564677104
RUNNING WITH RIFLES,4,0.7006149206391669
RUSSIAPHOBIA,6,0.5268603105529792
RYB,13,0.3659431955260978
Race for the Galaxy,0,0.6880732014213288
Race for the Galaxy: Brink of War,0,0.43356414521900755
Race for the Galaxy: Rebel vs Imperium,10,0.25912658302750213
Radiis,0,0.4523833283209753
Radio General,9,0.4156640255261922
Raft,0,0.5474844051108466
Ragnorium,4,0.7848841992335084
Rags to Dishes,0,0.7030464628862109
Raiders of the North Sea,8,0.70266266962586
Railroad Corporation,13,0.639986329952005
Railroad Tycoon II Platinum,2,0.42751242292387753
Railway Empire 2,0,0.6101226562086708
Rainy Season,10,0.38231255195733604
Raji: An Ancient Epic,0,0.6558397239366902
Rally: Endless Conquest,0,0.5984539833796003
Ratropolis,4,0.4631650863827635
Ravenous Devils,0,0.6264619931754035
Ray Gigant,0,0.5949199913187269
Rayman® Origins,0,0.5605997173940604
Re:Gals Panic,0,0.49609011695545313
Ready or Not,0,0.5625244109558938
Ready or Not: Home Invasion,2,0.45679207408767664
Realpolitiks,4,0.5899037888986411
Reassembly,0,0.6340027168803004
Rebel Cops,0,0.5580233394206482
Rebel Galaxy,0,0.6431632993345631
Receiver,1,0.6180414283046268
Recettear: An Item Shop's Tale,7,0.49497209716930857
Record of Lodoss War-Deedlit in Wonder Labyrinth-,9,0.5910123550913955
Recursed,0,0.660877375385093
Red Alliance,0,0.7060649901914071
Red Dead Redemption,0,0.5788953606017259
Red Dead Redemption 2,0,0.5588850259120498
Red Faction®: Armageddon™,3,0.560779684176809
Red Orchestra 2: Heroes of Stalingrad with Rising Storm,0,0.42888208465174055
Red Trigger,0,0.5459437339107414
Refactor,4,0.37073910663944526
Reign of the Renegade,0,0.5508056209237794
Reigns: Her Majesty,0,0.695432083557308
Reiner Knizia Yellow & Yangtze,8,0.7152499561017563
Relic Hunters Zero: Remix,0,0.660200399018376
Relicta,4,0.6242914388683953
Remember Me,0,0.6819093326217869
Remnant II® - The Forgotten Kingdom,2,0.5479792917205809
Remnant: From the Ashes,0,0.633416212282371
Remnant: From the Ashes - Subject 2923,0,0.755364437556661
Remothered: Broken Porcelain,0,0.7159338187381836
Renegade Ops,0,0.5081304199543029
Republique,0,0.7890463491722778
Resident Evil,1,0.1882318623995176
Resident Evil 0,0,0.5747985649140613
Resident Evil 2,0,0.42310213040497496
Resident Evil 3,0,0.5488423668873453
Resident Evil 4,0,0.534235311214585
Resident Evil 4 (2005),0,0.5286061408878572
Resident Evil 4 - Separate Ways,2,0.42216110748140045
Resident Evil 5,0,0.6195659116118658
Resident Evil 6,1,0.3467722276251562
Resident Evil 7 - Season Pass,2,0.6456643865340692
Resident Evil 7 Biohazard,0,0.44019643311014356
Resident Evil Revelations,0,0.6528282033586312
Resident Evil Revelations 2,0,0.42367921175204026
Resident Evil Village,0,0.4875266892758272
Resident Evil Village - Winters’ Expansion,0,0.6122619425538901
RetroArch,8,0.29148624185348965
RetroMaze,9,0.5072883371198418
Return of the Obra Dinn,0,0.4885292205085849
Return to Monkey Island,12,0.4941796354817496
Returnal™,0,0.5100162702020192
Reus 2,0,0.6131438029389157
Rhombus Legends,4,0.6711791412620781
Rift Wizard,0,0.7139507625729116
RimWorld,17,0.5443871877025637
RimWorld - Royalty,2,0.46811590188724855
Ring Runner: Flight of the Sages,0,0.6818399431965301
Ring of Pain,0,0.41510236491701985
Rise of Industry,4,0.6797577573655753
Rise of the Argonauts,0,0.6082071119099639
Rise of the Ronin,4,0.5748573653536865
Rise of the Slime,1,0.39667879247359306
Rise of the Tomb Raider™,7,0.5695022664658224
Rise to Ruins,4,0.7017017871213799
Rising Hell,0,0.39445863486729804
Rising Storm 2: Vietnam,0,0.4172463715896017
Risk & Riches,4,0.7367618381232031
Risk of Rain (2013),0,0.5318492506166347
Risk of Rain 2,0,0.38287341097130045
Risk of Rain 2: Seekers of the Storm,3,0.5848926437857007
Rivals of Aether,11,0.5335270013297314
Road Doom,2,0.5374026767653035
Road Redemption,0,0.5995622311497308
Roald Amundsen's House,9,0.5584373154820065
RoboCop: Rogue City,0,0.7616797760098899
Roboquest,0,0.57229003377544
Robot Resistors,5,0.5579195746509578
Robot Roller-Derby Disco Dodgeball,0,0.4599924087732339
Rocket League®,0,0.5448162364470575
Rocket delivery: Space Wok,5,0.5568667776708229
Rocksmith® 2014 Edition REMASTERED LEARN & PLAY,5,0.3382275560703259
Rocksmith® 2014 Edition – Remastered – Opeth Song Pack,5,0.5220558079912709
Rogue Fable III,0,0.6652836647981456
Rogue Hex,0,0.6403417463807195
Rogue Legacy,0,0.6835129849279082
Rogue State Revolution,0,0.6602278500162603
Rogue Tower,0,0.4974401146305443
Rogue Trooper Redux,7,0.48884090319815515
Rogue Voltage,4,0.608178998825434
Rogue Warrior,3,0.2775454849466352
Rogue Wizards,0,0.6194675304220219
Rogue: Genesia,0,0.5966595634738819
Roguebook,0,0.7218811575728676
Roll Player - The Board Game,0,0.651889853141068
RollerCoaster Tycoon® 2: Triple Thrill Pack,0,0.6049859994716169
RollerCoaster Tycoon® 3: Platinum,0,0.6707219693874837
Rollerdrome,0,0.6162735246272086
Rolling in the Reef,4,0.6344452212318838
Root,8,0.8033384449099997
Rough Justice: '84,0,0.5822990967504794
Roundguard,0,0.5509040334970785
Royal Adventure,0,0.5143197053259004
Ruined King: A League of Legends Story™,0,0.5676223560068904
Rune Factory 5,4,0.5456785175982225
RuneScape ®,0,0.6083237318496532
Runers,0,0.4301386775800949
Runespell: Overture,0,0.6730493942709836
Runeverse: The Card Game,0,0.423032091602565
Runewards: Strategy Card Game,0,0.6390278199302275
Rush for the Ages,0,0.48151603132127374
Rust,1,0.46426157624334774
Rustler (Grand Theft Horse),0,0.5017764175719824
RymdResa,0,0.7931188477400086
Ryse: Son of Rome,10,0.22222523859312207
Rytmik Studio,4,0.4466814199576724
S.T.A.L.K.E.R. 2: Heart of Chornobyl,0,0.5091075117564057
S.T.A.L.K.E.R.: Call of Pripyat,0,0.4240539550258112
S.T.A.L.K.E.R.: Clear Sky,0,0.5313294960211159
S.T.A.L.K.E.R.: Shadow of Chernobyl,0,0.4688049091493503
SCP: Containment Breach Multiplayer,10,0.4629274334870822
SCP: Secret Laboratory,6,0.4604191316241244
SCUM Supporter Pack 2,2,0.4359034270626725
SEGA Mega Drive and Genesis Classics,0,0.555500333657311
SEPTEMBER 1999,9,0.4684181491133237
SHENZHEN I/O,4,0.6289802547605406
SIGNALIS,7,0.3950433780861533
SILENT HILL 2,0,0.5843290746893267
SIMULACRA,5,0.5650405310615303
SKULL CHAINZ,0,0.7151643319889964
SLUDGE LIFE 2,0,0.6509110861057115
SNAKE FARM,0,0.6208401435435984
SNKRX,0,0.5945358029608324
SOMA,0,0.4149884300613622
STAR WARS Jedi: Fallen Order™,0,0.6280276682560773
STAR WARS Jedi: Survivor™,4,0.6667571416149938
STAR WARS™ - The Force Unleashed™ Ultimate Sith Edition,0,0.5966666542546772
"STAR WARS™ Battlefront II (Classic, 2005)",11,0.4491835293377373
STAR WARS™ Battlefront™ II,6,0.47916266478548203
STAR WARS™ Jedi Knight - Jedi Academy™,6,0.5597518658073812
STAR WARS™ Knights of the Old Republic™,0,0.7249047932837228
STAR WARS™ Knights of the Old Republic™ II - The Sith Lords™,10,0.3881926772635834
STAR WARS™: Battlefront Classic Collection,6,0.6087472108594925
STAR WARS™: The Old Republic™,0,0.5378743745019912
STRAFE: Gold Edition,5,0.5389384927747299
SUCCUBUS,0,0.5568733515699126
SUNLESS SEA,0,0.6872888362293108
SUPERHOT,0,0.6762222269772916
SUPERHOT: MIND CONTROL DELETE,0,0.7093514946946673
SYNTHETIK: Arena,6,0.6175056391717085
SYNTHETIK: Legion Rising,0,0.5258127662341967
Safecracker: The Ultimate Puzzle Adventure,0,0.6203173460138975
Sagrada,0,0.43385377211833376
Saints Row,0,0.4971216594669088
Saints Row 2,8,0.49206970031312797
Saints Row IV -  Enter The Dominatrix,2,0.5747794593273114
Saints Row IV - Stone Age Pack,2,0.52139701366543
Saints Row IV: Presidential Pack,2,0.512880279868178
Saints Row IV: Re-Elected,0,0.6303378030035296
Saints Row: The Third,0,0.5939431895077751
Saints Row®: The Third™ Remastered,0,0.6624506711206358
Saira,0,0.4544001638830807
Sakuna: Of Rice and Ruin,1,0.39665461205302344
Sakura Fantasy,7,0.5259396566379677
Sakura Fox Adventure,7,0.47898518993259315
Sakura Gamer,0,0.5060499870824992
Salt,2,0.3302263059719388
Samorost 2,0,0.5487282576490657
Samorost 3,0,0.6718357528337756
Satisfactory,0,0.47216003932420014
Sayonara Wild Hearts,0,0.6428487782400985
Scarlet Tower,0,0.461246586140296
Schedule I,1,0.4157603323102457
Scorn,0,0.5666919078504653
Scrap Mechanic,4,0.7246851482471254
Scythe: Digital Edition,8,0.7237773523354596
Sea Brawl Autobattler,0,0.4728606737002496
Sea Horizon,4,0.623594085603294
Sea of Thieves: 2025 Edition,12,0.5221555960204579
Second Extinction™,2,0.41061517530063374
Second Second,0,0.745781089939346
Secrets of Grindea,0,0.5112152130227849
Sector's Edge,0,0.641869134959427
Seed of the Dead,0,0.6665588349321018
Seen,1,0.49838926982306325
Sekiro™: Shadows Die Twice - GOTY Edition,0,0.402155902430095
Selene ~Apoptosis~,7,0.5045131017825334
Sentinels of Earth-Prime,9,0.5080357162131577
Sentinels of the Multiverse,0,0.6207169715053024
Senua’s Saga: Hellblade II,0,0.7083157897910496
Seraph's Last Stand,0,0.5391804887245303
Serious Sam 2,0,0.755636256185203
Serious Sam 3: BFE,2,0.4301170049073215
Serious Sam 4,0,0.5508673830622607
Settlement Survival,0,0.5185727557394638
Seven Kingdoms 2 HD,3,0.47623062563444096
Severed Steel,0,0.724645272463075
Sex with Stalin,1,0.5050228278595954
Shadow Tactics: Blades of the Shogun,0,0.615296364824919
Shadow Warrior,0,0.6202810175509491
Shadow Warrior 2,0,0.6122690497363018
Shadow Warrior 3: Definitive Edition,0,0.5247290760412452
Shadow of the Tomb Raider: Definitive Edition,0,0.6479223956117295
Shadowhand: RPG Card Game,0,0.6829198461344435
Shadowrun Returns,0,0.5229729134342275
Shadowrun: Dragonfall - Director's Cut,0,0.7126114899970443
Shadowrun: Hong Kong - Extended Edition,3,0.4864265691874504
Shadows of Doubt,0,0.4599420671726886
Shadows: Awakening,0,0.5296454390768881
Shady Brook - A Dark Mystery Text Adventure,0,0.6502704643202132
Shank 2,0,0.6167998907945969
Shape Shifter: Formations,10,0.4623096530420716
SharpShooter3D,0,0.5785500155656502
Shatterline,0,0.7520235700830842
She Will Punish Them,3,0.3684786484644875
Sheep Love,7,0.39839939208294467
Sheltered,4,0.5818057308206268
Shenmue I & II,0,0.7805558361832985
Sherlock Holmes - Nemesis,0,0.6700387689497425
Sherlock Holmes and The Hound of The Baskervilles,0,0.5972279008784757
Sherlock Holmes: Crimes and Punishments,0,0.6006230193808788
Sherlock Holmes: The Devil's Daughter,0,0.5729088850020367
Shing!,0,0.43204269868981887
Ship Graveyard Simulator: Prologue,0,0.5368415159215227
Shooting Stars!,0,0.6684179837816675
Shotgun King: The Final Checkmate,0,0.6323168670852675
Shovel Knight: Treasure Trove,0,0.552909554446006
Shrine,0,0.4703315148893405
Shrine II,0,0.5110079278609552
Shroud of the Avatar: Forsaken Virtues,0,0.695904328330434
Shu,4,0.7104805143896853
SiN Episodes: Emergence,0,0.768925112846447
SiNiSistar Lite Version,0,0.7487478663727241
Siberian Dawn,0,0.6541363107803728
Sid Meier's Civilization IV: Colonization,1,0.32321622105061104
Sid Meier's Civilization VII,4,0.6270679344065674
Sid Meier's Civilization® V,0,0.45906026094129354
Sid Meier's Civilization®: Beyond Earth™,0,0.6023456649780023
Sid Meier's Starships,0,0.3924019938077392
Sid Meier’s Civilization® VI,0,0.5247501088650525
Sid Meier’s Civilization® VI: Leader Pass,2,0.5140817758456093
Silence of the Sleep,0,0.674909115270365
Silica,0,0.47813429315062395
Simmiland,4,0.6205757217788218
Sin Chess,13,0.6256939602591576
Singularity™,0,0.44356637756023043
Sipho,1,0.36459798180135805
Sir Whoopass™: Immortal Death,0,0.5615735890720799
"Sir, You Are Being Hunted",0,0.6090492300686042
SisterFight,13,0.7685765437239291
Six Ages: Ride Like the Wind,0,0.3836493775269241
Six Days in Fallujah,3,0.5440105436940874
Skullgirls 2nd Encore,1,0.488232257149004
Slain: Back from Hell,0,0.5439490089808406
Slasher's Keep,0,0.6059513116843911
SlavicPunk: Oldtimer,0,0.6766349528845589
Slay the Spire,0,0.6300279204926514
Sleeping Dogs: Definitive Edition,0,0.4997626089120333
Slice & Dice,4,0.6056000911044532
Slime Rancher,1,0.32747802673846865
Slipways,0,0.5498542657416282
Slot Shots Pinball Collection,4,0.6489509329925188
Snakeybus,0,0.6505853794520116
Sniper Elite 3,3,0.5868548379908461
Sniper Elite 4,3,0.4094128857419411
Sniper Elite 5,0,0.47512605934644453
Sniper Elite: Resistance,0,0.5867944806760017
Sniper Ghost Warrior 3,0,0.6813593261551516
Sniper Ghost Warrior Contracts 2,0,0.5247470875981566
Sniper: Ghost Warrior,0,0.6945780371801429
Sniper: Ghost Warrior 2,2,0.4616361694356699
Snow Daze: The Music of Winter Special Edition,0,0.6760109128971606
Soccer Manager,17,0.4405639889303281
Soda Dungeon 2,0,0.6658183524306164
SolForge,4,0.7248583727133484
Solace Inc.,5,0.5301449243938733
Solar Settlers,0,0.6908605034575586
Solitairica,4,0.7237375699293944
Solium Infernum,0,0.4769797784107525
Somewhere in the Shadow,15,0.47508570463326827
Sonar Shock,0,0.6884617764442431
Song of the Deep,13,0.5559389518895423
Songs of Conquest,10,0.3350589917937795
Sonic Lost World,1,0.32978024564865444
Sonny,2,0.48984708532707877
Sons Of The Forest,0,0.5314173835212835
Sorcery! Parts 1 and 2,0,0.6459634400271803
"Sorry, James",4,0.6206322680003735
Soulash 2,7,0.5582280754365001
Soulstone Survivors,9,0.3865058420260243
Soundpad,5,0.49526474395475484
Source of Madness,0,0.5702724530620789
South Park™: The Fractured But Whole™ - From Dusk Till Casa Bonita,1,0.5159114389297874
South Park™: The Stick of Truth™,0,0.5765029138383299
Space Engineers,4,0.5328601972767502
Space Food Truck,17,0.5353258537303658
Space Grunts,0,0.46561935776284247
Space Hulk,4,0.41006177974443847
Space Hulk: Deathwing,4,0.6042603360505432
Space Hulk: Deathwing Enhanced Edition,0,0.37063472156041555
Space Hulk: Tactics,0,0.4877825863337141
Space Pilgrim Episode I: Alpha Centauri,0,0.5832042553382806
Space Pilgrim Episode II: Epsilon Indi,7,0.5000169346597416
Space Run,0,0.5448919252879069
SpaceChem,0,0.4946653597193856
Spacebase DF-9,0,0.58186297197879
Spec Ops: The Line,0,0.5985826713017347
Spectromancer,0,0.506278126925614
SpellForce 3 Reforced,0,0.7473997657533508
Spellbook Demonslayers Prologue,0,0.6639269042591941
Spellcaster University,0,0.6684480605654819
Spellshot,0,0.5499805382842456
Spellweaver,2,0.3708207677810963
Spirit Hunters: Infinite Horde,0,0.6134865433055963
Spirit Island,0,0.5535470441845337
Spiritfarer®: Farewell Edition,0,0.6265643794043796
Spirits,4,0.42032723140525724
Spirits Abyss,0,0.5325476766297523
Splice,0,0.3811547939103465
Split Fiction,4,0.5681834156900605
Split/Second,8,0.7487338899507366
Splitgate,1,0.5123329841843016
SpongeBob SquarePants: Battle for Bikini Bottom - Rehydrated,0,0.6087100349958214
Spooky's Jump Scare Mansion: HD Renovation,0,0.7329285899718023
Spyro™ Reignited Trilogy,3,0.49115026971823433
Squad,3,0.3802254656259447
Squad 44,6,0.6137975271031275
Stacklands,0,0.6005515610706273
Star Conflict,4,0.6363936496291216
Star Crusade CCG,0,0.5163308581047676
Star Realms,0,0.5699629936476417
Star Traders: Frontiers,0,0.5740794837569754
Star Wars™ Pinball VR,0,0.44246656316822747
StarVaders,14,0.28917974663649826
Starbound,3,0.5660195346502157
Stardew Valley,0,0.5064921622373715
Stardust Galaxy Warriors: Stellar Climax,0,0.576707701382898
Starfield,0,0.4903314787846453
Starless Abyss,9,0.5948415871580424
Starpoint Gemini Warlords,4,0.7352351876368834
Starship Troopers: Extermination,0,0.47933099512867666
Starward Rogue,4,0.7539537317483123
State of Decay,0,0.6895605355595102
State of Decay 2: Juggernaut Edition,15,0.414684459317126
State of Decay: YOSE,10,0.46082654906998977
Station to Station,4,0.553701679722014
Steam Link,3,0.35729049386497463
SteamWorld Heist,0,0.7306875820529405
SteamWorld Quest: Hand of Gilgamech,0,0.6546147521358383
Steel Assault,14,0.744958671456468
Steel Ocean,0,0.5646726263234028
Stellar Orphans,17,0.4995185367857172
Stellar Overload,2,0.556445655917194
Stellar Tactics,2,0.6129872611394296
Stellaris,0,0.5647976103617817
Still Wakes the Deep,0,0.676419457822805
Stone Age Wars,0,0.6865874408484083
Stone Age: Digital Edition,13,0.383760846062692
Stonehearth,2,0.5254757136305719
Storybook Brawl,0,0.5966418365307127
Stranded,2,0.5934329799298411
Stranded Deep,0,0.565733982326054
Stranded: Alien Dawn,4,0.7747700089521689
Strange Brigade,6,0.5938000547475315
Stray,0,0.5122468132600678
Street Fighter V,3,0.7100309590502896
Street Shuffle,5,0.5134653227502282
Streets of Rogue,0,0.6058848372096739
Strength of the Sword ULTIMATE,10,0.28414231677855756
Strikey Sisters,0,0.7354434398041884
Stronghold Crusader 2,0,0.40170451893824355
Stronghold Crusader HD (2012),0,0.641009573274604
Stronghold HD (2012),17,0.4473405905453115
Stronghold: Warlords,13,0.5307866390269894
Stubbs the Zombie in Rebel Without a Pulse,1,0.5694552438737257
Stubbs the Zombie in Rebel Without a Pulse - Official Soundtrack,1,0.496090595312077
Subnautica,2,0.521070908457718
Subsistence,0,0.7284343696389093
Succubus - Unrated,2,0.39100693736891956
Succubus Girl Story,1,0.509653222018988
Sudden Strike 4,0,0.6533692539096392
Suicide Squad: Kill the Justice League,0,0.550195963519834
Summer Nightmare,7,0.5602946468143672
Summit of the Wolf,4,0.5294612355406272
Summon Masters,4,0.7260135986039191
Summoner,0,0.7546810635429524
Sun Down Survivors,3,0.5531830154068957
Sundered®: Eldritch Edition,0,0.575510313292023
Sunless Skies: Sovereign Edition,7,0.3621260809363219
Sunset Overdrive,14,0.626397173608122
Super Auto Pets,15,0.4348853262142739
Super Bunny Man,0,0.5646717960785693
Super Hexagon,0,0.45726740757638873
Super Meat Boy,0,0.5324903361337614
Super Seducer 2 - Advanced Seduction Tactics,1,0.5938430814846758
Super Time Force Ultra,1,0.3964303656853306
Superliminal,0,0.6282372963828489
Supermarket Together,0,0.7537786685757346
Supraland,4,0.6111410984029
Supraland Six Inches Under,1,0.3216513079893326
Supreme Commander 2,0,0.5570778506522964
Supreme Commander: Forged Alliance,0,0.5676619795954376
SurrounDead,0,0.7025826657513786
Survive the Nights,0,0.6944425849672541
Surviving Mars,0,0.3821287679304841
Surviving Mars: Below and Beyond,4,0.5484496514110615
Surviving Mars: Colony Design Set,2,0.4930413497612217
Surviving Mars: Deluxe Upgrade Pack,2,0.5352936864277186
Surviving Mars: Marsvision Song Contest,2,0.5052870991441428
Surviving Mars: Project Laika,2,0.45156870015220063
Surviving Mars: Space Race,2,0.5104260457815203
Surviving the Aftermath,4,0.617730139916691
Surviving the Aftermath - Rebirth,2,0.562020382783174
Surviving the Aftermath - Ultimate Colony,4,0.46712996486926606
Surviving the Aftermath: Forgotten Tracks,2,0.543518256493567
Suzerain,0,0.5548757734238943
Sven Co-op,2,0.3777658016790818
Swapperoo,4,0.4393235084502285
Swarm Grinder,0,0.6184252588515549
Swelter,0,0.575417379595131
Sword Legacy: Omen,0,0.5877435033563873
Sword of the Stars: The Pit,14,0.7029983952683141
Swords & Souls: Neverseen,0,0.47384979805809246
Swords and Sandals Classic Collection,1,0.4115100158037954
Syberia 3,1,0.35279617934710106
Syberia II,3,0.4357028194393354
Syberia: The World Before - Prologue,0,0.7152567328124005
Symmodance,0,0.6382705076696531
System Crash,0,0.6553455141445624
System Shock,0,0.4092702728547298
System Shock: Enhanced Edition,10,0.43802622008303554
T-Minus 30,0,0.67575358225034
TASTEE: Lethal Tactics,0,0.6692062112979711
TCG Card Shop Simulator,0,0.6151826960769355
THE CORRIDOR,1,0.3223663006224089
THE FINALS,3,0.40094324376705065
THE TEAR,1,0.3036560013149815
TOEM: A Photo Adventure,1,0.35431741322316873
TRIANGLE STRATEGY,4,0.6333111672761318
TROUBLE JUICE,0,0.4759898599494406
TROUBLESHOOTER: Abandoned Children,0,0.6381127584382296
TUNIC,4,0.7274304295424422
TY the Tasmanian Tiger 2,1,0.2602213741834304
TY the Tasmanian Tiger 3,10,0.41706717968673834
TY the Tasmanian Tiger Soundtrack,15,0.23905115575285565
Tabletop Simulator,8,0.7585717694271769
Tabletopia,0,0.6066117513345448
Tactical Assault VR,3,0.5205218906590605
Tactical Monsters Rumble Arena,0,0.5413323609878894
Tails of Iron,0,0.5762223324871483
Tainted Grail: Conquest,0,0.4492638508366576
Tales from Candlekeep: Tomb of Annihilation,0,0.6640397889404892
Tales from the Borderlands,0,0.6559905656495076
Tales of Berseria™,0,0.6781707720255766
Tales of Escape,3,0.46070532927404195
Tales of Nebezem RPG: Red Peril,0,0.6289840200992682
Tales of Symphonia,0,0.6849688600944883
Tales of Vesperia: Definitive Edition,0,0.6266554564613804
Talisman: Digital Classic Edition,0,0.5349540588838233
Tallowmere 2: Curse of the Kittens,0,0.4683786569205137
Tametsi,0,0.44612511352568807
Tatsu,0,0.47481460234378553
Tattletail,0,0.5736991045623445
Taur,0,0.6440859789246123
Team Fortress 2,0,0.4587928399565981
Teardown,1,0.3673013458508889
Technobabylon,0,0.669588052400931
Teenage Mutant Ninja Turtles: The Cowabunga Collection,0,0.5959208346038602
Tempest Rising,0,0.43425136575705997
Tempest: Pirate Action RPG,0,0.6875114011292591
Templar Battleforce,0,0.4647609568093969
Terminator: Dark Fate - Defiance,0,0.5495247338938325
Terminator: Resistance,0,0.6987570483138185
Terminus: Zombie Survivors,4,0.5910981428610851
Terra Nil,0,0.5694270881172473
Terraformers,0,0.647454452875442
Terraforming Mars,0,0.4104303035395702
Terraria,0,0.5681339852894053
Teslagrad,4,0.6831028828539791
Test Drive Unlimited Solar Crown,13,0.5621804287383005
Tetris® Effect: Connected,5,0.5498315676349189
Tharsis,3,0.43203706622817684
The 11th Hour,0,0.6513987975113481
The 7th Guest VR,12,0.6181836256503466
The Abbey,7,0.5266482839344895
The Age of Decadence,0,0.4725172770107804
The Ascent,0,0.7281413452735473
The Awesome Adventures of Captain Spirit,7,0.48666625722508966
The Banner Saga,0,0.6624051096644562
The Banner Saga 3,0,0.7378513628511041
The Banner Saga 3 - Eternal Arena,2,0.5709876692779057
The Banner Saga 3 - Legendary Items,0,0.6652879777280071
The Banner Saga 3 - Soundtrack,5,0.5453782521218302
The Banner Saga 3 - Survival Mode,2,0.6547790078077003
The Bard's Tale IV: Barrows Deep,3,0.5968430856148602
The Beast Inside,0,0.6463418401992376
The Beginner's Guide,0,0.5993639100015419
The Bible,2,0.4857436934833523
The Binding of Isaac,0,0.6536289732308338
The Binding of Isaac: Afterbirth,0,0.6431554090529727
The Binding of Isaac: Rebirth,4,0.6478425427169978
The Binding of Isaac: Repentance,0,0.6888099630407425
The Black Pool,0,0.705294414355898
The Blackout Club,0,0.5753091170945603
The Body VR: Journey Inside a Cell,9,0.4320805075487599
The Break-In,0,0.49567834461996474
The Bridge,0,0.6067485820752438
The Cabin Factory,0,0.7063289998465689
The Cabin: VR Escape the Room,3,0.3726855076465798
The Callisto Protocol™,0,0.5976379847519343
The Callisto Protocol™ - Final Transmission,2,0.5794073227547802
The Captain is Dead,9,0.40099088694293783
The Case of the Golden Idol,12,0.6183754729433826
The Cat Lady,0,0.5265023008145668
The Children of Clay,2,0.5176231260668279
The Citadel,0,0.6912000991417423
The Coffin of Andy and Leyley,7,0.5249772469893206
The Colonists,4,0.5526280101492136
The Complex,0,0.37195804608493926
The Complex: Found Footage,0,0.5885073885321218
The Crew™ 2,3,0.6442202045155052
The Dark Pictures Anthology: House of Ashes,9,0.46885730857728325
The Dark Pictures Anthology: House of Ashes - Friend's Pass,0,0.6650452486477033
The Dark Pictures Anthology: Little Hope,0,0.650667202463083
The Dark Pictures Anthology: Man of Medan,0,0.6714892567150853
The Darkest Files,0,0.5864183788169638
The Darkness II,0,0.6721580713960766
The Dawn of Art,9,0.2893059753959876
The Deadly Tower of Monsters,15,0.4802557759196343
The Desolate Hope,0,0.5181828637454206
The Dig®,0,0.7596331246032573
The Doors of Trithius,0,0.6820361334051182
The Elder Scrolls IV: Oblivion Remastered,9,0.41812146882082724
The Elder Scrolls IV: Oblivion® Game of the Year Edition (2009),0,0.46759112268244274
The Elder Scrolls V: Skyrim,0,0.5954722929411507
The Elder Scrolls V: Skyrim Special Edition,0,0.5112502912686298
The Elder Scrolls V: Skyrim VR,0,0.49895213972874425
The Elder Scrolls® Online,0,0.4630779461203385
The Enchanted Cave 2,0,0.6268822916575397
The Evil Within,0,0.6850555268892489
The Evil Within 2,0,0.5018331440240217
The Excavation of Hob's Barrow,0,0.5870919071575761
The Exit 8,0,0.5871172979904715
The Eyes of Ara,0,0.5782754286569161
The Fall,4,0.6370124873416382
The Feast,0,0.6771275816449787
The Feathered Serpent,5,0.6204509069175363
The Filmmaker - A Text Adventure,0,0.6900668494573643
The Final Station,0,0.6898695535597663
The Forest,0,0.5684969201534465
The Forgotten City,0,0.6084187124454226
The Fox in the Forest,9,0.6384482577655292
The Girl on the Train,2,0.3526947324846967
The Golf Club™ 2019 featuring PGA TOUR,0,0.4813824220719827
The Great C,9,0.4762817392579781
The Great Rebellion,0,0.5716133334453433
The Grizzled: Armistice Digital,0,0.7062079416187106
The Guild II Renaissance,0,0.6312618661449583
The Gunk,1,0.5660271452073418
The Henry Stickmin Collection,0,0.5155984320331038
The Hex,0,0.6267670086222062
The Hong Kong Massacre,15,0.6065977879850901
The Horus Heresy: Betrayal at Calth,0,0.5568037471465161
The Hundred Line -Last Defense Academy-,0,0.4966920415054321
The Huntsman: Winter's Curse,0,0.5378169934490342
The Invincible,7,0.5706994422949856
The Jackbox Party Pack 3,0,0.5618539502450517
The Jackbox Party Pack 7,6,0.6255330650808808
The Lady,0,0.7398288542447222
The Last Campfire,7,0.5583802585561819
The Last Spell,0,0.5520699030826903
The Last Stand Legacy Collection,0,0.6119740289410542
The Last of Us™ Part I,3,0.6303799656717348
The Legend of Heroes: Trails in the Sky,0,0.6707380426299727
The Legend of Heroes: Trails of Cold Steel,0,0.5869456025075038
The Legend of Heroes: Trails of Cold Steel II,0,0.4834846571647045
The Legend of Lumina,2,0.6001947547082361
The Living Dungeon,0,0.7343659190924343
The Long Dark,0,0.5061475221762882
The Long Road North,5,0.4272901325391247
The Looker,0,0.5332041628234213
The Lord of the Rings Online™,1,0.3899098887382472
The Lord of the Rings: Adventure Card Game - Definitive Edition,0,0.6498718006341738
The MISSING: J.J. Macfield and the Island of Memories,0,0.6725690357004483
The Magister,12,0.7383755470235227
The Messenger - Picnic Panic DLC,0,0.6394081115579369
The Metronomicon - Soundtrack,5,0.5419001766711011
The Moon Sliver,0,0.45916064094780684
The Most Boring Game Ever,15,0.5456212200947935
The Music Machine,5,0.5363084699451259
The Occupation,0,0.7042683972282053
The Outer Worlds,4,0.6454354313196531
The Outlast Trials,0,0.3973171799117621
The Outlast Trials - Reagent Starter Pack,2,0.6540765832072057
The Painter's Playground,9,0.6298989993081052
The Park®,7,0.5091043030494667
The Past Within,4,0.6514993254686691
The Pentest,0,0.6329439401705561
The Pit: Infinity,3,0.43207749246052995
The Plague Doctor of Wippra,0,0.6701391278384372
The Precinct,0,0.6025431236658315
The Procession to Calvary,1,0.5697528519356361
The Promised Land,0,0.5883672168947178
The Purring Quest,1,0.44899124673808893
The Red Strings Club,0,0.6918830478227721
The Riftbreaker,4,0.5120800653313875
The Room,0,0.5261561194213518
The Room Three,0,0.6997872066725043
The Room Two,0,0.6325927635409968
The Room VR: A Dark Matter,9,0.4347519824190951
The Secret Order 2: Masked Intent,7,0.5351730913079931
The Secret of Monkey Island: Special Edition,0,0.5278611752318467
The Serpent Rogue,0,0.5363068798768909
The Sexy Brutale,0,0.6260559604468999
The Shapeshifting Detective,0,0.7015473541635385
The Signal From Tölva,0,0.6455495937218646
The Sims™ 4,2,0.4749792903905874
The Slater,0,0.7018574920505773
The Song of Saya,0,0.5444584016525287
The Spell Brigade,3,0.5064314185839013
The Stanley Parable,0,0.5391963219276269
The Stanley Parable: Ultra Deluxe,0,0.5444323847647881
The Suicide of Rachel Foster,1,0.4583936390327523
The Surge,0,0.6629622129390002
The Survivalists,4,0.6986874005989251
The Swapper,0,0.7127777898111035
The Swindle,0,0.6058965543222464
The Swords of Ditto: Mormo's Curse,0,0.7575713773664239
The Talos Principle,0,0.698115088697219
The Talos Principle VR,0,0.7031204037604982
The Talos Principle: Road To Gehenna,7,0.6087042669966474
The Tape,0,0.7643577117656343
The Test,0,0.45139586143493443
The Thrill of the Fight - VR Boxing,0,0.5025474849665378
The Tiny Bang Story,12,0.36438431211333416
The Tower of Five Hearts,2,0.3828056850670939
The Troop,0,0.5027209376739457
The Turing Test,0,0.5928356410397868
The Uncertain: Last Quiet Day,0,0.5516839178770206
The Unfinished Swan,1,0.5633694479501296
The Universim,2,0.5223479242042083
The Utility Room,0,0.598961894963268
The Vagrant,0,0.745584108255332
The Walking Dead,0,0.6146061083852639
The Walking Dead: 400 Days,2,0.5184802965885275
The Walking Dead: A New Frontier,0,0.5544864754234297
The Walking Dead: Season Two,0,0.552963149535723
The Walking Dead: The Final Season,0,0.5690751563878712
The Warlock of Firetop Mountain,0,0.6920613971525191
The Way,0,0.5832298112707355
The White Door,4,0.6440626099596358
The Witcher 2: Assassins of Kings Enhanced Edition,0,0.6152527689951
The Witcher 3: Wild Hunt,0,0.5997365919019579
The Witcher 3: Wild Hunt - 'Ballad Heroes' Neutral Gwent Card Set,2,0.2863753800651605
The Witcher 3: Wild Hunt - Alternative Look for Ciri,2,0.3214639831537997
The Witcher 3: Wild Hunt - Blood and Wine,0,0.49961941273499155
The Witcher 3: Wild Hunt - Elite Crossbow Set,2,0.4656097911538425
The Witcher 3: Wild Hunt - Expansion Pass,0,0.6796315262717478
The Witcher 3: Wild Hunt - Hearts of Stone,7,0.5943536203817453
The Witcher 3: Wild Hunt - NEW GAME +,0,0.5794034467440368
The Witcher 3: Wild Hunt - New Finisher Animations,2,0.5048345061215431
The Witcher 3: Wild Hunt - New Quest 'Contract: Skellige's Most Wanted',0,0.602033653245652
The Witcher 3: Wild Hunt - New Quest: 'Scavenger Hunt: Wolf School Gear',2,0.36912035538790156
The Witcher 3: Wild Hunt - Skellige Armor Set,2,0.38856764070253136
The Witcher: Enhanced Edition Director's Cut,0,0.5186895198151865
The Witness,0,0.48411500077596276
The Wolf Among Us,0,0.5384624265317725
Thea: The Awakening,0,0.6532278594215805
There Is No Light: Enhanced Edition,0,0.557599711713147
They Always Run,0,0.5987145505752527
They Are Billions,4,0.7105666084782417
They Breathe,2,0.5791795147767298
Thief Simulator,0,0.6965147257103148
Thimbleweed Park™,0,0.5696445666077907
This Is the President,0,0.6815848557432693
This War of Mine,0,0.5456599410723609
This War of Mine: Forget Celebrations Charity DLC,2,0.5212528658867774
This War of Mine: Stories - Father's Promise (ep.1),2,0.6181799943845663
This War of Mine: Stories - Season Pass,0,0.5040448308570158
This War of Mine: Stories - The Last Broadcast (ep.2),0,0.5859063070909366
This War of Mine: The Little Ones,2,0.5165303213250185
This War of Mine: War Child Charity,2,0.567033832408254
Thomas Was Alone,0,0.5889418372731465
Thronebreaker: The Witcher Tales,0,0.7007822609670351
Thronefall,1,0.45387585225131993
Through the Ages,0,0.5658047964177066
Through the Darkest of Times,3,0.45127499455003
Through the Woods,0,0.654988872470094
Thunder Tier One,0,0.48123813979863883
Tick Tock: A Tale for Two,0,0.6222075630117461
Tilemancer Dungeon,4,0.5382586156010254
Timberborn,4,0.4409213800750151
Time Survivors,0,0.5359922242150312
Time Wasters,0,0.6191787344509616
TimeShift™,0,0.6668652797991268
Tiny Survivors,0,0.6607558654563319
Tinyfolks,5,0.6533876471779398
Titan Quest Anniversary Edition,2,0.48924018510097644
Titanfall® 2,0,0.5586241557664859
To The Core,0,0.6115221799953465
Toast Time,2,0.45417723332798277
Tokaido,3,0.5569857268070881
Toki Tori,12,0.5104733271008143
Tom Clancy's EndWar™,0,0.7288152083613434
Tom Clancy's Ghost Recon®,0,0.5889561079997294
Tom Clancy's Ghost Recon® Breakpoint,1,0.578950934284975
Tom Clancy's Ghost Recon® Wildlands,0,0.48016222482504284
Tom Clancy's Rainbow Six® 3 Gold,0,0.5943580938621729
Tom Clancy's Rainbow Six® Siege,0,0.33578371223639214
Tom Clancy's Rainbow Six® Vegas,6,0.5932728012770119
Tom Clancy's Rainbow Six® Vegas 2,0,0.607477489267177
Tom Clancy's Splinter Cell Chaos Theory®,3,0.6256353346546943
Tom Clancy’s Ghost Recon® Wildlands - Season Pass Year 1,0,0.562323295358501
Tom Clancy’s Splinter Cell Blacklist,2,0.4726684423901964
Tom Clancy’s The Division® 2,0,0.7835413457101323
Tom Clancy’s The Division™,0,0.6047013436038233
Tomb Raider,0,0.5168776529392111
Tomb of Tyrants,0,0.683330706408229
Tools Up!,0,0.7223187217853875
Tooth and Tail,0,0.756563178783863
Torchlight II,0,0.6327282613266522
Toree 3D,2,0.24425778870840062
Torment: Tides of Numenera,0,0.6772211790084721
Tormented Souls,0,0.6957314620207473
Tostchu,0,0.4897154138301269
Total War: ATTILA,2,0.49467695705627246
Total War: ATTILA - Blood & Burning,0,0.542592230780037
Total War: MEDIEVAL II – Definitive Edition,11,0.7965898788895585
Total War: SHOGUN 2,0,0.6806173659920548
Total War: THREE KINGDOMS,0,0.6858352440050379
Total War: WARHAMMER,0,0.5773417944058448
Total War: WARHAMMER - Blood for the Blood God,2,0.5320125901118109
Total War: WARHAMMER II,0,0.46935396756256503
Total War: WARHAMMER II - Curse of the Vampire Coast,0,0.5748848058986722
Total War: WARHAMMER III,0,0.5288488456191345
Totally Accurate Battle Simulator,13,0.23160113960047846
Touhou Artificial Dream in Arcadia,2,0.5953876106589077
Touhou Genso Wanderer -FORESIGHT-,0,0.6660177352545278
Touhou Genso Wanderer -Lotus Labyrinth R-,0,0.5952082617432028
Touhou Luna Nights,9,0.578926753120562
Tower 57,6,0.6282284547813355
Tower Dominion,0,0.5053326396727449
Tower Escape,0,0.5671663548332211
Tower of Babel: Survivors of Chaos,0,0.5288962300856908
Tower of Time,0,0.6092583924439887
Town of Salem,12,0.5390578663694098
Towns,2,0.5584746349019516
Townscaper,0,0.6207392790258783
Trackmania United Forever,2,0.4591226337224721
Trailer Park Boys: Greasy Money,10,0.2488736364374476
Train Sim World® 2020,4,0.5709654775706321
Train Valley,0,0.5265842410638972
Train Valley 2,0,0.7626648505668088
Transistor,0,0.4712361588419434
Trap Legend,14,0.4102788018029544
Trap Shrine,1,0.44631594731452473
Treasure Hunter Claire,13,0.7684858321862356
Treasure Hunter Simulator,3,0.5814736473824904
Trek to Yomi,0,0.6083734594200549
Trepang2,0,0.42573064419891055
Trepang2 - Bladekisser DLC,0,0.4565334921595639
Trials of Fire,4,0.438862851959554
Trials of Mana,0,0.6630885500483343
Trine 5: A Clockwork Conspiracy,12,0.42125711072929084
Tropico 4,0,0.571054574772586
Tropico 5,0,0.4486293503749297
Tropico 5 - Espionage,2,0.45628152785970016
Tropico 5 - Generalissimo,2,0.5679428045319466
Tropico 5 - Joint Venture,2,0.5562907102641164
Tropico 5 - Waterborne,2,0.47902777445750144
Tropico 6,0,0.5695947226180806
Tumbleweed Express,0,0.6702017444496153
Turbo Dismount™,1,0.5111254967154019
Turok,13,0.2730403376737608
Two Point Campus,0,0.6835276861995618
Two Point Campus: School Spirits,2,0.5103440603073293
Two Point Campus: Space Academy,2,0.5148917423400458
Two Point Hospital,0,0.47569044717209724
Two Point Hospital: A Stitch in Time,2,0.6165204666538557
Two Point Hospital: Close Encounters,0,0.6397045102556913
Two Point Hospital: Off the Grid,4,0.555315341343801
Two Point Hospital: Pebberley Island,0,0.6261858819713598
Two Point Hospital: SEGA 60th Items,2,0.518797977984964
Two Point Hospital: Speedy Recovery,2,0.4507331687435935
Tyranny,0,0.6348796605277958
UFO 50,0,0.6366709628229088
ULTRAKILL,0,0.5034278913567131
UNCHARTED™: Legacy of Thieves Collection,7,0.5186654675421728
UNLOVED,0,0.627371564603634
Udonge in Interspecies Cave,0,0.6959255104001973
Ultimate Admiral: Age of Sail,10,0.3442842369245519
Ultimate Arena,0,0.3549871906489736
Ultimate Epic Battle Simulator,13,0.3916194748960275
Ultimate General: American Revolution,0,0.5701628304246462
Ultimate General: Civil War,0,0.6820266288007657
Ultimate General: Gettysburg,0,0.4440174007550247
Under Maintenance,0,0.501520852502464
Under The Waves,3,0.5342444114260798
Unexplored,0,0.6684242952600767
Unheard - The Lethal Script（致命剧本）,0,0.6507792035191995
Unity of Command II,0,0.5265824049548378
Unleash,4,0.8057547341258207
Unmatched: Digital Edition,5,0.5567168914238989
Unravel,0,0.49690190307379245
Untitled Goose Game,0,0.48942815777678667
Urtuk: The Desolation,4,0.5167824608532872
Utawarerumono: Prelude to the Fallen,13,0.6386130492687572
V Rising,0,0.6433018956885307
VA-11 Hall-A: Cyberpunk Bartender Action,0,0.6607048383762877
VEmpire - The Kings of Darkness,0,0.6679777968471645
VLADiK BRUTAL,0,0.47706460874465273
VR Paradise - Steam Edition,5,0.5530825011379721
VRChat,10,0.3625394086567797
Vacation Simulator,2,0.5578501044327104
Vainglory,0,0.6799475577479768
Valhalla Hills,4,0.5756003800211302
Valheim,0,0.5527674137265188
Valiant Hearts: The Great War™ / Soldats Inconnus : Mémoires de la Grande Guerre™,3,0.4462535264643167
Vampire Legends: The True Story of Kisilova,0,0.5583082807831123
Vampire Survivors,0,0.5675047868563131
Vampire Survivors: Legacy of the Moonspell,2,0.5965269260443984
Vampire: The Masquerade - Bloodhunt,1,0.3862836990287989
Vampire: The Masquerade - Bloodlines,0,0.5980136221612056
Vampire: The Masquerade - Coteries of New York,0,0.6173605386627136
Vampire: The Masquerade – Swansong,0,0.5178772712641868
Vampyr,0,0.643110221380063
Vanaris Tactics,0,0.6335826271085407
Vane,2,0.4136280094725803
Vanguard Exiles,4,0.6619773698954803
Vanishing Realms™,10,0.39908115456001825
Vaporum,0,0.655075550920964
Vault of the Void,14,0.5868736915428203
Verdun,0,0.682511258658676
Vertiginous Golf,0,0.7026797310465356
Vertigo Remastered,0,0.6590429491249229
Victoria 3,0,0.5540796300725909
VillageRhapsody,1,0.40178416850374854
Violet Cycle,0,0.6594852672419214
Virginia,0,0.7436991280386844
VirtuaVerse,0,0.6474931633785117
Virtual Cottage,0,0.6240532331389648
Visage,1,0.5212149152736849
Viscera Cleanup Detail,1,0.4088716049589103
Vivid Knight,4,0.6322776424009429
Void Bastards,0,0.5092091877509035
Void Crew,6,0.6117635210700602
Void Tyrant,0,0.6203488429096842
VoidExpanse,0,0.7257571639337895
Vomitoreum,0,0.49968771515845917
Voodoo Dice,1,0.3309649298115329
Voodoo Vince: Remastered,5,0.4343079355379933
Voxelgram,9,0.521866423931208
WARNO,0,0.7194004782862636
WARSAW RISING: City of Heroes,5,0.5598125232912773
WASTED,4,0.6032902806844237
WRATH: Aeon of Ruin,0,0.5826135903156107
WWE 2K18,0,0.5958798099242802
WWE 2K19,3,0.6178564540267195
WWE 2K19 - Season Pass,6,0.29710566097191554
WWE 2K22,0,0.6993951426173519
WWE 2K24 Season Pass,1,0.4478464559950651
Walking Zombie 2,0,0.6320518839474103
Wall World,0,0.5803986344062682
Wallpaper Engine,9,0.3890513589108026
Wanderer,0,0.7249964862918146
Wantless : Solace at World’s End,0,0.5584336525244087
War Remains: Dan Carlin Presents an Immersive Memory,7,0.5647665873179981
War Thunder,0,0.5503115569857933
War of Omens Card Game,0,0.6121009500683937
WarSphere,0,0.6342637349496719
Warbands: Bushido,0,0.46041847961203
Warbanners,0,0.7888359597070946
Warbox Sandbox,0,0.5229601039236675
Warframe,0,0.5164524492837591
Wargame: European Escalation,3,0.5215019661954812
Wargame: Red Dragon,0,0.5735070152477458
Wargame: Red Dragon - Nation Pack: Israel,2,0.5831806560140258
"Warhammer 40,000: Chaos Gate - Daemonhunters",0,0.3695299964687892
"Warhammer 40,000: Darktide",0,0.5787938349751534
"Warhammer 40,000: Dawn of War - Anniversary Edition",8,0.39419989895472696
"Warhammer 40,000: Dawn of War II - Anniversary Edition",0,0.6819602249436036
"Warhammer 40,000: Dawn of War III",0,0.620478820274941
"Warhammer 40,000: Gladius - Relics of War",2,0.4746628031423879
"Warhammer 40,000: Inquisitor - Martyr",0,0.6216368771749422
"Warhammer 40,000: Regicide",2,0.5196160722376006
"Warhammer 40,000: Rogue Trader",3,0.48164126879345515
"Warhammer 40,000: Sanctus Reach",0,0.5787184212338508
"Warhammer 40,000: Sanctus Reach - Sons of Cadia",0,0.48474628652241203
"Warhammer 40,000: Space Marine - Anniversary Edition",0,0.5603494487607736
"Warhammer 40,000: Space Marine - Chaos Unleashed Map Pack",2,0.62083256722094
"Warhammer 40,000: Space Marine 2",0,0.49731395099090225
"Warhammer 40,000: Space Marine 2 - 4K Texture Pack",3,0.5065192416372861
"Warhammer 40,000: Space Wolf",0,0.6628730230261354
"Warhammer 40,000: Warpforge",0,0.6141902970916648
Warhammer Combat Cards,4,0.5035742265106725
Warhammer Underworlds - Shadespire Edition,0,0.6803959042026251
Warhammer: Chaosbane,0,0.5821594054799896
"Warhammer® 40,000: Dawn of War® – Winter Assault",0,0.6787440213365518
Warlock - Master of the Arcane,0,0.5161869876183514
Warlock 2: The Exiled,0,0.6857295673318495
WarpVector,4,0.6131121678028216
Warrior Next,5,0.5120738544461799
Wars Across The World: Innsmouth 1928,7,0.3746555190839076
Warstone TD,0,0.66918113739404
Wartales,0,0.6776503145476247
Wasteland 2: Director's Cut,4,0.7137851995518215
Wasteland 3,0,0.6386310032351843
Wastelander,4,0.39026815320860314
Watch_Dogs™,4,0.7168099724060966
Watchmen: The End is Nigh,0,0.5658840484351898
We Become What We Behold [Fan-Made Port],1,0.549507027542298
We Happy Few,0,0.7130633015383643
We Happy Few - Lightbearer,0,0.5410290981963148
We Happy Few - Roger & James in They Came From Below,2,0.561338733481314
We Happy Few - Season Pass,0,0.5798303064386656
We Happy Few - We All Fall Down,0,0.6730924225218371
We Were Here,6,0.5305280222618886
We Were Here Expeditions: The FriendShip,0,0.7073833548645714
We Were Here Forever,7,0.388599302124872
We Were Here Together,0,0.677929919409126
We Who Are About To Die,0,0.6635188126751588
Wequer,4,0.6117456056346064
Werewolf: The Apocalypse — Heart of the Forest,1,0.3537754697780702
West of Loathing: Reckonin' at Gun Manor,7,0.4054672796393492
Westerado: Double Barreled,1,0.3369590069772412
What Remains of Edith Finch,1,0.2784343963285135
When Ski Lifts Go Wrong,4,0.6055426614789552
When The Past Was Around,0,0.5401534057838602
Where Angels Cry,0,0.6887816654305334
Whispers of a Machine,4,0.5737322469324345
White Hell,0,0.5995212042268849
White Night,0,0.5245255896766982
Who Pressed Mute on Uncle Marcus?,12,0.5967952028496727
Wick,1,0.5511009519839203
Wigmund,4,0.7221776091010597
Wildermyth,0,0.6205324713588029
Wildfrost,17,0.5798303877216838
Wingspan,8,0.6529836338116372
Winter Voices,7,0.6568019938905496
WinterThunder,0,0.5746892035262456
Witch Amelia,0,0.5384664154019091
Wizard Hand Demo,4,0.6582610366834358
Wizard of Legend,0,0.48307019819907526
Wizorb,0,0.6567820377204439
Wizrogue - Labyrinth of Wizardry,0,0.7639366080998097
Wolfenstein II: The Freedom Chronicles - Episode 1,0,0.5822237872021989
Wolfenstein II: The Freedom Chronicles - Season Pass,0,0.6112619406486153
Wolfenstein II: The New Colossus,0,0.556532771771821
Wolfenstein: The New Order,3,0.703030883963133
Wolfenstein: The Old Blood,0,0.4969689827528172
Wolfenstein: Youngblood,0,0.611453200030531
Wooden House,0,0.648141632671799
Words for Evil,13,0.637755787257871
Workers & Resources: Soviet Republic,4,0.5998124675841912
World War 3,1,0.4618716946030647
World War Z,0,0.6568121452334934
World of Guns: Gun Disassembly,1,0.511890106831665
World of Myths,0,0.647742391700728
World of Warplanes,0,0.6824559079788692
World of Warships,0,0.6362614982924142
World of Warships — Anshan Pack,2,0.36687899546384917
World to the West,0,0.5485837355987855
WorldBox - God Simulator,6,0.43770134016505385
Worms Reloaded,2,0.405747840527874
Worms W.M.D,2,0.44915567092322173
Wreckfest,0,0.44561578627299464
Wreckfest - Rusty Rats Car Pack,9,0.34667036705430154
Wreckfest - Season Pass 2,2,0.37615155200640443
Written in the Sky,0,0.6299126453092599
Wurroom,5,0.5197642533629148
Wuthering Waves,10,0.22237977883992271
X-Blades,3,0.45818928046543306
X-Morph: Defense,0,0.5298095400859473
XCOM 2: Alien Hunters,11,0.5672489531483523
XCOM 2: Anarchy's Children,2,0.5171585990988947
XCOM 2: War of the Chosen,0,0.6258400243666362
XCOM: Enemy Unknown,0,0.6292374174340739
XCOM® 2,0,0.5793449906408936
XCOM®: Chimera Squad,2,0.5908235583897288
XIII - Classic,1,0.5743120102746203
XXZ: XXL,0,0.5626141727904189
Xenonauts,0,0.6148221564483825
Yakuza 0,0,0.45506631335867453
Yakuza 5 Remastered,5,0.35852654474685863
Yakuza 6: The Song of Life,1,0.4425534493264603
Yakuza Kiwami,0,0.5280300263039767
Year Walk,0,0.7198693730717398
Yellow Taxi Goes Vroom,0,0.3833012399952749
Yesterday,0,0.7437143189863331
Yesterday Origins,0,0.675619474178237
Yet Another Zombie Survivors,0,0.6334506531608826
Yield! Fall of Rome,4,0.6392731623612528
Yogurt!,2,0.46931078128260273
Yomawari: Night Alone,13,0.49960091314274746
Yomi,0,0.5314785620334771
You Must Build A Boat,0,0.690805409880216
Yuppie Psycho: Executive Edition,0,0.5869427761035193
ZOMBI,0,0.669750025887858
Zaccaria Pinball,4,0.6187660504494218
Zefira,0,0.5865834817577653
Zen Chess: Mate in One,4,0.49714160811132435
Zen Chess: Mate in Two,0,0.5824767291699655
Zeno Clash,0,0.5318796720466649
Zeno Clash 2,0,0.514647508969825
Zero-K,0,0.674036865736243
Ziggurat,0,0.5192633139996786
Ziggurat 2,4,0.6766203337954078
Zoeti,4,0.6135110763451086
Zombie Driver HD,0,0.5628502557193713
Zombie Epoch:Deck Apocalypse DEMO,0,0.6097846600965959
Zombotron,0,0.494338617412161
Zup!,4,0.6054320224165555
Zup! 9,0,0.513415544298253
Zup! F,4,0.4308174774450798
Zup! S,1,0.40799701831392876
Zup! Z,4,0.30142598635140305
[Chilla's Art] Missing Children | 行方不明,7,0.423276050002449
[Chilla's Art] Night Delivery | 例外配達,3,0.5905995947576848
[Chilla's Art] Okaeri | おかえり,0,0.6400257082208469
[Chilla's Art] Stigmatized Property | 事故物件,0,0.5612975837211861
[Chilla's Art] The Closing Shift | 閉店事件,6,0.45181426609129516
[Chilla's Art] The Ghost Train | 幽霊列車,0,0.5195288022562304
bit Dungeon II,9,0.654433767129054
dotAGE,0,0.6360178470651963
eFootball PES 2021 SEASON UPDATE,15,0.3492761736807244
eversion,0,0.5860897661703649
hexceed,0,0.6096185078919929
macdows 95,12,0.4437784374150962
shapez,4,0.7124451000053089
theHunter: Call of the Wild™,0,0.42449625118649187
