Steam ID,App ID,Game Name,Playtime (hours),Genres,Achievements
76561197971757081,220,Half-Life 2,16.566666666666666,Action,1
76561197971757081,240,Counter-Strike: Source,0.0,Action,0
76561197971757081,320,Half-Life 2: Deathmatch,0.0,Action,0
76561197971757081,360,Half-Life Deathmatch: Source,0.0,Action,0
76561197971757081,1002,Rag Doll Kung Fu,0.0,Indie,0
76561197971757081,1200,Red Orchestra: Ostfront 41-45,0.0,Action,0
76561197971757081,1230,Mare Nostrum,0.0,Action,0
76561197971757081,1280,Darkest Hour: Europe '44-'45,0.0,"Action, Simulation",0
76561197971757081,2500,Shadowgrounds,0.0,Action,0
76561197971757081,3330,Zuma Deluxe,0.0,Casual,0
76561197971757081,2100,Dark Messiah of Might & Magic,0.0,"Action, RPG",0
76561197971757081,2130,Dark Messiah of Might & Magic,0.0,"Action, RPG",0
76561197971757081,3830,Psychonauts,0.0,Action,0
76561197971757081,6900,Hitman: Codename 47,0.0,Action,0
76561197971757081,6850,Hitman 2: Silent Assassin,0.0,Action,0
76561197971757081,6860,Hitman: Blood Money,0.0,Action,0
76561197971757081,6910,Deus Ex: Game of the Year Edition,0.0,Action,0
76561197971757081,6920,Deus Ex: Invisible War,0.0,Action,0
76561197971757081,6980,Thief: Deadly Shadows,0.0,Action,0
76561197971757081,7000,Tomb Raider: Legend,0.0,"Action, Adventure",0
76561197971757081,1700,Arx Fatalis,0.0,RPG,0
76561197971757081,8000,Tomb Raider: Anniversary,0.0,"Action, Adventure",0
76561197971757081,6510,Lost Planet™: Extreme Condition,0.0,"Action, Adventure",0
76561197971757081,9180,Commander Keen,0.0,Action,0
76561197971757081,2270,Wolfenstein 3D,0.0,Action,0
76561197971757081,2280,DOOM + DOOM II,0.0,Action,0
76561197971757081,2360,Hexen: Beyond Heretic,0.0,Action,0
76561197971757081,2370,Hexen: Deathkings of the Dark Citadel,0.0,Action,0
76561197971757081,2390,Heretic: Shadow of the Serpent Riders,0.0,Action,0
76561197971757081,9060,HeXen II,0.0,Action,0
76561197971757081,400,Portal,0.0,Action,0
76561197971757081,3020,Call of Juarez,0.0,Action,0
76561197971757081,12150,Max Payne 2: The Fall of Max Payne,0.0,Action,0
76561197971757081,13520,Far Cry®,0.5,Action,0
76561197971757081,15100,Assassin's Creed™: Director's Cut Edition,0.0,"Action, Adventure",0
76561197971757081,15270,Cold Fear™,0.0,Action,0
76561197971757081,15130,Beyond Good and Evil™,0.0,"Action, Adventure",0
76561197971757081,12320,Sacred Gold,0.0,"Action, RPG",0
76561197971757081,19900,Far Cry® 2,0.0,Action,0
76561197971757081,3050,Xpand Rally Xtreme,0.0,Racing,0
76561197971757081,500,Left 4 Dead,0.0,Action,0
76561197971757081,12200,Bully: Scholarship Edition,0.0,"Action, Adventure",0
76561197971757081,22300,Fallout 3,0.0,RPG,0
76561197971757081,8140,Tomb Raider: Underworld,0.0,"Action, Adventure",0
76561197971757081,13500,Prince of Persia: Warrior Within™,0.0,"Action, Adventure",0
76561197971757081,13530,Prince of Persia: The Two Thrones™,0.0,"Action, Adventure",0
76561197971757081,13600,Prince of Persia®: The Sands of Time,0.0,"Action, Adventure",0
76561197971757081,16730,Legendary,0.0,Action,0
76561197971757081,19980,Prince of Persia®,0.0,"Action, Adventure",0
76561197971757081,9480,Saints Row 2,0.0,Action,0
76561197971757081,17480,Command & Conquer™ Red Alert™ 3,0.0,"Action, Strategy",0
76561197971757081,17410,Mirror's Edge™,0.0,"Action, Adventure",0
76561197971757081,24740,Burnout Paradise: The Ultimate Box,0.0,Racing,0
76561197971757081,18700,And Yet It Moves,0.08333333333333333,"Action, Indie",0
76561197971757081,16720,Velvet Assassin,0.0,Action,0
76561197971757081,3590,Plants vs. Zombies GOTY Edition,0.0,Strategy,0
76561197971757081,26900,Crayon Physics Deluxe,0.0,"Casual, Indie",0
76561197971757081,7860,NecroVision,0.0,Action,0
76561197971757081,25900,King's Bounty: The Legend,0.0,"RPG, Strategy",0
76561197971757081,21980,Call of Juarez: Bound in Blood,0.0,Action,0
76561197971757081,6010,Indiana Jones® and the Fate of Atlantis™,0.0,Adventure,0
76561197971757081,32310,Indiana Jones® and the Last Crusade™,0.0,Adventure,0
76561197971757081,32340,LOOM™,0.0,Adventure,0
76561197971757081,32360,The Secret of Monkey Island: Special Edition,0.0,Adventure,0
76561197971757081,31170,Tales of Monkey Island: Complete Season,0.0,"Adventure, RPG",0
76561197971757081,31180,Tales of Monkey Island Complete Pack: Chapter 2 - The Siege of Spinner Cay,0.0,"Adventure, RPG",0
76561197971757081,31190,Tales of Monkey Island Complete Pack: Chapter 3 - Lair of the Leviathan,0.0,"Adventure, RPG",0
76561197971757081,31200,Tales of Monkey Island Complete Pack: Chapter 4 - The Trial and Execution of Guybrush Threepwood,0.0,"Adventure, RPG",0
76561197971757081,31210,Tales of Monkey Island Complete Pack: Chapter 5 - Rise of the Pirate God,0.0,"Adventure, RPG",0
76561197971757081,3700,Sniper Elite,0.0,Action,0
76561197971757081,21670,Bionic Commando,0.0,"Action, Adventure",0
76561197971757081,27900,Twin Sector,0.0,"Action, Adventure",0
76561197971757081,25930,East India Company,0.0,Strategy,0
76561197971757081,34900,Bad Rats: the Rats' Revenge,0.0,Indie,0
76561197971757081,3620,Zuma's Revenge!,0.0,"Action, Casual",0
76561197971757081,40700,Machinarium,5.266666666666667,"Adventure, Indie",0
76561197971757081,24800,Command & Conquer: Red Alert 3 - Uprising,0.0,"Action, Strategy, Free To Play",0
76561197971757081,1500,Darwinia,0.0,"Indie, Strategy",0
76561197971757081,20900,The Witcher: Enhanced Edition Director's Cut,0.2,"Action, RPG",0
76561197971757081,40330,Secret Files: Tunguska,0.0,Adventure,0
76561197971757081,40340,Secret Files 2: Puritas Cordis,0.0,Adventure,0
76561197971757081,23490,Tropico 3,0.0,"Simulation, Strategy",0
76561197971757081,24790,Command & Conquer 3 Tiberium Wars™,0.0,"Action, Strategy",0
76561197971757081,24810,Command & Conquer™ 3: Kane’s Wrath,0.0,"Action, Strategy",0
76561197971757081,550,Left 4 Dead 2,0.0,Action,0
76561197971757081,1530,Multiwinia,0.0,Indie,0
76561197971757081,41000,Serious Sam HD: The First Encounter,2.65,"Action, Indie",1
76561197971757081,564310,Serious Sam Fusion 2017 (beta),0.0,"Action, Indie",0
76561197971757081,33620,Crash Time 3,0.0,"Action, Racing",0
76561197971757081,40720,Samorost 2,0.0,"Adventure, Casual, Indie",0
76561197971757081,46400,Greed: Black Border,0.0,"Action, RPG",0
76561197971757081,3730,Aliens versus Predator Classic 2000,0.0,Action,0
76561197971757081,9800,Death to Spies,0.0,"Action, Adventure",0
76561197971757081,34410,Death to Spies: Moment of Truth,0.3333333333333333,Action,0
76561197971757081,43500,M.U.D. TV,0.0,"Simulation, Strategy",0
76561197971757081,11200,Shadowgrounds Survivor,0.0,Action,0
76561197971757081,3130,Men of War: Red Tide,0.0,Strategy,0
76561197971757081,10680,Aliens vs. Predator™,0.0,Action,0
76561197971757081,34190,Sonic & SEGA All-Stars Racing,0.0,Racing,0
76561197971757081,33230,Assassin's Creed 2,0.0,"Action, Adventure",0
76561197971757081,47700,Command & Conquer™ 4 Tiberian Twilight,0.0,"Adventure, Strategy",0
76561197971757081,8190,Just Cause 2,9.033333333333333,"Action, Adventure",2
76561197971757081,13560,Tom Clancy's Splinter Cell®,0.0,Action,0
76561197971757081,13570,Tom Clancy's Splinter Cell Chaos Theory®,0.0,Action,0
76561197971757081,13580,Tom Clancy's Splinter Cell Double Agent®,0.0,Action,0
76561197971757081,33220,Tom Clancy's Splinter Cell Conviction™,0.0,Action,0
76561197971757081,41010,Unknown,8.283333333333333,,1
76561197971757081,33320,Prince of Persia: The Forgotten Sands™,0.0,"Action, Adventure",0
76561197971757081,32460,Monkey Island™ 2 Special Edition: LeChuck’s Revenge™,0.0,Adventure,0
76561197971757081,42920,The Kings' Crusade,0.0,Strategy,0
76561197971757081,34920,Razor2: Hidden Skies,0.0,"Action, Casual, Indie",0
76561197971757081,49300,Commander: Conquest of the Americas,0.0,Strategy,0
76561197971757081,57000,NyxQuest: Kindred Spirits,0.0,"Action, Adventure",0
76561197971757081,70900,Star Ruler,0.0,"Indie, Strategy",0
76561197971757081,40350,Lost Horizon,0.0,Adventure,0
76561197971757081,46450,Grotesque Tactics: Evil Heroes,0.0,"Indie, RPG, Strategy",0
76561197971757081,39500,Gothic® 3,0.0,"Action, RPG",0
76561197971757081,39510,Gothic II: Gold Edition,0.0,"Action, RPG",0
76561197971757081,65540,Gothic 1,0.0,"Action, RPG",0
76561197971757081,950670,Gothic Playable Teaser,0.0,RPG,0
76561197971757081,33600,Broken Sword 2 - the Smoking Mirror: Remastered (2010),0.0,"Adventure, Casual",0
76561197971757081,33610,Broken Sword 3 - the Sleeping Dragon (2003),0.0,Adventure,0
76561197971757081,57640,Broken Sword: Director's Cut (2009),0.0,Adventure,0
76561197971757081,1630,Disciples II: Rise of the Elves ,0.0,Strategy,0
76561197971757081,41730,Ion Assault,0.0,"Action, Casual, Indie",0
76561197971757081,23450,Grand Ages: Rome,0.0,"Simulation, Strategy",0
76561197971757081,40380,nail'd,0.0,Racing,0
76561197971757081,15700,Oddworld: Abe's Oddysee®,0.0,Adventure,0
76561197971757081,15710,Oddworld: Abe's Exoddus®,0.0,Adventure,0
76561197971757081,15740,Oddworld: Munch's Oddysee,0.0,"Action, Adventure, Strategy",0
76561197971757081,15750,Oddworld: Stranger's Wrath HD,0.0,"Action, Adventure, Strategy",0
76561197971757081,92300,A.R.E.S.: Extinction Agenda,0.0,"Action, Indie",0
76561197971757081,48190,Assassin’s Creed® Brotherhood,0.0,"Action, Adventure",0
76561197971757081,63960,Theatre of War 3: Korea,0.0,Strategy,0
76561197971757081,41740,Cargo! The Quest for Gravity,0.0,"Action, Adventure, Simulation",0
76561197971757081,620,Portal 2,3.9833333333333334,"Action, Adventure",1
76561197971757081,96000,The Tiny Bang Story,0.0,"Adventure, Casual, Indie",0
76561197971757081,96200,Steel Storm: Burning Retribution,0.0,"Action, Indie",0
76561197971757081,20920,The Witcher 2: Assassins of Kings Enhanced Edition,3.0,RPG,0
76561197971757081,46500,Syberia,0.0,"Adventure, Casual",0
76561197971757081,46510,Syberia II,3.9833333333333334,Adventure,0
76561197971757081,22450,Hunted: The Demon’s Forge™,0.0,"Action, Adventure",0
76561197971757081,39530,Painkiller: Black Edition,0.0,Action,0
76561197971757081,3270,Painkiller Overdose,0.0,Action,0
76561197971757081,24670,Trainz™ Simulator 12,0.0,Simulation,0
76561197971757081,70120,Hacker Evolution Duality,0.0,Indie,0
76561197971757081,42890,Sword of the Stars: Complete Collection,0.0,Strategy,0
76561197971757081,105700,Tobe's Vertical Adventure,0.0,"Action, Adventure, Indie",0
76561197971757081,46540,Trapped Dead,0.0,"Action, Strategy",0
76561197971757081,49330,Pirates of Black Cove,0.0,Strategy,0
76561197971757081,95900,Air Conflicts: Secret Wars,0.0,"Action, Simulation",0
76561197971757081,98100,Trauma,0.0,"Adventure, Casual, Indie",0
76561197971757081,48000,LIMBO,0.0,"Action, Adventure, Indie",0
76561197971757081,111400,Bunch of Heroes,0.0,"Action, Indie",0
76561197971757081,17710,Nuclear Dawn,0.0,"Action, Strategy",0
76561197971757081,46560,Robin Hood: The Legend of Sherwood,0.0,Strategy,0
76561197971757081,6800,Commandos: Behind Enemy Lines,0.0,Action,0
76561197971757081,6830,Commandos 2: Men of Courage,0.0,Strategy,0
76561197971757081,6840,Commandos 3: Destination Berlin,0.0,Action,0
76561197971757081,73210,Sengoku,0.0,"RPG, Simulation, Strategy",0
76561197971757081,200550,Dungeons - The Dark Lord,0.0,"RPG, Simulation, Strategy",0
76561197971757081,9350,Supreme Commander,0.0,Strategy,0
76561197971757081,9420,Supreme Commander: Forged Alliance,0.0,Strategy,0
76561197971757081,102840,Shank 2,0.0,"Action, Adventure, Indie",0
76561197971757081,91100,SkyDrift,0.0,"Indie, Racing",2
76561197971757081,110800,L.A. Noire,0.75,"Adventure, Strategy",0
76561197971757081,110400,inMomentum,0.0,"Indie, Racing",0
76561197971757081,73060,Defenders of Ardania,0.0,Strategy,0
76561197971757081,46570,Grotesque Tactics 2 – Dungeons and Donuts,0.0,"Adventure, Indie, RPG, Strategy",0
76561197971757081,16450,F.E.A.R. 2: Project Origin,0.0,Action,0
76561197971757081,21090,F.E.A.R.,0.0,Action,0
76561197971757081,21100,F.E.A.R. 3,0.0,Action,0
76561197971757081,21110,F.E.A.R.,0.0,Action,0
76561197971757081,21120,F.E.A.R.,0.0,Action,0
76561197971757081,41070,Serious Sam 3: BFE,9.35,"Action, Indie",22
76561197971757081,201570,Really Big Sky,0.0,"Action, Indie",0
76561197971757081,41050,Serious Sam Classic: The First Encounter,0.0,"Action, Indie",0
76561197971757081,41060,Serious Sam Classic: The Second Encounter,0.0,"Action, Indie",0
76561197971757081,227780,Serious Sam Classics: Revolution,0.0,"Action, Indie",0
76561197971757081,2990,FlatOut 2,0.0,Racing,0
76561197971757081,6220,FlatOut,0.0,"Action, Racing, Simulation",0
76561197971757081,12360,FlatOut: Ultimate Carnage Collector's Edition,0.0,Racing,0
76561197971757081,201510,FlatOut 3: Chaos & Destruction,0.0,Racing,0
76561197971757081,33130,Zombie Shooter,0.0,"Action, Indie, RPG",0
76561197971757081,203990,SATAZIUS,0.0,"Action, Indie",0
76561197971757081,23530,Earth Defense Force: Insect Armageddon,0.0,Action,0
76561197971757081,10220,Postal III,0.0,Action,0
76561197971757081,202530,Sonic the Hedgehog 4 - Episode I,0.016666666666666666,,0
76561197971757081,200940,Sonic CD,0.0,,1
76561197971757081,33680,eversion,0.0,Indie,0
76561197971757081,4300,RoboBlitz,0.0,"Action, Indie",0
76561197971757081,204340,Serious Sam 2,0.0,"Action, Indie",0
76561197971757081,67370,The Darkness II,0.0,Action,0
76561197971757081,108500,Vessel,0.0,"Action, Indie, Strategy",0
76561197971757081,202390,Unknown,0.0,,0
76561197971757081,108710,Alan Wake,2.3833333333333333,"Action, Adventure",1
76561197971757081,206760,Painkiller: Recurring Evil,0.0,Action,0
76561197971757081,200630,Unknown,0.0,,0
76561197971757081,49600,Beat Hazard,0.0,"Action, Casual, Indie",0
76561197971757081,209330,A Valley Without Wind,0.0,"Action, Adventure, Indie",0
76561197971757081,228320,A Valley Without Wind 2,0.0,"Action, Adventure, Indie, Strategy",0
76561197971757081,207490,Rayman® Origins,0.0,"Action, Adventure",0
76561197971757081,202370,Scary Girl,0.0,Action,1
76561197971757081,33120,Alien Shooter 2: Reloaded,0.0,"Action, Indie, RPG",0
76561197971757081,203630,Warlock - Master of the Arcane,0.0,Strategy,0
76561197971757081,1640,Disciples II: Gallean's Return,0.0,Strategy,0
76561197971757081,207190,Fireburst,0.0,"Action, Adventure, Racing",0
76561197971757081,37000,The Void,0.0,"Action, Adventure",0
76561197971757081,211600,Thief™ Gold,0.0,"Action, Simulation",0
76561197971757081,211740,Thief™ II: The Metal Age,0.0,"Action, Simulation",0
76561197971757081,207690,Botanicula,3.5166666666666666,"Adventure, Casual, Indie",2
76561197971757081,202750,Alan Wake's American Nightmare,0.0,"Action, Adventure",0
76561197971757081,7650,X-COM: Terror From the Deep,0.0,Strategy,0
76561197971757081,7660,X-COM: Apocalypse,0.0,Strategy,0
76561197971757081,7730,X-COM: Interceptor,0.0,Strategy,0
76561197971757081,7760,X-COM: UFO Defense,0.0,Strategy,0
76561197971757081,7770,X-COM: Enforcer,0.0,Strategy,0
76561197971757081,6250,Making History: The Calm & the Storm,0.0,"Action, Strategy",0
76561197971757081,23700,Puzzle Kingdoms,0.0,Casual,0
76561197971757081,46750,Dark Fall: Lost Souls,0.0,"Adventure, Indie",0
76561197971757081,204100,Max Payne 3,1.6666666666666667,Action,11
76561197971757081,205910,Tiny and Big: Grandpa's Leftovers,0.0,Indie,0
76561197971757081,200010,Quantum Conundrum,0.0,"Casual, Strategy",0
76561197971757081,212010,Galaxy on Fire 2™ Full HD,0.0,"Action, Indie, Simulation, Strategy",0
76561197971757081,46320,Unknown,0.0,,0
76561197971757081,46270,Star Wolves,0.0,"RPG, Strategy",0
76561197971757081,46370,Rig n Roll,0.0,Simulation,0
76561197971757081,46340,Theatre of War 2: Africa 1943,0.0,"Simulation, Strategy",0
76561197971757081,46380,Reign: Conflict of Nations,0.0,Strategy,0
76561197971757081,202310,Ridge Racer™ Unbounded,0.0,Racing,0
76561197971757081,214150,Galactic Civilizations® I: Ultimate Edition,0.0,"Indie, Strategy",0
76561197971757081,214340,Deponia,0.0,"Adventure, Indie",0
76561197971757081,1600,Dangerous Waters,0.0,Strategy,0
76561197971757081,6200,Ghost Master®,0.0,Strategy,0
76561197971757081,1690,Space Empires V,0.0,Strategy,0
76561197971757081,215670,Home,0.0,"Adventure, Indie",0
76561197971757081,219070,Miner Wars Arena,0.0,"Action, Indie",0
76561197971757081,7830,Men of War™,0.0,Strategy,0
76561197971757081,63900,Fantasy Wars,0.0,Strategy,0
76561197971757081,204360,Castle Crashers®,0.0,"Action, Adventure, Casual, Indie, RPG",0
76561197971757081,46290,Theatre of War,0.0,Strategy,0
76561197971757081,216210,Secret Files 3,0.0,Adventure,0
76561197971757081,25830,Knights of Honor,0.0,Strategy,0
76561197971757081,22130,Hearts of Iron 2 Complete,0.0,Strategy,0
76561197971757081,49520,Borderlands 2,0.0,"Action, RPG",0
76561197971757081,217690,Anna - Extended Edition,0.0,"Adventure, Indie",0
76561197971757081,7510,X-Blades,0.0,"Nudity, Violent, Action, Adventure, RPG",0
76561197971757081,200370,A Game of Dwarves,0.0,"Casual, Strategy",0
76561197971757081,205100,Dishonored,0.0,"Action, Adventure",0
76561197971757081,200510,XCOM: Enemy Unknown,0.0,Strategy,0
76561197971757081,39630,AquaNox,0.0,Action,0
76561197971757081,39640,AquaNox 2: Revelation,0.0,Action,0
76561197971757081,65500,Aura: Fate of the Ages,0.0,Adventure,0
76561197971757081,215510,Rocketbirds: Hardboiled Chicken,10.016666666666667,"Adventure, Indie",1
76561197971757081,23460,Ceville,0.0,"Action, Adventure, Strategy",0
76561197971757081,57650,Dungeons,0.0,"RPG, Strategy",0
76561197971757081,23400,Imperium Romanum Gold Edition,0.0,"Simulation, Strategy",0
76561197971757081,33570,Patrician III,0.0,"RPG, Simulation, Strategy",0
76561197971757081,57620,Patrician IV,0.0,Strategy,0
76561197971757081,57690,Tropico 4,0.0,"Simulation, Strategy",0
76561197971757081,33520,Tropico Reloaded,0.0,"Simulation, Strategy",0
76561197971757081,33530,Tropico Reloaded,0.0,"Simulation, Strategy",0
76561197971757081,207040,Sine Mora,0.0,"Action, Indie",0
76561197971757081,606730,Sine Mora EX,0.0,Action,0
76561197971757081,4720,Condemned: Criminal Origins,0.0,Action,0
76561197971757081,223470,POSTAL 2,0.0,"Action, Adventure, Indie",0
76561197971757081,55230,Saints Row: The Third,23.366666666666667,Action,20
76561197971757081,223430,Miner Wars 2081,0.0,"Action, Adventure, Indie, RPG, Simulation",0
76561197971757081,220240,Far Cry 3,1.35,"Action, Adventure",0
76561197971757081,214320,Unknown,0.0,,0
76561197971757081,203140,Hitman: Absolution™,0.0,Action,0
76561197971757081,205930,Unknown,0.0,,0
76561197971757081,18480,Mata Hari,0.0,Adventure,0
76561197971757081,46260,Star Wolves 3: Civil War,0.0,"RPG, Strategy",0
76561197971757081,224300,Legacy of Kain: Defiance,0.0,"Action, Adventure",0
76561197971757081,224940,Legacy of Kain: Soul Reaver 2 (2001),0.0,"Action, Adventure",0
76561197971757081,224960,Tomb Raider I (1996),2.283333333333333,"Action, Adventure",0
76561197971757081,225300,Tomb Raider II (1997),0.0,"Action, Adventure",0
76561197971757081,225320,Tomb Raider III (1998),0.0,"Action, Adventure",0
76561197971757081,224980,Tomb Raider IV: The Last Revelation (1999),0.0,"Action, Adventure",0
76561197971757081,225000,Tomb Raider V: Chronicles (2000),0.0,"Action, Adventure",0
76561197971757081,225020,Tomb Raider VI: The Angel of Darkness (2003),0.0,Action,0
76561197971757081,204940,Crusader Kings Complete,0.0,Strategy,0
76561197971757081,217270,Karateka,0.0,"Action, Indie, Strategy",0
76561197971757081,224420,Unknown,0.0,,0
76561197971757081,105000,A New Beginning - Final Cut,0.0,"Adventure, Indie",0
76561197971757081,220090,The Journey Down: Chapter One,0.0,"Adventure, Indie",0
76561197971757081,11020,TrackMania Nations Forever,0.0,Racing,0
76561197971757081,99900,Spiral Knights,0.0,"Action, Adventure, Casual, Free To Play, Indie, Massively Multiplayer, RPG",0
76561197971757081,99910,Puzzle Pirates,0.0,"Adventure, Casual, Free To Play, Massively Multiplayer, Strategy",0
76561197971757081,109600,Neverwinter,0.0,"Action, Adventure, Massively Multiplayer, RPG, Free To Play",0
76561197971757081,201230,EverQuest II,0.0,"Massively Multiplayer, RPG, Free To Play",0
76561197971757081,212500,The Lord of the Rings Online™,0.0,"Action, Adventure, Massively Multiplayer, RPG, Free To Play",0
76561197971757081,218230,PlanetSide 2,0.0,"Action, Massively Multiplayer, Free To Play",0
76561197971757081,1083500,PlanetSide 2 - Test,0.0,"Action, Free To Play, Massively Multiplayer",0
76561197971757081,230410,Warframe,0.0,"Action, RPG, Free To Play",0
76561197971757081,231060,Ragnarok Online 2,0.0,"Free To Play, Massively Multiplayer, RPG",0
76561197971757081,236390,War Thunder,0.0,"Action, Massively Multiplayer, Simulation, Free To Play",0
76561197971757081,238070,Shadow Warrior Classic (1997),0.0,Action,0
76561197971757081,238260,Pinball Arcade,0.0,"Free To Play, Simulation",0
76561197971757081,238960,Path of Exile,0.0,"Action, Adventure, Indie, Massively Multiplayer, RPG, Free To Play",0
76561197971757081,240320,Panzar,0.0,"Action, Massively Multiplayer, RPG, Free To Play",0
76561197971757081,300970,Fiesta Online NA,0.0,"Action, Adventure, Casual, Massively Multiplayer, RPG, Simulation, Free To Play",0
76561197971757081,206480,Dungeons & Dragons Online®,0.0,"Action, Adventure, Massively Multiplayer, RPG, Free To Play",0
76561197971757081,214420,Gear Up,0.0,"Action, Free To Play, Indie",0
76561197971757081,223710,Cry of Fear,0.0,"Action, Adventure, Indie",0
76561197971757081,234330,MARVEL Puzzle Quest,0.0,"Casual, RPG, Strategy, Free To Play",0
76561197971757081,250600,The Plan,0.0,"Casual, Free To Play, Indie",0
76561197971757081,206500,AirMech,0.0,"Action, Indie, Strategy, Free To Play",0
76561197971757081,204240,The Bridge,8.966666666666667,"Adventure, Casual, Indie, Strategy",0
76561197971757081,221040,Resident Evil 6,0.0,"Action, Adventure",0
76561197971757081,24460,King Arthur: Fallen Champions,0.0,"RPG, Strategy",0
76561197971757081,24470,Unknown,0.0,,0
76561197971757081,24480,King Arthur II: The Role-Playing Wargame,0.0,"RPG, Strategy",0
76561197971757081,227380,Dragon's Lair,0.0,"Action, Adventure, Casual",0
76561197971757081,203160,Tomb Raider,6.45,"Action, Adventure",0
76561197971757081,46850,Zombie Pirates,0.0,Casual,0
76561197971757081,6210,Vegas: Make It Big™,0.0,Strategy,0
76561197971757081,57680,The First Templar - Steam Special Edition,0.0,"Action, Adventure",0
76561197971757081,233550,Another World – 20th Anniversary Edition,1.4666666666666666,"Action, Adventure",13
76561197971757081,202270,Unknown,0.0,,0
76561197971757081,233720,Surgeon Simulator,0.0,"Action, Indie, Simulation",0
76561197971757081,232970,Thunder Wolves,0.0,"Action, Casual, Indie",0
76561197971757081,228300,Remember Me,0.0,"Action, Adventure",0
76561197971757081,227480,God Mode,0.0,Action,0
76561197971757081,23120,Unknown,0.0,,0
76561197971757081,233270,Far Cry 3 - Blood Dragon,1.5666666666666667,"Action, Adventure",0
76561197971757081,215690,Zeno Clash 2,0.0,"Action, Indie",0
76561197971757081,65930,The Bureau: XCOM Declassified,2.816666666666667,Action,1
76561197971757081,238210,System Shock® 2 (Classic),0.0,"Action, RPG",0
76561197971757081,236370,Interstellar Marines,0.0,"Action, Indie, RPG, Simulation, Early Access",0
76561197971757081,242760,The Forest,0.0,"Action, Adventure, Indie, Simulation",0
76561197971757081,243280,Poöf,0.0,"Action, Indie, Strategy",0
76561197971757081,39140,FINAL FANTASY VII,0.0,RPG,0
76561197971757081,244690,Face Noir,0.0,"Adventure, Indie",0
76561197971757081,237110,Mortal Kombat Komplete Edition,4.066666666666666,Action,0
76561197971757081,207370,eXceed - Gun Bullet Children,0.0,"Action, Indie",0
76561197971757081,246680,Secrets of Rætikon,0.0,"Action, Adventure, Indie",0
76561197971757081,246740,Huntsman: The Orphanage (Halloween Edition),0.0,"Action, Adventure, Indie",0
76561197971757081,246960,Giana Sisters: Twisted Dreams - Rise of the Owlverlord,4.633333333333334,"Action, Indie",1
76561197971757081,247310,Gravi,0.0,"Early Access, Indie",0
76561197971757081,247370,Mutant Mudds Deluxe,0.0,"Action, Indie",0
76561197971757081,243780,PixelJunk™ Monsters Ultimate,0.0,Strategy,0
76561197971757081,237630,DuckTales: Remastered,0.0,"Action, Adventure, Casual",0
76561197971757081,244210,Assetto Corsa,0.0,"Indie, Racing, Simulation, Sports",2
76561197971757081,248550,Megabyte Punch,0.0,"Action, Adventure, Indie",0
76561197971757081,218620,PAYDAY 2,0.0,"Action, RPG",0
76561197971757081,249680,Marlow Briggs and the Mask of Death,0.0,"Action, Adventure",0
76561197971757081,209000,Batman™: Arkham Origins,0.0,"Action, Adventure",0
76561197971757081,245280,ENSLAVED™: Odyssey to the West™ Premium Edition,0.0,"Action, Adventure",0
76561197971757081,250030,Lilly Looking Through,0.0,"Adventure, Indie",0
76561197971757081,250380,Knock-knock,0.0,"Adventure, Casual",0
76561197971757081,250460,Bridge Constructor,0.0,"Casual, Indie, Simulation",0
76561197971757081,250580,Paranautical Activity: Deluxe Atonement Edition,0.0,"Action, Indie, RPG",0
76561197971757081,240340,Space Ace,0.0,"Action, Adventure, Casual",0
76561197971757081,29130,Musaic Box,0.0,"Indie, Casual",0
76561197971757081,226720,LOST PLANET® 3,0.0,Action,0
76561197971757081,251430,The Inner World,0.0,"Adventure, Indie",0
76561197971757081,251830,Stick it to The Man!,2.35,"Action, Adventure, Indie",0
76561197971757081,251910,Solar Flux,0.0,"Indie, Strategy",0
76561197971757081,252010,Oniken: Unstoppable Edition,0.0,"Action, Indie",0
76561197971757081,252410,SteamWorld Dig,0.0,"Action, Adventure, Indie",0
76561197971757081,252570,Depths of Fear :: Knossos,0.0,"Action, Adventure, Indie",0
76561197971757081,253310,Fester Mudd: Curse of the Gold - Episode 1,0.0,Adventure,0
76561197971757081,253330,Neverending Nightmares,0.0,"Action, Adventure, Indie",0
76561197971757081,253410,Ravensword: Shadowlands,0.0,"Action, Adventure, Indie, RPG",0
76561197971757081,253470,Unknown,0.0,,0
76561197971757081,253750,Ikaruga,0.0,"Action, Indie",0
76561197971757081,253920,Gorky 17,0.0,"RPG, Strategy",0
76561197971757081,254060,KnightShift,0.0,"RPG, Strategy",0
76561197971757081,243450,Urban Trial Freestyle,0.0,"Action, Racing, Simulation, Sports",0
76561197971757081,247240,Volgarr the Viking,0.0,"Action, Adventure, Indie",0
76561197971757081,255320,Edna & Harvey: The Breakout,0.0,"Adventure, Indie",0
76561197971757081,247430,Hitman: Contracts,0.0,Action,0
76561197971757081,247660,Deadly Premonition: The Director's Cut,0.0,"Action, Adventure",0
76561197971757081,256330,WRC 4 FIA World Rally Championship,0.0,Racing,0
76561197971757081,256370,MXGP - The Official Motocross Videogame,0.0,"Racing, Simulation, Sports",4
76561197971757081,257030,Project Nimbus: Complete Edition,0.0,"Action, Indie",0
76561197971757081,257220,Secret Files: Sam Peters,0.0,Adventure,0
76561197971757081,258220,Blood Knights,0.0,"Action, RPG",0
76561197971757081,259390,Ballpoint Universe - Infinite,0.0,"Action, Indie",0
76561197971757081,259490,Beast Boxing Turbo,0.0,"Action, Indie, Sports",0
76561197971757081,259600,Finding Teddy,0.0,"Adventure, Indie",0
76561197971757081,259760,Two Brothers,0.0,"Action, Adventure, Indie, RPG",0
76561197971757081,260190,Marc Eckō's Getting Up: Contents Under Pressure,0.0,"Action, Adventure",0
76561197971757081,240360,Dragon's Lair 2: Time Warp,0.0,"Action, Adventure, Casual",0
76561197971757081,20500,Red Faction Guerrilla Steam Edition,0.0,Action,0
76561197971757081,55110,Red Faction®: Armageddon™,0.0,Action,0
76561197971757081,667720,Red Faction Guerrilla Re-Mars-tered,0.0,,0
76561197971757081,260650,Cold War,0.0,Action,0
76561197971757081,252150,Grimm,5.866666666666666,"Casual, Indie",0
76561197971757081,242700,Injustice: Gods Among Us Ultimate Edition,6.45,Action,4
76561197971757081,261720,Holy Avatar vs. Maidens of the Dead,0.0,"Adventure, Casual, Indie, RPG, Strategy",0
76561197971757081,262060,Darkest Dungeon®,0.0,"Indie, RPG, Strategy",0
76561197971757081,262260,Jets'n'Guns Gold,0.0,"Action, Indie",0
76561197971757081,262550,Gunman Clive,0.0,"Action, Indie",0
76561197971757081,262690,Little Racers STREET,0.0,"Casual, Indie, Racing",0
76561197971757081,262850,The Journey Down: Chapter Two,0.0,"Adventure, Indie",0
76561197971757081,263280,Unknown,0.0,,0
76561197971757081,263300,BlazBlue: Calamity Trigger,0.0,Action,0
76561197971757081,263320,Saturday Morning RPG,0.0,"Indie, RPG",0
76561197971757081,263420,Probably Archery,0.0,"Action, Casual, Indie, Sports",0
76561197971757081,263740,FootLOL: Epic Soccer League,0.0,"Action, Indie, RPG, Sports",0
76561197971757081,264730,Deadly 30,0.0,"Action, Indie",0
76561197971757081,265330,Gomo,4.483333333333333,"Adventure, Indie",0
76561197971757081,265930,Goat Simulator,7.4,"Casual, Indie, Simulation",2
76561197971757081,266010,LYNE,0.0,"Casual, Indie",0
76561197971757081,266170,Windforge,0.0,"Action, Indie, RPG",0
76561197971757081,39150,FINAL FANTASY VIII,0.0,RPG,0
76561197971757081,267920,Gun Metal,0.0,Action,0
76561197971757081,268540,The Whispered World Special Edition,0.11666666666666667,"Adventure, Indie",0
76561197971757081,269210,Hero Siege,0.0,"Action, Adventure, Indie, Massively Multiplayer, RPG",0
76561197971757081,269610,Arcane Worlds,0.0,"Action, Adventure, Early Access, Indie, Strategy",0
76561197971757081,269650,Dex,0.0,"Action, Adventure, Indie, RPG",0
76561197971757081,235460,METAL GEAR RISING: REVENGEANCE,0.016666666666666666,Action,1
76561197971757081,267670,Realms of Arkania 1 - Blade of Destiny Classic,0.0,RPG,0
76561197971757081,270750,Realms of Arkania 2 - Star Trail Classic,0.0,RPG,0
76561197971757081,270760,Realms of Arkania 3 - Shadows over Riva Classic,0.0,RPG,0
76561197971757081,254460,Obscure,0.0,"Action, Adventure",0
76561197971757081,254480,Obscure II (Obscure: The Aftermath),0.5833333333333334,"Action, Adventure",1
76561197971757081,271900,Hexcells Plus,0.0,"Casual, Indie, Strategy",0
76561197971757081,272010,Aveyond 3-1: Lord of Twilight,0.0,"Adventure, Casual, Indie, RPG",0
76561197971757081,272040,KAMI,0.0,"Casual, Indie",0
76561197971757081,272060,Serena,0.0,"Adventure, Indie",0
76561197971757081,266330,Ethan: Meteor Hunter,0.0,"Action, Indie",0
76561197971757081,274170,Hotline Miami 2: Wrong Number,0.0,"Action, Indie",0
76561197971757081,274190,Broforce,0.0,"Action, Adventure, Casual, Indie",0
76561197971757081,277110,Return to Mysterious Island,0.0,"Adventure, Casual",0
76561197971757081,277270,Return to Mysterious Island 2,0.0,"Adventure, Casual",0
76561197971757081,277450,Imperial Glory,0.0,Strategy,0
76561197971757081,277460,Praetorians,0.0,"Indie, Strategy",0
76561197971757081,277490,Battle Group 2,0.0,"Action, Indie, Strategy",0
76561197971757081,278100,"RIVE: Wreck, Hack, Die, Retry!",0.0,Action,0
76561197971757081,239160,Thief,8.116666666666667,"Action, Adventure",1
76561197971757081,278570,Labyrinthine Dreams,0.0,"Adventure, Casual, Indie",0
76561197971757081,278890,Angvik,0.0,"Action, Indie",0
76561197971757081,279560,Dracula 4 and  5 - Special Steam Edition,0.0,Adventure,0
76561197971757081,279720,The I of the Dragon,0.0,RPG,0
76561197971757081,281200,A Boy and His Blob,9.933333333333334,Adventure,1
76561197971757081,281350,US and THEM,0.0,Strategy,0
76561197971757081,281370,Real Horror Stories Ultimate Edition,0.0,Indie,0
76561197971757081,235210,STRIDER™ / ストライダー飛竜®,3.0166666666666666,"Action, Adventure",4
76561197971757081,281750,Munin,7.8,"Adventure, Casual, Indie",0
76561197971757081,281820,Explodemon,0.0,"Action, Adventure, Casual, Indie",0
76561197971757081,282010,Carmageddon Max Pack,0.0,"Action, Indie, Racing",0
76561197971757081,282030,Carmageddon 2: Carpocalypse Now,0.0,"Action, Indie, Racing",0
76561197971757081,282530,Castlevania: Lords of Shadow – Mirror of Fate HD,0.0,"Action, Adventure",0
76561197971757081,283080,Super Chibi Knight,0.0,"Action, Adventure, Indie, RPG",0
76561197971757081,283290,Nosferatu: The Wrath of Malachi,0.0,"Action, Adventure",0
76561197971757081,283350,Eurofighter Typhoon,0.0,Action,0
76561197971757081,283430,Litil Divil,0.0,"Action, Adventure",0
76561197971757081,283680,Astebreed: Definitive Edition,0.0,"Action, Indie",0
76561197971757081,254700,Resident Evil 4 (2005),0.0,"Action, Adventure",0
76561197971757081,286480,Black Mirror III,0.0,Adventure,0
76561197971757081,258180,Deus Ex: The Fall,0.0,"Action, Adventure, RPG",1
76561197971757081,289050,Shannon Tweed's Attack Of The Groupies,0.0,Casual,0
76561197971757081,289280,El Matador,0.0,Action,0
76561197971757081,289300,Faces of War,0.0,"Action, Simulation, Strategy",0
76561197971757081,289360,Konung 2,0.0,RPG,0
76561197971757081,289380,Konung 3: Ties of the Dynasty,0.0,RPG,0
76561197971757081,289440,Perimeter,0.0,Strategy,0
76561197971757081,233290,Murdered: Soul Suspect,3.4833333333333334,"Action, Adventure, RPG",0
76561197971757081,289780,Requiem: Desiderium Mortis,0.0,"Action, Adventure, Casual, Massively Multiplayer, RPG, Free To Play",0
76561197971757081,290710,Unknown,0.0,,0
76561197971757081,291330,Final Slam 2,0.0,"Action, Casual, Indie, Sports",0
76561197971757081,291630,Mirror Mysteries,0.0,Adventure,0
76561197971757081,292390,Realms of the Haunting,0.0,Action,0
76561197971757081,201810,Wolfenstein: The New Order,0.0,Action,0
76561197971757081,294810,BlazBlue: Continuum Shift Extend,0.0,Action,0
76561197971757081,295550,Royal Quest,0.0,"Free To Play, Massively Multiplayer, RPG",0
76561197971757081,296070,MIND: Path to Thalamus Enhanced Edition,0.0,"Adventure, Indie, Strategy",0
76561197971757081,296730,Viktor,2.15,"Action, Adventure, Indie",0
76561197971757081,297570,Warrior Kings,0.0,Strategy,0
76561197971757081,260160,The Last Tinker™: City of Colors,9.65,"Action, Adventure, Indie",0
76561197971757081,299150,Empress Of The Deep,0.0,Adventure,0
76561197971757081,299170,Vault Cracker,0.0,Adventure,0
76561197971757081,237930,Transistor,1.8833333333333333,"Action, Indie, RPG",0
76561197971757081,299440,Rooks Keep,0.0,"Action, Indie, Strategy",0
76561197971757081,299950,GET EVEN,0.0,"Action, Indie",0
76561197971757081,300040,Divine Souls F2P MMO,0.0,"Action, Adventure, Free To Play, Indie, Massively Multiplayer, RPG, Strategy",0
76561197971757081,301200,Frederic: Evil Strikes Back,0.0,"Action, Casual, Indie",0
76561197971757081,219910,Edna & Harvey: Harvey's New Eyes,0.0,"Adventure, Indie",0
76561197971757081,230820,The Night of the Rabbit,0.0,"Adventure, Indie",0
76561197971757081,243200,The Dark Eye: Memoria,0.0,"Adventure, Indie",0
76561197971757081,301640,Zombie Army Trilogy,0.0,Action,0
76561197971757081,302710,BlazeRush,0.0,"Action, Casual, Indie, Racing",0
76561197971757081,243470,Watch_Dogs™,1.7833333333333334,"Action, Adventure",0
76561197971757081,304050,Trove,0.0,"Action, Adventure, Casual, Massively Multiplayer, RPG, Free To Play",0
76561197971757081,304430,INSIDE,0.0,"Action, Adventure, Indie",0
76561197971757081,304530,Agents of Mayhem,0.0,Action,0
76561197971757081,238090,Sniper Elite 3,0.0,"Action, Adventure",0
76561197971757081,305480,Heileen 2: The Hands Of Fate,0.0,"Adventure, Casual, Indie",0
76561197971757081,26800,Braid,0.0,"Casual, Indie, Strategy",0
76561197971757081,308000,Gold Rush! Classic,8.583333333333334,"Action, Adventure",0
76561197971757081,256190,Enemy Front,0.0,Action,0
76561197971757081,308040,Back to Bed,1.5833333333333333,"Action, Casual, Indie",0
76561197971757081,310560,DiRT Rally,0.0,"Racing, Simulation, Sports",2
76561197971757081,310850,Onikira - Demon Killer,0.0,"Action, Adventure, Indie",0
76561197971757081,311340,METAL GEAR SOLID V: GROUND ZEROES,0.03333333333333333,"Action, Adventure",1
76561197971757081,291480,Warface: Clutch,0.0,"Action, Massively Multiplayer, Free To Play",0
76561197971757081,312670,Strange Brigade,0.0,"Action, Adventure",0
76561197971757081,312840,Fahrenheit: Indigo Prophecy Remastered,0.0,"Adventure, RPG",0
76561197971757081,312990,The Expendabros,0.0,"Action, Adventure, Indie, Free To Play",0
76561197971757081,305490,Heileen 3: New Horizons,0.0,"Adventure, Casual, Indie, Simulation",0
76561197971757081,307190,Nicole,0.0,"Adventure, Casual, Simulation",0
76561197971757081,227940,Heroes & Generals,0.0,"Action, Free To Play, Indie, Massively Multiplayer, Strategy",0
76561197971757081,313730,Sunrider: Mask of Arcadius,0.0,"Free To Play, Indie, RPG, Strategy",0
76561197971757081,314200,Bionic Heart,0.0,"Adventure, Indie",0
76561197971757081,206420,Saints Row IV: Re-Elected,9.75,"Action, Adventure",0
76561197971757081,314790,Silence,0.0,"Adventure, Indie",0
76561197971757081,255070,Abyss Odyssey,0.0,"Action, Adventure, Indie",0
76561197971757081,315260,Space Hack,0.0,"Action, Indie, RPG",0
76561197971757081,315320,Skilltree Saga,0.0,"Action, Adventure, Casual, Indie, RPG",0
76561197971757081,315540,The Joylancer: Legendary Motor Knight,0.0,"Action, Indie, Early Access",0
76561197971757081,220820,Zombie Driver HD,0.0,"Action, Indie, Racing",0
76561197971757081,265300,Lords Of The Fallen™ 2014,2.25,"Action, RPG",12
76561197971757081,316930,Kings of Kung Fu,0.0,"Action, Indie",0
76561197971757081,317410,Color Symphony,0.0,"Action, Indie, Free To Play",0
76561197971757081,313340,Mountain,0.0,"Casual, Indie, RPG, Simulation",0
76561197971757081,231910,Leisure Suit Larry in the Land of the Lounge Lizards: Reloaded,0.0,"Action, Adventure, Casual",0
76561197971757081,319140,Xeodrifter,0.0,"Action, Indie",0
76561197971757081,319450,Chariot,1.8,"Adventure, Indie",2
76561197971757081,319480,Odallus: The Dark Call,0.0,"Action, Indie",0
76561197971757081,319850,Bridge Constructor Medieval,0.0,"Casual, Indie, Simulation",0
76561197971757081,238010,Deus Ex: Human Revolution - Director's Cut,5.8,"Action, RPG",0
76561197971757081,320540,Coffin Dodgers,0.0,"Action, Casual, Indie, Racing",0
76561197971757081,321600,The Flying Dutchman,0.0,Casual,0
76561197971757081,41300,Altitude,0.0,"Action, Casual, Free To Play, Indie, Simulation, Strategy",0
76561197971757081,322190,SteamWorld Heist,0.0,"RPG, Strategy",0
76561197971757081,21690,Resident Evil 5,0.0,"Action, Adventure",0
76561197971757081,45760,Ultra Street Fighter® IV,0.0,Action,0
76561197971757081,226560,Escape Dead Island,0.0,Adventure,0
76561197971757081,302510,Ryse: Son of Rome,0.0,Action,5
76561197971757081,214490,Alien: Isolation,0.2833333333333333,Action,1
76561197971757081,307690,Sleeping Dogs: Definitive Edition,0.7333333333333333,"Action, Adventure, Racing",0
76561197971757081,324800,Shadow Warrior 2,0.0,"Action, Adventure",0
76561197971757081,325090,Deep Dungeons of Doom,0.0,"Adventure, Casual, RPG",0
76561197971757081,327010,Motorama,0.0,"Action, Racing",0
76561197971757081,261640,Borderlands: The Pre-Sequel,0.0,"Action, RPG",0
76561197971757081,329110,Gems of War - Puzzle RPG,0.0,"Action, Adventure, Casual, RPG, Strategy, Free To Play",0
76561197971757081,329340,cloudphobia,0.0,"Action, Indie",0
76561197971757081,330420,The Interactive Adventures of Dog Mendonça & Pizzaboy®,0.0,Adventure,0
76561197971757081,331340,Tulpa,0.0,"Adventure, Indie",0
76561197971757081,331480,Pinstripe,10.933333333333334,"Adventure, Casual, Indie",0
76561197971757081,331980,Last Inua,4.1,"Adventure, Casual, Indie",0
76561197971757081,298110,Far Cry® 4,1.8,"Action, Adventure",0
76561197971757081,332480,Phoenix Force,6.85,Action,1
76561197971757081,332950,Dark Deception,0.0,"Action, Adventure, Indie, Free To Play",0
76561197971757081,215470,Primal Carnage,0.0,"Action, Indie",0
76561197971757081,334040,Down To One,0.0,Action,0
76561197971757081,334940,Yoku's Island Express,5.333333333333333,"Adventure, Indie",0
76561197971757081,335240,Transformice,0.0,"Free To Play, Indie, Massively Multiplayer",0
76561197971757081,335450,Curse of the Assassin,0.0,"Adventure, Indie, RPG",0
76561197971757081,335700,I am Weapon: Revival,0.0,"Action, Indie, RPG",0
76561197971757081,336090,Sky Mercenaries,0.0,"Action, Indie",0
76561197971757081,274620,Skara - The Blade Remains,0.0,"Action, Free To Play, Indie, RPG, Early Access",0
76561197971757081,336610,Outcast 1.1,0.0,"Action, Adventure, RPG",0
76561197971757081,337360,Dead Island Retro Revenge,0.0,Action,0
76561197971757081,337480,Zombie Vikings,0.0,"Action, Adventure",0
76561197971757081,257510,The Talos Principle,0.0,"Action, Adventure, Indie",0
76561197971757081,338140,Venetica - Gold Edition,0.0,"Action, Adventure, Indie, RPG",0
76561197971757081,338320,Pixel Heroes: Byte & Magic,0.0,"Adventure, Indie, RPG",0
76561197971757081,340320,Sinless + OST,0.0,"Adventure, Indie, RPG",0
76561197971757081,341550,Super Cyborg,0.0,"Action, Indie",0
76561197971757081,304240,Resident Evil,0.0,"Action, Adventure",0
76561197971757081,341820,Plush,0.0,"Casual, Indie, Simulation",0
76561197971757081,341870,TEMBO THE BADASS ELEPHANT,0.45,"Action, Adventure, Indie",5
76561197971757081,342310,RIOT: Civil Unrest,0.0,"Indie, Simulation, Strategy",0
76561197971757081,344480,Quell,0.0,Indie,0
76561197971757081,345750,Idol Hands,0.0,"Simulation, Strategy",0
76561197971757081,347040,Keebles,0.0,"Action, Indie",0
76561197971757081,348430,Quell Reflect,0.0,Indie,0
76561197971757081,348550,GUILTY GEAR XX ACCENT CORE PLUS R,0.0,Action,0
76561197971757081,287290,Resident Evil Revelations 2,2.5166666666666666,"Action, Adventure",0
76561197971757081,350640,Sherlock Holmes: The Devil's Daughter,1.1666666666666667,"Action, Adventure",1
76561197971757081,350970,Planet of the Eyes,0.0,"Action, Adventure, Indie",0
76561197971757081,351920,Crazy Machines 3,0.0,"Simulation, Strategy",0
76561197971757081,329430,State of Decay: YOSE,9.833333333333334,"Action, RPG, Simulation",5
76561197971757081,353700,The Deadly Tower of Monsters,2.066666666666667,"Action, Adventure, Indie",1
76561197971757081,354160,WRC 5 FIA World Rally Championship,0.0,Racing,0
76561197971757081,39120,RIFT,0.0,"Action, Adventure, Massively Multiplayer, RPG, Free To Play",0
76561197971757081,355130,MotoGP™15,2.35,"Racing, Simulation, Sports",0
76561197971757081,350080,Wolfenstein: The Old Blood,0.0,Action,0
76561197971757081,356910,Battle Fantasia -Revised Edition-,0.0,Action,0
76561197971757081,358920,Star Control I and II,0.0,"Action, Adventure, Indie, Strategy",0
76561197971757081,359060,Switch Galaxy Ultra,0.0,"Action, Indie, Racing",0
76561197971757081,359350,Defunct,0.0,"Adventure, Indie, Racing",0
76561197971757081,232090,Killing Floor 2,0.0,Action,0
76561197971757081,361990,Lakeview Cabin Collection,0.0,Indie,0
76561197971757081,362680,Fran Bow,0.0,"Adventure, Indie",0
76561197971757081,362890,Black Mesa,0.0,"Action, Adventure, Indie",0
76561197971757081,363960,Devils & Demons,0.0,"RPG, Strategy",0
76561197971757081,364930,Koi-Koi Japan [Hanafuda playing cards],0.0,Casual,0
76561197971757081,365670,Blender,0.0,"Animation & Modeling, Design & Illustration, Video Production",0
76561197971757081,298180,The Desolate Hope,0.0,"Action, Adventure, Indie, RPG",0
76561197971757081,367500,Dragon's Dogma: Dark Arisen,0.0,"Action, Adventure, RPG",0
76561197971757081,243800,Gas Guzzlers Extreme,0.0,"Action, Racing, Sports",0
76561197971757081,219740,Don't Starve,0.0,"Adventure, Indie, Simulation",0
76561197971757081,364750,Hacker Evolution Source Code,0.0,Indie,0
76561197971757081,322330,Don't Starve Together,0.0,"Action, Adventure, Indie, RPG, Simulation, Strategy",0
76561197971757081,373240,Black Sails - The Ghost Ship,1.05,Adventure,0
76561197971757081,373360,Cast of the Seven Godsends - Redux,0.0,"Action, Adventure, Indie",0
76561197971757081,374240,Eternal Step,0.0,"Action, Adventure, Indie, RPG",0
76561197971757081,374900,Agatha Christie - The ABC Murders,0.0,Adventure,0
76561197971757081,378610,Valley,6.6,"Action, Adventure, Indie",2
76561197971757081,380920,Boss 101,0.0,"Action, Adventure, Indie",0
76561197971757081,383150,Dead Island Definitive Edition,0.0,Action,0
76561197971757081,383180,Dead Island: Riptide Definitive Edition,0.0,Action,0
76561197971757081,384500,Zombie Party,0.0,"Action, Adventure, Indie, RPG",0
76561197971757081,386360,SMITE®,0.0,"Action, Adventure, Casual, Massively Multiplayer, RPG, Strategy, Free To Play",0
76561197971757081,858460,Unknown,0.0,,0
76561197971757081,386770,Caladrius Blaze,0.0,Action,0
76561197971757081,261570,Ori and the Blind Forest,3.7333333333333334,Action,0
76561197971757081,387290,Ori and the Blind Forest: Definitive Edition,5.416666666666667,Action,10
76561197971757081,291550,Brawlhalla,0.0,"Action, Indie, Free To Play",0
76561197971757081,388420,In Between,0.0,Indie,0
76561197971757081,388750,BlazBlue: Chronophantasma Extend,1.8833333333333333,Action,0
76561197971757081,392950,Lost Lands: A Hidden Object Adventure,0.0,"Adventure, Casual, Free To Play",0
76561197971757081,364210,Sierra Ops - Space Strategy Visual Novel,0.0,"Adventure, Casual, Indie, Strategy",0
76561197971757081,393530,Insanity Clicker,0.0,"Adventure, Casual, Free To Play, Indie, RPG, Simulation, Strategy",0
76561197971757081,395160,Toby: The Secret Mine,0.0,"Adventure, Indie",0
76561197971757081,395560,Lost Horizon 2,0.0,Adventure,0
76561197971757081,250180,METAL SLUG 3,0.0,Action,0
76561197971757081,312610,METAL SLUG X,0.0,Action,0
76561197971757081,366250,METAL SLUG,0.0,Action,0
76561197971757081,396710,The Adventure Pals,0.0,"Action, Adventure, Indie, RPG",0
76561197971757081,400040,ShareX,0.0,"Free To Play, Audio Production, Design & Illustration, Photo Editing, Utilities, Video Production, Web Publishing",0
76561197971757081,400360,Adam's Venture: Origins,1.6333333333333333,"Adventure, Indie",2
76561197971757081,403390,Undercover Missions: Operation Kursk K-141,0.0,Adventure,0
76561197971757081,406930,Epic Showdown,0.0,"Action, Casual, Indie",0
76561197971757081,98400,Hard Reset Extended Edition,0.0,"Action, Indie",0
76561197971757081,407810,Hard Reset Redux,2.9833333333333334,"Action, Adventure",0
76561197971757081,408410,X-Morph: Defense,3.283333333333333,"Action, Indie, Strategy",0
76561197971757081,408750,Starsphere,0.0,"Casual, Indie",0
76561197971757081,408900,Unfortunate Spacemen,0.0,"Action, Indie, Strategy, Free To Play",0
76561197971757081,409100,The Purring Quest,4.433333333333334,Indie,1
76561197971757081,410390,Warhammer: Vermintide VR - Hero Trials,0.0,"Violent, Gore, Action, Free To Play",0
76561197971757081,410700,Unknown,0.0,,0
76561197971757081,410710,System Shock: Enhanced Edition,0.0,"Action, Adventure, RPG",0
76561197971757081,414530,Skyforge,0.0,"Massively Multiplayer, RPG",0
76561197971757081,225540,Just Cause™ 3,2.95,"Action, Adventure",0
76561197971757081,417430,Moto Racer  4,5.633333333333334,Racing,8
76561197971757081,418950,DreadOut: Keepers of The Dark,8.366666666666667,"Adventure, Indie",1
76561197971757081,420060,Candle,6.533333333333333,"Adventure, Indie",0
76561197971757081,421020,DiRT 4,8.133333333333333,"Racing, Simulation, Sports",18
76561197971757081,421120,Samorost 3,8.083333333333334,"Adventure, Casual, Indie",1
76561197971757081,422970,Devil Daggers,0.0,"Action, Indie",0
76561197971757081,424840,Little Nightmares,3.35,Adventure,0
76561197971757081,270630,Haunt the House: Terrortown,13.183333333333334,"Action, Casual, Indie",15
76561197971757081,339340,Resident Evil 0,0.0,"Action, Adventure",0
76561197971757081,268500,XCOM® 2,0.0,Strategy,0
76561197971757081,428830,Save the Dodos,0.0,"Casual, Indie",0
76561197971757081,429180,Project CARS - Pagani Edition,0.0,"Racing, Simulation, Sports",0
76561197971757081,377840,FINAL FANTASY IX,0.0,RPG,0
76561197971757081,92220,GundeadliGne,0.0,"Action, Indie",0
76561197971757081,391220,Rise of the Tomb Raider™,6.2,"Action, Adventure",27
76561197971757081,433100,The Town of Light,0.0,"Adventure, Indie",0
76561197971757081,424280,Iron Snout,0.0,"Action, Indie, Free To Play",0
76561197971757081,433840,Trulon: The Shadow Engine,0.0,"Indie, RPG, Strategy",0
76561197971757081,434050,Duke Nukem 3D: 20th Anniversary World Tour,0.0,"Action, Adventure",0
76561197971757081,376300,GUILTY GEAR Xrd -SIGN-,0.0,Action,0
76561197971757081,437630,State of Mind,0.0,"Adventure, Indie",0
76561197971757081,438040,Shakes and Fidget,0.0,"Adventure, Casual, Indie, Massively Multiplayer, RPG, Strategy, Free To Play",0
76561197971757081,438490,GOD EATER 2 Rage Burst,0.0,"Action, RPG",0
76561197971757081,460870,Unknown,0.0,,0
76561197971757081,439350,Kritika:REBOOT,0.0,"Action, Free To Play, Massively Multiplayer, RPG",0
76561197971757081,439800,Clouds & Sheep 2,2.5,"Casual, Simulation",1
76561197971757081,439910,Risky Rescue,0.0,"Action, Casual, Indie",0
76561197971757081,440090,Heroes of The West,0.0,Action,0
76561197971757081,441250,Talewind,1.7166666666666666,"Action, Adventure, Indie",0
76561197971757081,441680,Obscuritas,0.0,Adventure,0
76561197971757081,442120,Pinball FX3,0.0,Simulation,0
76561197971757081,444090,Paladins®,0.0,"Action, Adventure, Massively Multiplayer, Strategy, Free To Play",0
76561197971757081,596350,Unknown,0.0,,0
76561197971757081,264120,Victory: The Age of Racing,0.0,"Indie, Racing, Simulation, Sports, Free To Play",0
76561197971757081,444930,Zaccaria Pinball,0.0,"Action, Casual, Indie, Simulation, Sports, Free To Play, Early Access",0
76561197971757081,446390,Onechanbara Z2: Chaos,0.0,Action,0
76561197971757081,371660,Far Cry® Primal,2.7333333333333334,"Action, Adventure",0
76561197971757081,400800,MXGP2 - The Official Motocross Videogame,0.0,"Racing, Simulation, Sports",0
76561197971757081,447890,Cat on a Diet,0.0,"Action, Casual, Indie",0
76561197971757081,448530,Square's Route,0.0,Indie,0
76561197971757081,449140,Istrolid,0.0,"Free To Play, Indie, Strategy",0
76561197971757081,448070,Red Risk,0.0,"Action, Casual, Indie, Strategy",0
76561197971757081,452540,Skylar & Plux: Adventure On Clover Island,0.08333333333333333,"Action, Adventure, Casual, Indie",2
76561197971757081,447780,LostWinds,0.0,Adventure,0
76561197971757081,447800,LostWinds 2: Winter of the Melodias,0.0,Adventure,0
76561197971757081,453480,Shadowverse CCG,0.0,"Strategy, Free To Play",0
76561197971757081,454160,Dark Fear,0.0,"Adventure, Indie, RPG",0
76561197971757081,454410,GIGA WRECKER,0.0,"Action, Adventure",0
76561197971757081,454910,Twin Saga,0.0,"Free To Play, Massively Multiplayer, RPG",0
76561197971757081,456810,Zombillie,0.0,"Action, Casual, Indie",0
76561197971757081,457330,High Octane Drift,0.0,"Free To Play, Racing, Simulation, Sports, Early Access",0
76561197971757081,458770,WRC 6 FIA World Rally Championship,0.0,Racing,0
76561197971757081,459820,Crush Crush,0.0,"Casual, Indie, Free To Play",0
76561197971757081,461560,MANDAGON,0.0,"Adventure, Free To Play, Indie",0
76561197971757081,462680,BalanCity,1.5166666666666666,"Casual, Indie, Simulation, Strategy",1
76561197971757081,465200,Fury Unleashed,0.0,"Action, Adventure, Indie, RPG",0
76561197971757081,465280,Yesterday Origins,0.0,Adventure,0
76561197971757081,466420,Warriors' Wrath,0.0,"Action, Adventure, Casual, Indie, RPG",0
76561197971757081,425220,One Piece Burning Blood,0.0,Action,0
76561197971757081,379720,DOOM,10.35,Action,13
76561197971757081,470060,1917 - The Alien Invasion DX,0.0,"Action, Indie",0
76561197971757081,470480,Angel Express [Tokkyu Tenshi],0.0,"Action, Adventure, Indie, Racing",0
76561197971757081,471010,Seven: Enhanced Edition,0.0,"Action, Adventure, Indie, RPG",0
76561197971757081,473690,Absolver,0.0,"Action, Adventure, Indie",0
76561197971757081,223100,Homefront®: The Revolution,0.0,"Action, Adventure",0
76561197971757081,345390,King's Quest,0.0,Adventure,0
76561197971757081,477160,Human Fall Flat,0.0,"Adventure, Casual, Indie, Simulation",0
76561197971757081,477740,Zero Escape: The Nonary Games,0.0,Adventure,0
76561197971757081,338390,The Technomancer,0.0,"Action, RPG",0
76561197971757081,11040,Sherlock Holmes - Nemesis,0.0,"Adventure, RPG",0
76561197971757081,11140,Sherlock Holmes: The Awakened (2008),0.0,Adventure,0
76561197971757081,11150,Sherlock Holmes: The Silver Earring,0.0,Adventure,0
76561197971757081,11180,Sherlock Holmes: The Mystery of the Persian Carpet,0.0,"Adventure, Casual",0
76561197971757081,11190,Sherlock Holmes versus Jack the Ripper,0.0,"Adventure, RPG",0
76561197971757081,205650,The Testament of Sherlock Holmes,0.0,Adventure,0
76561197971757081,217200,Worms Armageddon,0.0,Strategy,0
76561197971757081,485030,PLANET ALPHA,1.4666666666666666,"Action, Adventure, Indie",0
76561197971757081,485310,Head Shot,0.0,"Action, Adventure, Casual, Indie, Early Access",0
76561197971757081,485560,POPixel,0.0,"Action, Adventure, Casual, Indie",0
76561197971757081,329280,Avalon Lords: Dawn Rises,0.0,"Action, Adventure, Indie, Simulation, Strategy, Early Access",0
76561197971757081,488440,Angeldust,0.0,"Action, Casual, Indie, Massively Multiplayer, RPG, Free To Play",0
76561197971757081,491220,Mr. Pumpkin Adventure,0.0,"Adventure, Indie",0
76561197971757081,495910,Dungeon Fighter Online,0.0,"Action, Adventure, Massively Multiplayer, RPG, Free To Play",0
76561197971757081,495980,Selma and the Wisp,3.466666666666667,"Action, Adventure, Casual, Indie",10
76561197971757081,49540,Aliens: Colonial Marines Collection,0.0,Action,0
76561197971757081,497940,Destiny of Ancient Kingdoms™,0.0,"Action, Adventure, Free To Play, Massively Multiplayer, RPG, Strategy",0
76561197971757081,311240,Zero Escape: Zero Time Dilemma,0.0,Adventure,0
76561197971757081,503400,Four Last Things,0.0,"Adventure, Indie",0
76561197971757081,503480,Mahluk:Dark Demon,0.0,"Action, Adventure, Casual, Indie, RPG",0
76561197971757081,504130,Manual Samuel - Last Tuesday Edition,0.0,"Adventure, Indie",0
76561197971757081,504490,The God's Chain,0.0,Action,0
76561197971757081,319630,Life is Strange - Episode 1,0.0,"Action, Adventure",0
76561197971757081,71340,Sonic Generations Collection,0.0,Action,0
76561197971757081,369070,Slain: Back from Hell,1.9333333333333333,"Action, Indie",4
76561197971757081,503620,Fictorum,0.0,"Action, Indie, RPG",0
76561197971757081,512470,The Pirate: Caribbean Hunt,0.0,"Action, Adventure, Free To Play, Indie, Simulation, Strategy",0
76561197971757081,513450,Drop Alive,0.0,"Casual, Free To Play, Indie",0
76561197971757081,312660,Sniper Elite 4,0.0,"Action, Adventure",0
76561197971757081,523070,Black Forest,0.0,"Casual, Indie, Strategy, Free To Play",0
76561197971757081,523650,Lust for Darkness,0.0,"Adventure, Indie",0
76561197971757081,528300,Soulless: Ray Of Hope,2.183333333333333,"Adventure, Indie",1
76561197971757081,324810,TOXIKK™,0.0,"Action, Free To Play, Indie",0
76561197971757081,528720,Shu,4.966666666666667,"Action, Adventure, Indie",8
76561197971757081,529780,Disturbed,1.3,"Adventure, Casual, Free To Play, Indie, Simulation",14
76561197971757081,307780,Mortal Kombat X,13.466666666666667,Action,12
76561197971757081,532840,CAYNE,0.0,"Adventure, Indie, Free To Play",0
76561197971757081,533540,MONMUSU,0.0,"Casual, Free To Play, Indie",0
76561197971757081,534290,Cursed Castilla (Maldita Castilla EX),0.0,"Action, Adventure, Indie",0
76561197971757081,311730,DEAD OR ALIVE 5 Last Round: Core Fighters,0.0,Action,0
76561197971757081,536930,MOBIUS FINAL FANTASY™,4.05,"Free To Play, RPG",0
76561197971757081,542050,Forgotton Anne,0.0,"Action, Adventure, Casual, Indie",0
76561197971757081,544810,KARDS - The WW2 Card Game,0.0,"Casual, Indie, Strategy, Free To Play",0
76561197971757081,259170,Alone in the Dark (2008),0.0,"Action, Adventure",0
76561197971757081,551450,Furious Angels,0.15,"Action, Indie",2
76561197971757081,552110,Puzzle Pirates: Dark Seas,0.0,"Adventure, Casual, Free To Play, Indie, Massively Multiplayer, RPG, Strategy",0
76561197971757081,552990,World of Warships,0.0,"Action, Massively Multiplayer, Simulation, Strategy, Free To Play",0
76561197971757081,444200,World of Tanks Blitz,0.0,"Action, Massively Multiplayer, Simulation, Strategy, Free To Play",0
76561197971757081,557180,League of Maidens®,0.0,"Action, Adventure, Casual, Indie, RPG, Strategy, Free To Play",0
76561197971757081,558260,Gravel,0.0,"Racing, Sports",0
76561197971757081,8500,EVE Online,0.0,"Action, Massively Multiplayer, RPG, Strategy, Free To Play",0
76561197971757081,560430,Indiana Jones® and the Emperor's Tomb™,0.4166666666666667,"Action, Adventure",0
76561197971757081,561600,MXGP3 - The Official Motocross Videogame,0.0,"Racing, Simulation, Sports",0
76561197971757081,564050,Bud Spencer & Terence Hill - Slaps And Beans,0.0,"Action, Adventure, Indie",0
76561197971757081,501590,Bulletstorm: Full Clip Edition,2.8833333333333333,"Action, Adventure",0
76561197971757081,565170,Blade Strangers,0.0,Action,0
76561197971757081,567630,Blood of Steel,0.0,"Action, Massively Multiplayer, Strategy, Free To Play",0
76561197971757081,570710,Extinction,0.0,"Action, Adventure",1
76561197971757081,571520,Kalaban,0.0,"Action, Adventure, Indie",0
76561197971757081,575050,Little Triangle,0.0,"Action, Adventure, Indie",0
76561197971757081,581270,Old Man's Journey,6.783333333333333,"Adventure, Casual, Indie",0
76561197971757081,582500,We Were Here,0.0,"Action, Adventure, Indie, Free To Play",0
76561197971757081,227220,Sang-Froid - Tales of Werewolves,0.0,"Action, Adventure, Indie, RPG, Strategy",0
76561197971757081,588430,Fallout Shelter,0.0,"RPG, Simulation, Free To Play",0
76561197971757081,351940,The Descendant,0.0,"Adventure, Casual, Indie",0
76561197971757081,591740,Sniper Fury,0.0,"Action, Free To Play",0
76561197971757081,591960,Animation Throwdown: The Quest for Cards,0.0,"Adventure, RPG, Strategy, Free To Play",0
76561197971757081,598450,"Slice, Dice & Rice",0.0,Action,0
76561197971757081,598700,The Vagrant,0.0,"Action, Adventure, Indie, RPG",0
76561197971757081,600130,Valfaris,0.0,"Action, Indie",0
76561197971757081,601510,Yu-Gi-Oh! Duel Links,0.0,"Strategy, Free To Play",0
76561197971757081,601360,Portal: Revolution,0.0,"Action, Adventure, Casual",0
76561197971757081,587180,Wulverblade,2.35,"Action, Adventure, Casual, Indie",2
76561197971757081,603020,Skautfold: Usurper,0.0,"Action, Indie, RPG",0
76561197971757081,603930,Battle Princess Madelyn,0.0,"Action, Indie",0
76561197971757081,605800,Skelattack,0.0,"Action, Adventure, Indie",0
76561197971757081,378540,The Surge,0.0,"Action, RPG",0
76561197971757081,609320,FAR: Lone Sails,0.0,"Action, Adventure, Indie",0
76561197971757081,610080,Realm Grinder,0.0,"Free To Play, RPG, Strategy",0
76561197971757081,610780,Crazy Buggy Racing,0.0,"Action, Racing, Simulation, Sports",0
76561197971757081,25600,Eschalon: Book I,0.0,"Indie, RPG",0
76561197971757081,612880,Wolfenstein II: The New Colossus,0.0,Action,0
76561197971757081,306130,The Elder Scrolls® Online,0.0,"Action, Adventure, Massively Multiplayer, RPG",0
76561197971757081,618970,Outcast - Second Contact,0.0,"Action, Adventure",0
76561197971757081,619280,Gloom,0.0,"Action, Adventure, Indie",1
76561197971757081,620220,Catmaze,0.0,"Action, Adventure, Indie, RPG",0
76561197971757081,368070,Sniper Ghost Warrior 3,0.0,Action,0
76561197971757081,621970,Trailblazers,0.0,"Action, Casual, Indie, Racing, Sports",0
76561197971757081,622020,ATV Drift & Tricks,0.0,Racing,0
76561197971757081,624320,Loyalty and Blood: Viktor Origins,0.0,"Action, Adventure, Indie",0
76561197971757081,626660,Flipping Death,0.0,"Adventure, Indie",0
76561197971757081,627410,BlackEye,2.5833333333333335,"Action, Adventure, Casual, Indie",0
76561197971757081,627690,Idle Champions of the Forgotten Realms,0.0,"Action, Adventure, Indie, Strategy, Free To Play",0
76561197971757081,629820,Maneater,0.0,"Action, Adventure, Indie, RPG",0
76561197971757081,630100,SoulWorker - Anime Action MMO,0.0,"Action, Free To Play, Massively Multiplayer, RPG",0
76561197971757081,631510,Devil May Cry HD Collection,0.0,Action,0
76561197971757081,633360,Remothered: Tormented Fathers,0.0,"Action, Adventure, Indie",0
76561197971757081,644560,Mirror,0.0,"Adventure, Indie, RPG",0
76561197971757081,386180,Crossout,0.0,"Action, Adventure, Massively Multiplayer, Racing, Free To Play",0
76561197971757081,666860,Bit Heroes Quest,0.0,"Adventure, Free To Play, Massively Multiplayer, RPG",0
76561197971757081,671510,DESOLATE,0.0,"Action, Adventure, RPG",0
76561197971757081,671700,Dead Horizon: Origin,0.0,"Action, Adventure, Indie",0
76561197971757081,673940,Dragon Glory,0.0,"Action, Adventure, Massively Multiplayer, RPG, Free To Play",0
76561197971757081,674520,Fight'N Rage,0.0,"Action, Indie",0
76561197971757081,677620,Splitgate,0.0,"Action, Free To Play, Indie",0
76561197971757081,679110,Werewolf: The Apocalypse - Earthblood,0.0,"Action, Adventure",0
76561197971757081,682570,SG/ZH: School Girl/Zombie Hunter,0.0,Action,0
76561197971757081,683320,GRIS,0.0,"Adventure, Indie",0
76561197971757081,414340,Hellblade: Senua's Sacrifice,0.0,"Action, Adventure, Indie",0
76561197971757081,747350,Hellblade: Senua's Sacrifice VR Edition,0.0,"Action, Adventure, Indie",0
76561197971757081,535480,Sundered®: Eldritch Edition,6.083333333333333,"Action, Adventure, Indie",1
76561197971757081,691280,SINNER: Sacrifice for Redemption,0.0,"Action, Indie",0
76561197971757081,696180,Bullet Witch,0.0,Action,0
76561197971757081,699670,Feudal Alloy,2.3,"Action, Adventure, Indie, RPG",0
76561197971757081,700160,Semblance,0.0,"Action, Adventure, Casual, Indie",0
76561197971757081,22350,BRINK,0.0,"Action, Free To Play",0
76561197971757081,711660,CHUCHEL,7.3,"Adventure, Casual, Indie",0
76561197971757081,621830,WRC 7 FIA World Rally Championship,0.0,Racing,0
76561197971757081,717310,Aggelos,0.0,"Action, Adventure, Indie, RPG",0
76561197971757081,721030,La Tale,0.0,"Action, Adventure, Casual, Massively Multiplayer, RPG, Free To Play",0
76561197971757081,436180,Spacelords,0.0,"Action, Adventure, Casual, Free To Play, Indie, Massively Multiplayer, Strategy, Movie",0
76561197971757081,723790,The Pirate: Plague of the Dead,0.0,"Action, Adventure, Free To Play, Indie, Simulation, Strategy",0
76561197971757081,724390,Rigid Force Alpha,0.0,"Action, Indie",0
76561197971757081,727280,Scrap,0.0,"Action, Free To Play, Indie",0
76561197971757081,728420,Rogue Quest: The Vault of the Lost Tyrant,0.0,"Adventure, Indie",0
76561197971757081,63380,Sniper Elite V2,0.0,Action,0
76561197971757081,728740,Sniper Elite V2 Remastered,0.0,Action,0
76561197971757081,8980,Borderlands Game of the Year,0.0,"Action, RPG",0
76561197971757081,729040,Borderlands Game of the Year Enhanced,0.0,"Action, RPG",0
76561197971757081,729580,Malzbie's Pinball Collection,0.0,"Casual, Free To Play, Indie, Simulation, Sports",0
76561197971757081,732430,Superflight,0.0,"Action, Casual, Indie, Racing, Sports",8
76561197971757081,587860,Tales of Escape,0.0,"Adventure, Casual, Indie, Free To Play",0
76561197971757081,744810,A Raven Monologue,0.0,"Casual, Indie, Free To Play",0
76561197971757081,744900,Dead Frontier 2,0.0,"Action, Indie, Massively Multiplayer, RPG, Free To Play",0
76561197971757081,337000,Deus Ex: Mankind Divided,0.0,"Action, RPG",0
76561197971757081,746400,Speed Dating for Ghosts,0.0,"Casual, Indie, Simulation",0
76561197971757081,750130,The Sinking City,0.0,"Action, Adventure",0
76561197971757081,751820,Black Future '88,0.0,"Action, Adventure",0
76561197971757081,427460,Unknown,0.0,,0
76561197971757081,504370,Battlerite,0.0,"Action, Free To Play",0
76561197971757081,464340,Syberia 3,8.516666666666667,Adventure,1
76561197971757081,752500,Ghoulboy - Dark Sword of Goblin,0.0,"Action, Adventure, Casual, Indie",1
76561197971757081,755500,ONE PIECE World Seeker,0.0,"Action, Adventure",0
76561197971757081,758530,Sprout,0.0,"Adventure, Casual, Free To Play, Indie, Strategy",3
76561197971757081,763030,Nelly Cootalot: Spoonbeaks Ahoy! HD,0.0,"Adventure, Indie",0
76561197971757081,765910,Leisure Suit Larry 6 - Shape Up Or Slip Out,0.0,Adventure,0
76561197971757081,770410,Path to Mnemosyne,0.0,"Adventure, Indie",0
76561197971757081,783840,Lakeview Valley,0.0,"Adventure, Indie, RPG",0
76561197971757081,788770,Meteor 60 Seconds!,0.0,"Action, Casual, Free To Play, Indie, Simulation",0
76561197971757081,790600,Stormbound,0.0,"Indie, Strategy, Free To Play",0
76561197971757081,790710,World of Warplanes,0.0,"Action, Massively Multiplayer, Simulation, Free To Play",0
76561197971757081,794600,LET IT DIE,0.0,"Action, Free To Play",0
76561197971757081,795100,Friday the 13th: Killer Puzzle,0.0,"Casual, Free To Play, Indie, Strategy",0
76561197971757081,801630,UNDER NIGHT IN-BIRTH Exe:Late[cl-r],0.0,Action,0
76561197971757081,802200,Hellbound: Survival Mode,0.0,"Action, Indie, Free To Play",0
76561197971757081,809880,Degrees of Separation,0.0,"Adventure, Casual, Indie",0
76561197971757081,627270,Injustice™ 2,2.466666666666667,Action,1
76561197971757081,816350,The Flood,0.0,"Adventure, Casual, Indie, Free To Play",0
76561197971757081,301840,City of Brass,2.65,"Action, Indie",2
76561197971757081,829280,Kaze and the Wild Masks,0.0,"Action, Adventure, Casual, Indie",0
76561197971757081,833270,Citrouille: Sweet Witches,0.0,Indie,0
76561197971757081,582660,Black Desert,0.0,"Action, Adventure, Massively Multiplayer, RPG, Simulation, Strategy",0
76561197971757081,836620,Unknown,0.0,,0
76561197971757081,24200,DC Universe™ Online,0.0,"Action, Adventure, Massively Multiplayer, RPG, Free To Play",0
76561197971757081,839910,Mythgard,0.0,"Casual, Free To Play, Indie, Strategy",0
76561197971757081,840260,Endless World Idle RPG,0.0,"Action, Adventure, Casual, Free To Play, Indie, Massively Multiplayer, Racing, RPG, Strategy",0
76561197971757081,842100,Daymare: 1998,0.0,"Action, Adventure, Indie",0
76561197971757081,842910,The MISSING: J.J. Macfield and the Island of Memories,0.0,"Action, Adventure, Indie",0
76561197971757081,843250,The Last DeadEnd,0.0,"Action, Indie",0
76561197971757081,843260,The Bard's Tale Trilogy,0.0,RPG,0
76561197971757081,844850,Tower Hunter: Erza's Trial,0.0,"Action, Adventure, Casual, Indie, RPG",0
76561197971757081,844870,KurtzPel,0.0,"Action, Free To Play, Early Access",0
76561197971757081,845070,The Awesome Adventures of Captain Spirit,0.0,"Adventure, Free To Play",0
76561197971757081,382260,8Bit Fiesta - The Drinking Game,0.0,"Action, Casual, Indie, Free To Play",0
76561197971757081,849420,Professor Madhouse,0.0,"Adventure, Casual, Indie",0
76561197971757081,851530,Mini-Dead,1.55,"Action, Free To Play, Indie",4
76561197971757081,856880,Fighting Fantasy Classics,0.0,"Indie, RPG, Free To Play",0
76561197971757081,863550,HITMAN™ 2,0.0,Action,0
76561197971757081,865940,SNK 40th ANNIVERSARY COLLECTION,0.0,Action,0
76561197971757081,868020,Aperture Hand Lab,0.0,Adventure,0
76561197971757081,872200,Rogue Company,0.0,"Action, Free To Play",0
76561197971757081,351100,Niffelheim,5.6,"Action, Adventure, Indie, RPG, Simulation",0
76561197971757081,879510,Lucy Got Problems,0.0,Adventure,0
76561197971757081,883710,Resident Evil 2,0.0,Action,0
76561197971757081,356190,Middle-earth™: Shadow of War™,0.0,"Action, Adventure, RPG",0
76561197971757081,884660,CRSED: Cuisine Royale,0.0,"Action, Massively Multiplayer, Free To Play",0
76561197971757081,885910,Ginga Force,0.0,Action,0
76561197971757081,646910,The Crew™ 2,0.0,"Action, Massively Multiplayer, Racing",0
76561197971757081,714010,Aimlabs,0.0,"Action, Adventure, Casual, Indie, Simulation, Free To Play",0
76561197971757081,893680,Project Warlock,0.0,"Action, Indie",0
76561197971757081,895670,Armajet,0.0,"Action, Free To Play",0
76561197971757081,341060,The Lady,0.0,"Action, Adventure, Indie",0
76561197971757081,899390,Xenon Racer,2.8833333333333333,"Action, Indie, Racing, Sports",2
76561197971757081,899440,GOD EATER 3,0.0,Action,0
76561197971757081,904540,Indiana Jones® and the Infernal Machine™,0.0,"Action, Adventure",0
76561197971757081,906810,Music Maker Steam Edition,0.0,Audio Production,0
76561197971757081,907600,Towaga: Among Shadows,0.0,"Indie, Free To Play",0
76561197971757081,769920,Odysseus Kosmos and his Robot Quest: Episode 1,0.0,Indie,0
76561197971757081,909080,Cube Escape: Paradox,0.0,"Adventure, Free To Play, Indie",0
76561197971757081,918570,Century: Age of Ashes,0.0,"Action, Indie, Racing, Free To Play",0
76561197971757081,921060,Modern Combat 5,0.0,"Action, Free To Play, Massively Multiplayer",0
76561197971757081,921590,DISSIDIA FINAL FANTASY NT Free Edition,0.0,"Action, Free To Play",0
76561197971757081,611500,Quake Champions,0.0,"Action, Free To Play",0
76561197971757081,810580,Novas Las Aventurietas del Robercleiton: o Renascimento do TURBO,0.0,"RPG, Early Access",0
76561197971757081,926390,Infected Shelter,0.0,"Action, Adventure, Indie, RPG, Free To Play",0
76561197971757081,931690,Himno,0.0,"Adventure, Casual, Indie, Free To Play",1
76561197971757081,730,Counter-Strike 2,0.0,"Action, Free To Play",0
76561197971757081,938860,"Get In The Car, Loser!",0.0,"Indie, RPG",0
76561197971757081,943140,Sparklite,0.0,"Action, Adventure, Indie, RPG",0
76561197971757081,946050,Soda Dungeon 2,0.0,"Casual, Indie, RPG, Free To Play",0
76561197971757081,948740,AI: The Somnium Files,0.0,Adventure,0
76561197971757081,951830,The Last Sovereign,0.0,"Adventure, Indie, RPG, Strategy, Early Access",0
76561197971757081,955050,Bright Memory,0.0,"Action, Adventure, Indie",6
76561197971757081,1178830,Bright Memory: Infinite,0.0,"Action, Indie",0
76561197971757081,956030,Creaks,0.0,"Adventure, Casual, Indie",0
76561197971757081,961620,Flashback,0.0,"Action, Adventure",0
76561197971757081,692840,Underworld Ascendant,0.0,"Action, Adventure, Indie, RPG",0
76561197971757081,963210,Another Sight - Hodge's Journey,0.0,"Action, Adventure, Casual, Indie",0
76561197971757081,965200,Walking Zombie 2,4.45,"Action, Adventure, Indie, RPG",6
76561197971757081,966720,Pumped BMX Pro,0.0,Sports,0
76561197971757081,730310,DYNASTY WARRIORS 9,0.0,Action,0
76561197971757081,969760,Omno,0.0,"Action, Adventure, Casual, Indie",0
76561197971757081,709440,Override: Mech City Brawl,3.75,"Action, Indie",5
76561197971757081,975470,Silver Chains,0.0,"Adventure, Indie",0
76561197971757081,976570,CODE SHIFTER,0.0,Action,0
76561197971757081,35140,Batman: Arkham Asylum Game of the Year Edition,0.0,"Action, Adventure",0
76561197971757081,200260,Batman: Arkham City - Game of the Year Edition,0.0,"Action, Adventure",0
76561197971757081,208650,Batman™: Arkham Knight,0.0,"Action, Adventure",0
76561197971757081,980210,HordeCore,0.0,"Action, Adventure, Casual, Indie, RPG, Strategy",0
76561197971757081,985810,GrandChase,0.0,"Action, Casual, Free To Play",0
76561197971757081,985830,SUCCUBUS,0.0,"Action, Adventure",0
76561197971757081,987400,Disney's Hercules,0.0,Action,0
76561197971757081,988240,Urban Trial Playground,0.0,"Action, Casual, Indie, Racing, Sports",0
76561197971757081,992300,嗜血印 Bloody Spell,0.0,"Action, Adventure, Indie, RPG",0
76561197971757081,489520,Minion Masters,0.0,"Action, Adventure, Indie, RPG, Strategy, Free To Play",0
76561197971757081,1004750,WRC 8 FIA World Rally Championship,0.0,"Racing, Simulation, Sports",0
76561197971757081,283880,Heroine's Quest: The Herald of Ragnarok,0.0,"Adventure, Indie, RPG, Free To Play",0
76561197971757081,1009850,OVR Advanced Settings,0.0,Utilities,0
76561197971757081,1018010,Castlevania Anniversary Collection,0.0,"Action, Adventure, Racing, RPG, Simulation, Sports",0
76561197971757081,1018020,Contra Anniversary Collection,0.0,Action,0
76561197971757081,690790,DiRT Rally 2.0,0.0,"Racing, Simulation, Sports",0
76561197971757081,50130,Mafia II (Classic),0.0,Action,0
76561197971757081,1030830,Mafia II: Definitive Edition,0.0,"Action, Adventure",0
76561197971757081,1031140,Warhammer The Horus Heresy: Legions,0.0,"Adventure, Strategy, Free To Play",0
76561197971757081,1031480,TouHou Makuka Sai ~ Fantastic Danmaku Festival Part II,0.0,Indie,0
76561197971757081,879160,Battlerite Royale,0.0,"Action, Free To Play, Massively Multiplayer",0
76561197971757081,1041320,Lords Mobile,0.0,"Massively Multiplayer, RPG, Strategy, Free To Play",0
76561197971757081,838380,DEAD OR ALIVE 6,0.0,Action,0
76561197971757081,1045180,Shattered - Tale of the Forgotten King,0.0,"Action, Adventure, Indie, RPG",0
76561197971757081,1049280,Pilgrims,10.25,"Adventure, Casual, Indie",27
76561197971757081,1049590,Eternal Return,0.0,"Indie, Strategy, Free To Play",0
76561197971757081,1049710,Minute of Islands,0.0,"Adventure, Indie",0
76561197971757081,1056640,Phantasy Star Online 2 New Genesis,0.0,"Action, Massively Multiplayer, RPG, Free To Play",0
76561197971757081,1057090,Ori and the Will of the Wisps,0.0,Action,0
76561197971757081,1056960,Wolfenstein: Youngblood,0.0,Action,0
76561197971757081,1058320,Toki,0.5833333333333334,Adventure,8
76561197971757081,1064610,Neon Beats,0.0,"Indie, Free To Play",0
76561197971757081,761890,Albion Online,0.0,"Massively Multiplayer, RPG, Free To Play",0
76561197971757081,1068360,Fearmonium,0.0,"Action, Adventure, Indie, RPG",0
76561197971757081,1069690,Rogue Lords,0.0,"RPG, Strategy",0
76561197971757081,1069740,Seen,7.516666666666667,"Action, Adventure, Indie, Early Access",27
76561197971757081,1071290,Wild West and Wizards,0.0,"Action, Adventure, Indie, RPG",0
76561197971757081,1076550,SAMURAI SHODOWN V SPECIAL / サムライスピリッツ零スペシャル,0.0,Action,0
76561197971757081,1088420,Wings Of Bluestar,0.0,"Action, Indie",0
76561197971757081,694280,Zombie Army 4: Dead War,0.0,Action,0
76561197971757081,1090630,Granblue Fantasy: Versus,0.0,Action,0
76561197971757081,345330,Eden Rising,0.0,"Action, Adventure, Indie, Strategy",0
76561197971757081,1095120,Helheim Hassle,0.0,"Adventure, Indie",0
76561197971757081,644830,The Surge 2,0.0,"Action, RPG",0
76561197971757081,1103490,Sweet Dream Succubus - Nightmare Edition,0.0,"Adventure, Casual, Indie",0
76561197971757081,1113680,Hentai Girl Division,0.0,"Action, Adventure, Casual, Indie, RPG",0
76561197971757081,791470,DYO,0.0,Indie,0
76561197971757081,1129190,Our Life: Beginnings & Always,0.0,"Casual, Indie, Free To Play",0
76561197971757081,1131080,Deadswitch 3,0.0,"Action, Casual, Indie, Strategy, Free To Play",0
76561197971757081,1132910,ITORAH,0.0,"Action, Adventure, Indie",0
76561197971757081,1097840,Gears 5,0.0,"Action, Adventure",0
76561197971757081,1153700,Eternal Magic,0.0,"Action, Free To Play, Massively Multiplayer, RPG",0
76561197971757081,1163590,Bullet Girls Phantasia,0.0,Action,0
76561197971757081,1163600,Omega Labyrinth Life,0.0,RPG,0
76561197971757081,1164850,Sinking Simulator,0.0,"Casual, Indie, Simulation",0
76561197971757081,1085660,Destiny 2,0.0,"Action, Adventure, Free To Play",0
76561197971757081,1168870,Mists of Noyah,0.0,"Action, Indie, RPG",0
76561197971757081,1170820,Lust from Beyond: Prologue,0.0,"Adventure, Free To Play",0
76561197971757081,1170880,Grimm's Hollow,0.0,"Adventure, Free To Play, Indie, RPG",0
76561197971757081,1172470,Apex Legends™,0.0,"Action, Adventure, Free To Play",0
76561197971757081,1172380,STAR WARS Jedi: Fallen Order™,0.0,"Action, Adventure",0
76561197971757081,1175190,Natsuki Chronicles,0.0,Action,0
76561197971757081,1168280,"Resident Evil 2 ""R.P.D. Demo""",0.0,Action,0
76561197971757081,1178880,Panzer Dragoon: Remake,0.0,"Action, Adventure, Casual",0
76561197971757081,1179680,Wurm Online,0.0,"Adventure, Free To Play, Indie, Massively Multiplayer, RPG",0
76561197971757081,203770,Crusader Kings II,0.0,"RPG, Simulation, Strategy, Free To Play",0
76561197971757081,997070,Marvel's Avengers - The Definitive Edition,0.0,"Action, Adventure, RPG",0
76561197971757081,1182090,Mr. Pumpkin 2: Kowloon walled city,0.0,"Casual, Indie",0
76561197971757081,1183940,Scavengers,0.0,"Action, Free To Play, Strategy, Early Access",0
76561197971757081,1189780,Wallachia: Reign of Dracula,0.0,"Action, Indie",0
76561197971757081,1194840,Frog Fractions: Game of the Decade Edition,0.0,"Action, Adventure, Casual, Free To Play, Indie, Simulation",0
76561197971757081,1201240,BLEACH Brave Souls,0.0,"Action, Casual, RPG, Free To Play",0
76561197971757081,41100,Hammerfight,0.0,"Action, Indie",0
76561197971757081,1309,SiN Episodes: Emergence,0.0,Action,0
76561197971757081,1313,SiN: Gold,0.0,Action,0
76561197971757081,594770,Legends of Aria,0.0,"Free To Play, Indie, Massively Multiplayer, RPG",0
76561197971757081,1209040,Cyber Hunter,0.0,"Action, Free To Play, Massively Multiplayer",0
76561197971757081,1210250,Island Saver,0.0,"Action, Adventure, Free To Play",0
76561197971757081,1215090,My Friend is a Raven,0.0,"Adventure, Casual, Indie, RPG, Free To Play",0
76561197971757081,232770,POSTAL,0.0,"Action, Indie",0
76561197971757081,1216200,Coloring Game 2,0.0,"Casual, Indie, Free To Play",0
76561197971757081,1218740,Rakion Chaos Force,0.0,"Action, RPG, Strategy, Free To Play",0
76561197971757081,1220370,Ever Forward,0.0,"Adventure, Casual, Indie, Strategy",0
76561197971757081,1224020,Creepy Tale,0.0,"Adventure, Indie",0
76561197971757081,1225560,Unravel,0.0,"Action, Adventure",0
76561197971757081,1225570,Unravel Two,0.0,"Action, Adventure",0
76561197971757081,1226470,Shadow Arena,0.0,"Action, Free To Play, Massively Multiplayer, RPG, Strategy, Early Access",0
76561197971757081,1232460,Onee Chanbara ORIGIN,0.0,Action,0
76561197971757081,322500,SUPERHOT,0.0,"Action, Indie",0
76561197971757081,1233570,Mirror's Edge™ Catalyst,0.0,"Action, Adventure",0
76561197971757081,1241700,There Is No Game: Jam Edition 2015,0.0,"Adventure, Casual, Free To Play, Indie",0
76561197971757081,1243140,Hellpoint: The Thespian Feast,0.0,"Action, Adventure, Indie, RPG",0
76561197971757081,1222680,Need for Speed™ Heat,0.0,"Action, Adventure, Racing, Sports",0
76561197971757081,1238820,Battlefield 3™,0.0,Action,0
76561197971757081,1238840,Battlefield™ 1,0.0,"Action, Massively Multiplayer",0
76561197971757081,1237970,Titanfall® 2,1.05,Action,11
76561197971757081,1252600,ANOTHER EDEN,0.0,"RPG, Free To Play",0
76561197971757081,1252830,A Juggler's Tale,0.0,"Action, Adventure, Indie",0
76561197971757081,1253950,Dreamscaper: Prologue,0.0,"Action, Indie, RPG, Free To Play",0
76561197971757081,1258080,Shop Titans,0.0,"Adventure, Casual, RPG, Simulation, Free To Play",0
76561197971757081,364830,BLEAK: Welcome to Glimmer,0.0,"Action, Indie",2
76561197971757081,952060,Resident Evil 3,0.0,Action,0
76561197971757081,952070,RESIDENT EVIL RESISTANCE,0.0,Action,0
76561197971757081,1258870,Aura Kingdom 2,0.0,"Action, Adventure, Free To Play, Massively Multiplayer, RPG",0
76561197971757081,1262560,Need for Speed™ Most Wanted,0.0,"Action, Adventure, Racing",0
76561197971757081,287630,The Council,0.0,"Adventure, RPG",0
76561197971757081,1267240,Chaos Combat Chess,0.0,"Action, Free To Play, Indie, Strategy",0
76561197971757081,1268110,ISEKAI QUEST,0.0,"Adventure, Casual, Indie, RPG",0
76561197971757081,1262540,Need for Speed™,0.0,"Action, Adventure, Racing, Simulation",0
76561197971757081,1262580,Need for Speed™ Payback,2.45,"Action, Adventure, Racing, Sports, Strategy",26
76561197971757081,1262600,Need for Speed™ Rivals,1.8166666666666667,"Action, Adventure, Racing",0
76561197971757081,289690,LARA CROFT AND THE TEMPLE OF OSIRIS™,0.0,"Action, Adventure",0
76561197971757081,1273710,King of Crabs,0.0,"Action, Casual, Massively Multiplayer, Free To Play",0
76561197971757081,12210,Grand Theft Auto IV: The Complete Edition,8.8,"Action, Adventure",8
76561197971757081,1300,SiN Episodes: Emergence,0.0,Action,0
76561197971757081,1275350,Ninja Kiwi Archive,0.0,"Action, Casual, Strategy",0
76561197971757081,1281800,Samsara Room,1.3833333333333333,"Adventure, Free To Play, Indie",0
76561197971757081,1284210,Guild Wars 2,0.0,"Adventure, Massively Multiplayer, RPG, Free To Play",0
76561197971757081,1284240,Black Book: Prologue,0.7,"Adventure, Indie, RPG, Strategy",0
76561197971757081,1284410,GWENT: The Witcher Card Game,0.0,"RPG, Strategy, Free To Play",0
76561197971757081,835570,Conqueror's Blade,0.0,"Action, Massively Multiplayer, RPG, Strategy, Free To Play",0
76561197971757081,1286530,Black Skylands: Origins,0.0,"Action, Adventure, Indie, RPG",0
76561197971757081,1286830,STAR WARS™: The Old Republic™,0.0,"Massively Multiplayer, RPG, Free To Play",0
76561197971757081,1241100,POLYGON,0.0,"Action, Indie, Massively Multiplayer, Free To Play, Early Access",0
76561197971757081,1289310,Helltaker,0.0,"Adventure, Free To Play, Indie",1
76561197971757081,1290170,Titan Chaser,0.0,"Adventure, Casual, Indie, Simulation",0
76561197971757081,1290490,UNBEATABLE [white label],0.0,"Action, Adventure, Indie",0
76561197971757081,1291500,Kill It With Fire: Ignition,0.016666666666666666,"Action, Casual, Indie, Simulation",0
76561197971757081,1291790,Lakeview Cabin 2,0.0,"Action, Indie, Strategy",0
76561197971757081,368180,Polyball,0.0,"Action, Casual, Indie, Racing, Simulation",5
76561197971757081,1292630,3on3 FreeStyle: Rebound,0.0,"Action, Casual, Indie, RPG, Sports, Free To Play",0
76561197971757081,1293860,The Riftbreaker: Prologue,0.0,"Action, Adventure, Indie, RPG, Simulation, Strategy",0
76561197971757081,1294880,Blind Fate: Edo no Yami,0.0,"Action, Adventure",0
76561197971757081,274980,Influent Language Learning Game,0.0,"Casual, Indie, Simulation, Strategy",0
76561197971757081,441380,PAC-MAN™ CHAMPIONSHIP EDITION 2,6.116666666666666,Casual,3
76561197971757081,1305720,Delores: A Thimbleweed Park Mini-Adventure,0.0,"Adventure, Indie",0
76561197971757081,1307690,The Darkest Tales,0.0,"Action, Adventure",0
76561197971757081,1076280,Showdown Bandit,0.0,"Action, Adventure, Indie, Strategy",0
76561197971757081,1030840,Mafia: Definitive Edition,2.05,"Action, Adventure",30
76561197971757081,1318420,Summer in Mara Prologue,0.0,"Adventure, Casual",0
76561197971757081,435790,10 Second Ninja X,0.0,"Action, Indie",0
76561197971757081,310360,Higurashi When They Cry Hou - Ch.1 Onikakushi,0.0,Adventure,0
76561197971757081,1328660,Need for Speed™ Hot Pursuit Remastered,0.0,"Action, Racing",0
76561197971757081,1328670,Mass Effect™ Legendary Edition,0.0,"Action, RPG",0
76561197971757081,308600,Gene Shift Auto,0.0,"Action, Casual, Indie, Free To Play, Early Access",0
76561197971757081,1330250,Taimanin Collection: Battle Arena,0.0,"Casual, Free To Play",0
76561197971757081,406970,The Uncertain: Last Quiet Day,0.0,"Adventure, Indie",0
76561197971757081,1333470,Alex Kidd in Miracle World DX,0.0,"Action, Indie",0
76561197971757081,1335200,Action Taimanin,0.0,"Action, Adventure, RPG, Free To Play",0
76561197971757081,1335230,Sumire,0.0,"Adventure, Casual, Indie",0
76561197971757081,1338610,Guardian Chronicle,0.0,"Action, Casual, Free To Play, Strategy",0
76561197971757081,1048540,Kao the Kangaroo: Round 2 (2003 re-release),0.5666666666666667,"Action, Adventure, Casual, Racing",0
76561197971757081,1343370,Old School RuneScape,0.0,"Adventure, Massively Multiplayer, RPG, Free To Play",0
76561197971757081,1343400,RuneScape ®,0.0,"Massively Multiplayer, RPG, Free To Play",0
76561197971757081,1344350,SUCCUBUS: Prologue,0.0,"Action, Adventure, Free To Play, Indie",0
76561197971757081,1347600,Dad's Monster House,0.0,"Adventure, Casual, Indie, RPG",0
76561197971757081,1055210,Retrograde Arena,0.0,"Action, Free To Play, Indie",0
76561197971757081,1352080,SMASH LEGENDS,0.0,"Action, Casual, Free To Play",0
76561197971757081,1352330,Zoo 2: Animal Park,0.0,"Casual, Simulation, Free To Play",0
76561197971757081,296930,Ascendant,0.0,"Action, Adventure, Indie, RPG",0
76561197971757081,638230,Journey,0.0,"Adventure, Indie",0
76561197971757081,1367590,Tormented Souls,0.0,"Action, Adventure",0
76561197971757081,1368340,Beneath a Steel Sky (1994),0.0,"Adventure, Indie, Free To Play",0
76561197971757081,1368430,Unknown,0.0,,0
76561197971757081,1368440,Unknown,0.0,,0
76561197971757081,1368450,Unknown,0.5333333333333333,,0
76561197971757081,1368460,Unknown,0.0,,0
76561197971757081,1368910,Super Mecha Champions,0.0,"Action, Adventure, Free To Play, Massively Multiplayer",0
76561197971757081,266310,GameGuru Classic,0.0,"Animation & Modeling, Design & Illustration, Education, Software Training, Utilities, Game Development",0
76561197971757081,1377580,Soulworker,0.0,"Action, Massively Multiplayer, RPG, Free To Play",0
76561197971757081,390560,Fantasy Strike,0.0,"Action, Casual, Free To Play, Indie",0
76561197971757081,1379130,League of Angels-Heaven's Fury,0.0,"Action, Massively Multiplayer, RPG",0
76561197971757081,822800,Soulfire,0.0,"Action, Indie",0
76561197971757081,1390380,Wolf's Gang,0.0,"RPG, Free To Play",0
76561197971757081,1390680,Music Maker Free Steam Edition,0.0,"Free To Play, Audio Production",0
76561197971757081,1397920,Mr.Mine,0.0,"Adventure, Casual, Indie, RPG, Simulation, Strategy, Free To Play",0
76561197971757081,1399750,Beholgar,0.0,"Action, Adventure, Indie",0
76561197971757081,1399780,Spellbreak,0.0,"Action, Adventure, Free To Play, RPG",0
76561197971757081,1406040,Scarlet Hollow — Episode 1,0.0,"Adventure, Casual, Indie, RPG",0
76561197971757081,1407200,World of Tanks,0.0,"Action, Massively Multiplayer, Simulation, Free To Play",0
76561197971757081,209630,Magrunner: Dark Pulse,0.8,"Action, Adventure, Indie",2
76561197971757081,919220,Destiny or Fate,0.0,"Indie, RPG, Strategy",0
76561197971757081,1162130,Windbound,0.0,"Adventure, Indie, RPG",0
76561197971757081,532210,Life is Strange 2,0.0,Adventure,0
76561197971757081,1416260,SpellForce 3 Versus Edition,0.0,"RPG, Strategy, Free To Play",0
76561197971757081,1419170,My Singing Monsters,0.0,"Simulation, Free To Play",0
76561197971757081,1421230,Syberia: The World Before - Prologue,0.0,Adventure,0
76561197971757081,465760,Scrap Garden,0.0,"Action, Adventure, Indie",0
76561197971757081,358270,Death Rally (Classic),0.0,Racing,0
76561197971757081,325180,AppGameKit Classic: Easy Game Development,0.0,"Animation & Modeling, Design & Illustration, Education, Software Training, Utilities, Web Publishing",0
76561197971757081,1429740,Raji: Prologue,0.0,"Action, Adventure, Indie, Free To Play",0
76561197971757081,346850,Chip's Challenge 1,0.0,"Action, Adventure, Strategy, Free To Play",0
76561197971757081,1238810,Battlefield™ V,0.0,Action,0
76561197971757081,34270,SEGA Mega Drive and Genesis Classics,0.0,"Action, Adventure, Casual, RPG",0
76561197971757081,1443820,BustyBiz,0.0,"Casual, RPG, Simulation, Free To Play",0
76561197971757081,1446720,Is It Wrong to Try to Shoot 'em Up Girls in a Dungeon?,0.0,"Action, Free To Play",0
76561197971757081,1460090,The Life and Suffering of Sir Brante — Chapter 1&2,0.0,"Adventure, Indie, RPG, Simulation, Strategy, Free To Play",0
76561197971757081,1463120,College Kings - The Complete Season,0.0,"Adventure, Casual, Indie, Free To Play",0
76561197971757081,368230,Kingdom: Classic,0.3,"Indie, Simulation, Strategy",0
76561197971757081,1468260,Leaf Blower Revolution - Idle Game,0.0,"Casual, Indie, Free To Play",0
76561197971757081,1476970,IdleOn - The Idle RPG,0.0,"Casual, Indie, Massively Multiplayer, RPG, Simulation, Free To Play, Early Access",0
76561197971757081,1481400,Dagon: by H. P. Lovecraft,0.0,"Adventure, Casual, Indie, Free To Play",0
76561197971757081,729660,Blackout Z: Slaughterhouse Edition,0.0,"Action, Indie",0
76561197971757081,1490460,Exorcist Fairy,0.0,"Action, Indie",0
76561197971757081,1509820,Cloud Climber,0.0,"Adventure, Casual, Indie, Free To Play",0
76561197971757081,1510460,Chicken Invaders Universe,0.0,"Action, Casual, Indie, Massively Multiplayer, Free To Play",0
76561197971757081,1515230,LOLLIPOP!,0.0,"Casual, Indie",0
76561197971757081,1515950,Capcom Arcade Stadium,0.0,"Action, Free To Play",0
76561197971757081,1516240,Mitoza,0.0,"Adventure, Indie",0
76561197971757081,1293830,Forza Horizon 4,0.0,Racing,0
76561197971757081,1520470,Soul Dossier,0.0,"Action, Adventure, Massively Multiplayer, RPG, Strategy, Free To Play",0
76561197971757081,1437820,Heroes of the Three Kingdoms,0.0,"Action, RPG, Simulation, Strategy",0
76561197971757081,1522660,Introvert: A Teenager Simulator,0.0,"Action, Adventure, Casual, Indie, RPG, Simulation, Free To Play",0
76561197971757081,245170,Skullgirls 2nd Encore,0.0,"Action, Indie",0
76561197971757081,616560,Ultimate Epic Battle Simulator,0.0,"Action, Adventure, Indie, Simulation, Strategy",0
76561197971757081,1555110,Chasing Tails ~A Promise in the Snow~,0.0,Adventure,0
76561197971757081,1564090,Landlord of the Woods,0.0,"Adventure, Casual, Indie",0
76561197971757081,798790,PolyCube,0.0,"Casual, Indie, Strategy",0
76561197971757081,1269260,Artifact Foundry,0.0,Strategy,0
76561197971757081,1092630,Rogue Glitch Ultra,0.0,"Action, Indie",0
76561197971757081,43110,Metro 2033,0.0,Action,0
76561197971757081,976310,Mortal Kombat 11,0.0,Action,0
76561197971757081,1580970,Samorost 1,0.0,"Adventure, Casual, Indie",0
76561197971757081,619700,Steel Rats™,0.0,"Action, Racing",2
76561197971757081,823130,Totally Accurate Battlegrounds,0.0,"Action, Indie, Free To Play",0
76561197971757081,351510,Quiplash,0.0,"Casual, Indie, Strategy",0
76561197971757081,1568590,Goose Goose Duck,0.0,"Casual, Indie, Massively Multiplayer, Strategy, Free To Play",0
76561197971757081,435120,Rusty Lake Hotel,0.0,"Adventure, Indie",0
76561197971757081,94300,The Dream Machine: Chapter 1 & 2,0.0,"Adventure, Casual, Indie",0
76561197971757081,231430,Company of Heroes 2,0.0,Strategy,0
76561197971757081,1180660,Tell Me Why,0.0,"Adventure, Free To Play",0
76561197971757081,1655410,Witchaven,0.0,"Action, RPG",0
76561197971757081,1655430,Witchaven II: Blood Vengeance,0.0,"Action, RPG",0
76561197971757081,1022310,Warhammer Underworlds - Shadespire Edition,0.0,"Casual, Strategy",0
76561197971757081,613900,Museum of Other Realities,0.0,"Casual, Simulation",0
76561197971757081,65790,ARMA: Cold War Assault,0.0,"Action, Simulation, Strategy",0
76561197971757081,297130,Titan Souls,0.08333333333333333,"Action, Adventure, Indie",2
76561197971757081,946660,Loria,0.0,Strategy,0
76561197971757081,1671200,Honkai Impact 3rd,0.0,"Action, Adventure, RPG, Free To Play",0
76561197971757081,1679290,Fire & Maneuver,0.0,"Indie, Strategy",0
76561197971757081,1687760,Exos Heroes,0.0,"Adventure, Casual, Free To Play, RPG",0
76561197971757081,1690710,Incremental Epic Hero 2,0.0,"Adventure, Casual, Indie, RPG, Simulation, Strategy, Free To Play",0
76561197971757081,1695680,Lunar's Chosen - Episode 1,0.0,"Casual, Indie, Simulation",0
76561197971757081,1708150,Juice Galaxy,0.0,"Indie, RPG, Early Access",0
76561197971757081,1715130,Crysis Remastered,0.0,Action,0
76561197971757081,1110910,Mortal Shell,0.0,"Action, RPG",0
76561197971757081,1240440,Halo Infinite,0.0,"Action, Free To Play",0
76561197971757081,464920,Surviving Mars,0.0,"Simulation, Strategy",0
76561197971757081,640890,Will Glow the Wisp,0.0,"Action, Indie",0
76561197971757081,1741140,War Wind,0.0,Strategy,0
76561197971757081,1742020,Idol Showdown,0.0,"Action, Indie",0
76561197971757081,1755910,Capcom Arcade 2nd Stadium,0.0,"Action, Free To Play",0
76561197971757081,475150,Titan Quest Anniversary Edition,0.0,"Action, RPG",0
76561197971757081,283270,Jagged Alliance 1: Gold Edition,0.0,"Action, RPG, Strategy",0
76561197971757081,1758910,Time Commando,0.0,Action,0
76561197971757081,1765520,Flippin Misfits,0.0,Action,0
76561197971757081,1119980,In Sound Mind,0.0,"Action, Indie",0
76561197971757081,475550,Beholder,0.0,"Adventure, Indie, Strategy",0
76561197971757081,1798780,Dimension Tripper Neptune: TOP NEP,0.0,Action,0
76561197971757081,1799380,MAGLAM LORD,0.0,"Action, RPG",0
76561197971757081,556130,"Drones, The Human Condition",0.0,"Action, Indie, Sports",0
76561197971757081,1812280,Cave Story's Secret Santa,0.0,Adventure,0
76561197971757081,1812290,The Elder Scrolls: Arena,0.0,"Action, RPG",0
76561197971757081,1812390,The Elder Scrolls II: Daggerfall,0.0,"Action, RPG",0
76561197971757081,571310,SteamWorld Dig 2,0.0,"Action, Adventure, Indie",0
76561197971757081,204450,Call of Juarez: Gunslinger,0.0,Action,0
76561197971757081,1846380,Need for Speed™ Unbound,0.0,"Action, Racing",0
76561197971757081,1848450,Nightmare of Decay,0.0,"Action, Adventure, Indie",0
76561197971757081,381850,My Paper Boat,0.0,"Adventure, Casual, Racing",0
76561197971757081,1860860,Flower girl 2,0.0,"Casual, Indie, Free To Play",0
76561197971757081,1659040,HITMAN World of Assassination,0.0,"Action, Adventure",0
76561197971757081,1873030,Wolfenstein: Enemy Territory,0.0,Action,0
76561197971757081,1882240,Forgotten Realms: The Archives - Collection One,0.0,RPG,0
76561197971757081,1882280,Forgotten Realms: The Archives - Collection Two,0.0,RPG,0
76561197971757081,520720,Dear Esther: Landmark Edition,0.0,"Adventure, Casual, Indie, Free To Play",0
76561197971757081,1904530,Forgotten Realms: The Archives - Collection Three,0.0,"Action, RPG",0
76561197971757081,1904560,Dungeons & Dragons: Ravenloft Series,0.0,"Action, RPG",0
76561197971757081,1904580,Dungeons & Dragons: Dark Sun Series,0.0,RPG,0
76561197971757081,1904610,Dungeons & Dragons: Krynn Series,0.0,RPG,0
76561197971757081,1904640,Al-Qadim: The Genie's Curse,0.0,"Action, RPG",0
76561197971757081,1904650,Dungeons & Dragons - Stronghold: Kingdom Simulator,0.0,"Simulation, Strategy",0
76561197971757081,1455900,Plunder Panic,0.0,"Action, Indie, Strategy",0
76561197971757081,1924140,ISEKAI FRONTLINE,0.0,"Action, Adventure, Casual, Indie, RPG",0
76561197971757081,1028730,Creo God Simulator,0.0,"Casual, Indie, Simulation, Strategy",0
76561197971757081,1933320,Black Hole Pool VR,0.0,"Simulation, Sports",0
76561197971757081,1911390,Knightfall: A Daring Journey,0.0,"Action, Indie, Racing, Free To Play",0
76561197971757081,1985690,The Looker,0.0,Indie,0
76561197971757081,1721470,Poppy Playtime,0.0,"Action, Adventure, Indie",0
76561197971757081,537800,Bomber Crew,0.0,"Simulation, Strategy",0
76561197971757081,2019990,Yars: Recharged,0.0,Action,0
76561197971757081,1301210,Knockout City™,0.0,"Action, Adventure, Free To Play, Indie, Sports",0
76561197971757081,485450,Ninja Stealth,0.0,"Casual, Indie, Strategy",0
76561197971757081,346110,ARK: Survival Evolved,0.0,"Action, Adventure, Indie, Massively Multiplayer, RPG",0
76561197971757081,407530,ARK: The Survival Of The Fittest,0.0,"Action, Adventure, Indie, Massively Multiplayer, RPG, Strategy",0
76561197971757081,1818750,MultiVersus,0.03333333333333333,"Action, Free To Play",0
76561197971757081,11450,Overlord™,0.0,RPG,0
76561197971757081,12810,Overlord II,0.0,RPG,0
76561197971757081,12710,Overlord™: Raising Hell,0.0,RPG,0
76561197971757081,699920,Despotism 3k,0.0,"Indie, Simulation, Strategy",0
76561197971757081,2096600,Crysis 2 Remastered,0.0,Action,0
76561197971757081,2096610,Crysis 3 Remastered,0.0,Action,0
76561197971757081,107600,Waves,0.0,"Action, Indie",0
76561197971757081,217120,Waves 2: Notorious,0.0,"Action, Early Access",0
76561197971757081,552500,Warhammer: Vermintide 2,0.0,"Action, Indie, RPG",0
76561197971757081,40990,Mafia,0.0,"Action, Adventure",0
76561197971757081,576670,Sky Is Arrows,0.0,"Adventure, Casual, Indie, RPG, Strategy",0
76561197971757081,2181930,DR LIVESEY ROM AND DEATH EDITION,0.0,"Action, Adventure, Indie, RPG, Simulation",0
76561197971757081,1222670,The Sims™ 4,0.0,"Adventure, Casual, Simulation, Free To Play",0
76561197971757081,1872550,Destroy All Humans! – Clone Carnage,0.0,"Action, Adventure",0
76561197971757081,2220360,Paper Lily - Chapter 1,0.0,"Adventure, Indie, RPG, Free To Play",0
76561197971757081,2221920,Immortals Fenyx Rising,0.0,"Action, Adventure, RPG",0
76561197971757081,2225070,Trackmania,0.0,Racing,0
76561197971757081,2229830,Command & Conquer™ and The Covert Operations™,0.0,"Action, Strategy",0
76561197971757081,2229840,"Command & Conquer Red Alert™, Counterstrike™ and The Aftermath™",0.0,"Action, RPG, Strategy",0
76561197971757081,2229850,Command & Conquer Red Alert™ 2 and Yuri’s Revenge™,0.0,"Action, Strategy",0
76561197971757081,2229870,Command & Conquer™ Generals,0.0,"Action, Strategy",0
76561197971757081,2229880,Command & Conquer™ Tiberian Sun™ and Firestorm™,0.0,"Action, Strategy",0
76561197971757081,2229890,Command & Conquer Renegade™,0.0,"Action, Adventure, Strategy",0
76561197971757081,695100,Smoke and Sacrifice,0.0,"Adventure, Indie, RPG",0
76561197971757081,1294660,Divine Knockout (DKO),0.0,Action,0
76561197971757081,2296990,We Were Here Expeditions: The FriendShip,0.0,"Adventure, Casual, Indie",0
76561197971757081,2313250,Cats Hidden in Paris,0.0,"Casual, Indie, Free To Play",0
76561197971757081,493540,Figment,0.0,"Action, Adventure, Casual, Indie",0
76561197971757081,2324650,The Murder of Sonic the Hedgehog,0.0,"Casual, Free To Play, Indie, Simulation",0
76561197971757081,2328760,Pinball FX,0.0,"Simulation, Free To Play",0
76561197971757081,1712840,Tiny Tina's Assault on Dragon Keep: A Wonderlands One-shot Adventure,0.0,"Action, Adventure, RPG",0
76561197971757081,2344020,Silver Box Classics,0.0,"Action, Adventure, RPG",0
76561197971757081,2350520,DragonStrike,0.0,"Action, RPG, Simulation",0
76561197971757081,2350530,Fantasy Empires,0.0,"RPG, Simulation, Strategy",0
76561197971757081,2350540,DeathKeep,0.0,"Action, Adventure, RPG",0
76561197971757081,2350550,Spelljammer: Pirates of Realmspace,0.0,"Adventure, RPG, Strategy",0
76561197971757081,2360020,Kao the Kangaroo (2000 re-release),0.0,"Action, Adventure",0
76561197971757081,2360030,Kao the Kangaroo: Mystery of the Volcano (2005 re-release),0.0,"Action, Adventure",0
76561197971757081,1144770,SLUDGE LIFE,0.0,"Adventure, Indie",0
76561197971757081,2368470,An Arcade Full of Cats,0.0,"Casual, Indie, Free To Play",0
76561197971757081,544610,Battlestar Galactica Deadlock,0.0,Strategy,0
76561197971757081,226620,Desktop Dungeons,0.0,"Adventure, Casual, Indie, RPG, Strategy",0
76561197971757081,2392040,Antbassador,0.0,"Adventure, Casual, Free To Play, Indie, Simulation",0
76561197971757081,660160,Field of Glory II,0.0,"Simulation, Strategy",0
76561197971757081,43160,Unknown,0.0,,0
76561197971757081,489630,"Warhammer 40,000: Gladius - Relics of War",0.0,Strategy,0
76561197971757081,443910,TGV Voyages Train Simulator,0.0,Simulation,0
76561197971757081,383270,Hue,0.0,"Adventure, Indie",0
76561197971757081,249050,Dungeon of the ENDLESS™,0.0,"Adventure, Indie, RPG, Strategy",0
76561197971757081,1717020,Ed-0: Zombie Uprising,0.0,"Action, Adventure, Indie",0
76561197971757081,1203220,NARAKA: BLADEPOINT,0.0,"Action, Adventure, Massively Multiplayer",0
76561197971757081,1818180,The RPG Engine,0.0,"Adventure, RPG, Simulation, Strategy, Free To Play",0
76561197971757081,2593450,Furi Demake - The Chain,0.0,"Action, Indie",0
76561197971757081,2140510,Town of Salem 2,0.0,"Action, Casual, RPG, Strategy, Free To Play",0
76561197971757081,1537830,Disney Speedstorm,0.0,"Action, Adventure, Casual, Racing, Simulation, Sports, Free To Play",0
76561197971757081,344740,CRYPTARK,0.0,"Action, Adventure, Indie, Strategy",0
76561197971757081,2667970,100 Asian Cats,0.0,"Action, Adventure, Casual, Indie, RPG, Simulation, Sports, Strategy, Free To Play",0
76561197971757081,2684790,William and Sly: Classic Collection,0.0,"Adventure, Casual, Free To Play",0
76561197971757081,2687190,100 Christmas Cats,0.0,"Action, Adventure, Casual, Indie, RPG, Simulation, Sports, Strategy, Free To Play",0
76561197971757081,70,Half-Life,0.0,Action,0
76561197971757081,577940,Killer Instinct,0.0,"Action, Free To Play",0
76561197971757081,2732960,Command & Conquer™ Generals Zero Hour,0.0,"Action, Adventure, RPG, Strategy, Free To Play",0
76561197971757081,1035510,Ultimate Zombie Defense,0.0,"Action, Adventure, Casual, Strategy",0
76561197971757081,2743080,100 Capitalist Cats,0.0,"Action, Adventure, Casual, Indie, RPG, Simulation, Sports, Strategy, Free To Play",0
76561197971757081,504240,Graveyard Smash,0.0,"Action, Casual, Indie, Free To Play",0
76561197971757081,235900,RPG Maker XP,0.0,"RPG, Design & Illustration, Education, Web Publishing, Game Development",0
76561197971757081,1176710,Space Crew: Legendary Edition,0.0,"Action, Adventure, Indie, Simulation, Strategy",0
76561197971757081,282800,100% Orange Juice,0.0,"Indie, Strategy",0
76561197971757081,2881650,Content Warning,0.0,"Action, Adventure, Indie",0
76561197971757081,1507190,Machinika: Museum,0.0,"Adventure, Casual, Indie",0
76561197971757081,289130,ENDLESS™ Legend,0.0,"RPG, Strategy",0
76561197971757081,3003300,ZM Desktop Elf,0.0,"Casual, Indie, Free To Play, Utilities",0
76561197971757081,2016590,Dark and Darker,0.0,"Action, RPG, Free To Play, Early Access",0
76561197971757081,2071500,Islands of Insight,0.0,"Adventure, Indie",0
76561197971757081,3028500,Cakey's Twisted Bakery,0.0,"Action, Adventure, Indie",0
76561197971757081,1486630,Intravenous,0.0,"Action, Indie",0
76561197971757081,442070,Drawful 2,0.0,"Casual, Indie, Strategy",0
76561197971757081,2828500,The Jackbox Megapicker,0.0,"Free To Play, Utilities",0
76561197971757081,373600,Weapon of Choice DX,0.0,"Action, Indie",0
76561197971757081,569610,Distant Space,0.0,"Action, Adventure, Casual, Indie",0
76561197971757081,769970,Bad Dream: Fever,0.0,"Adventure, Indie, Free To Play",0
76561197971757081,29900,Dark Sector,0.0,Action,0
76561197971757081,418670,Pankapu,0.0,"Action, Adventure, Indie",0
76561197971757081,729460,Distant Space 2,0.0,"Action, Adventure, Casual, Indie",0
76561197971757081,1245430,Golden Light,0.0,"Action, Adventure, Indie",0
76561197971757081,339800,HuniePop,0.0,"Indie, RPG, Simulation, Strategy",0
76561197971757081,220700,RPG Maker VX Ace,0.0,"Adventure, RPG, Design & Illustration, Education, Web Publishing, Game Development",0
76561197971757081,481870,Mini Thief,0.0,"Casual, Indie, Strategy",0
76561197971757081,1703140,Isle of Jura,0.0,"Casual, Indie",0
76561197971757081,286690,Metro 2033 Redux,0.0,Action,0
76561197971757081,2796010,Party Club,0.0,"Action, Casual, Simulation",0
76561197971757081,813540,Scheming Through The Zombie Apocalypse: The Beginning,0.0,"Adventure, Casual, Indie",0
76561197971757081,302190,Amerzone: The Explorer’s Legacy (1999),0.0,"Adventure, Casual",0
76561197971757081,3463050,Dreams of Aether,0.0,Action,0
76561197971757081,753660,AtmaSphere,0.0,"Action, Adventure, Casual, Indie",0
76561197999259031,320,Half-Life 2: Deathmatch,0.016666666666666666,Action,0
76561197999259031,1610,Space Empires IV Deluxe,0.1,Strategy,0
76561197999259031,1200,Red Orchestra: Ostfront 41-45,0.016666666666666666,Action,0
76561197999259031,1230,Mare Nostrum,0.0,Action,0
76561197999259031,1280,Darkest Hour: Europe '44-'45,0.0,"Action, Simulation",0
76561197999259031,4000,Garry's Mod,0.6,"Casual, Indie, Simulation",3
76561197999259031,6980,Thief: Deadly Shadows,3.9833333333333334,Action,0
76561197999259031,220,Half-Life 2,0.05,Action,0
76561197999259031,360,Half-Life Deathmatch: Source,0.0,Action,0
76561197999259031,12900,AudioSurf,4.283333333333333,Indie,4
76561197999259031,15080,Rayman Raving Rabbids™,0.0,"Action, Adventure",0
76561197999259031,500,Left 4 Dead,53.46666666666667,Action,30
76561197999259031,25800,Europa Universalis III Complete,0.1,Strategy,0
76561197999259031,23310,The Last Remnant™,1.9833333333333334,RPG,0
76561197999259031,29720,Guild Wars,38.55,,0
76561197999259031,41210,Eufloria,0.7833333333333333,"Indie, Strategy",0
76561197999259031,221180,Eufloria HD,0.0,"Indie, Strategy",0
76561197999259031,41500,Torchlight,13.633333333333333,RPG,10
76561197999259031,40400,AI War: Fleet Command,2.0,"Indie, Strategy",0
76561197999259031,550,Left 4 Dead 2,92.4,Action,38
76561197999259031,2520,Gumboy - Crazy Adventures™,0.11666666666666667,"Casual, Indie",0
76561197999259031,2525,Gumboy - Crazy Adventures™,0.0,"Casual, Indie",0
76561197999259031,2570,Vigil: Blood Bitterness™,0.06666666666666667,"Indie, RPG",0
76561197999259031,11330,Obulis,0.11666666666666667,"Casual, Indie",0
76561197999259031,11360,Chains,0.8833333333333333,Indie,0
76561197999259031,6800,Commandos: Behind Enemy Lines,0.0,Action,0
76561197999259031,6810,Commandos: Beyond the Call of Duty,0.0,Action,0
76561197999259031,6830,Commandos 2: Men of Courage,0.0,Strategy,0
76561197999259031,6840,Commandos 3: Destination Berlin,0.13333333333333333,Action,0
76561197999259031,33930,Arma 2: Operation Arrowhead,1.2333333333333334,"Action, Simulation, Strategy",0
76561197999259031,1500,Darwinia,0.26666666666666666,"Indie, Strategy",0
76561197999259031,1510,Uplink,0.0,"Indie, Strategy",0
76561197999259031,1520,DEFCON,1.6333333333333333,"Indie, Strategy",0
76561197999259031,1523,Unknown,0.0,,0
76561197999259031,1530,Multiwinia,0.0,Indie,0
76561197999259031,9500,Gish,0.3,"Action, Adventure, Indie",0
76561197999259031,22000,World of Goo,1.9,Indie,0
76561197999259031,22180,Penumbra Overture,4.166666666666667,"Action, Adventure, Indie",0
76561197999259031,24420,Aquaria,0.0,Indie,0
76561197999259031,25010,Lugaru HD,0.36666666666666664,Action,0
76561197999259031,40720,Samorost 2,0.9166666666666666,"Adventure, Casual, Indie",6
76561197999259031,58520,Blood Bowl - Legendary Edition,11.383333333333333,"Sports, Strategy",0
76561197999259031,26800,Braid,0.0,"Casual, Indie, Strategy",0
76561197999259031,29180,Osmos,0.0,"Casual, Indie",0
76561197999259031,40700,Machinarium,0.0,"Adventure, Indie",0
76561197999259031,93200,Revenge of the Titans,4.016666666666667,"Action, Indie, Strategy",7
76561197999259031,15620,"Warhammer 40,000: Dawn of War II - Anniversary Edition",0.0,Strategy,0
76561197999259031,20570,"Warhammer® 40,000: Dawn of War® II Chaos Rising",0.0,Strategy,0
76561197999259031,56400,"Warhammer 40,000: Dawn of War II: Retribution",44.71666666666667,Strategy,11
76561197999259031,42910,Magicka,9.033333333333333,"Action, RPG",17
76561197999259031,95300,Capsized,0.9833333333333333,"Action, Indie",3
76561197999259031,73170,Darkest Hour: A Hearts of Iron Game,0.18333333333333332,Strategy,0
76561197999259031,620,Portal 2,4.783333333333333,"Action, Adventure",4
76561197999259031,105600,Terraria,174.36666666666667,"Action, Adventure, Indie, RPG",42
76561197999259031,91700,E.Y.E: Divine Cybermancy,5.75,"Action, Indie, RPG",8
76561197999259031,42160,Unknown,0.4666666666666667,,0
76561197999259031,206980,Unknown,0.0,,0
76561197999259031,49470,Magic: The Gathering - Duels of the Planeswalkers 2012,38.53333333333333,Strategy,19
76561197999259031,18700,And Yet It Moves,0.11666666666666667,"Action, Indie",0
76561197999259031,26500,Cogs,0.0,"Indie, Casual",0
76561197999259031,26900,Crayon Physics Deluxe,3.4,"Casual, Indie",0
76561197999259031,41100,Hammerfight,18.75,"Action, Indie",0
76561197999259031,55040,Atom Zombie Smasher,6.15,"Indie, Strategy",15
76561197999259031,70300,VVVVVV,2.8666666666666667,"Action, Indie",0
76561197999259031,96200,Steel Storm: Burning Retribution,0.35,"Action, Indie",0
76561197999259031,102200,Runespell: Overture,2.1166666666666667,"Adventure, Indie, RPG",4
76561197999259031,73220,Supreme Ruler: Cold War,4.433333333333334,Strategy,0
76561197999259031,35450,Red Orchestra 2: Heroes of Stalingrad with Rising Storm,39.93333333333333,"Action, Massively Multiplayer, Simulation",22
76561197999259031,236830,Unknown,0.016666666666666666,,0
76561197999259031,61700,Might & Magic: Clash of Heroes,5.016666666666667,"RPG, Strategy",1
76561197999259031,18500,Defense Grid: The Awakening,0.6,"Indie, Strategy",24
76561197999259031,45000,Sol Survivor,0.7666666666666667,"Indie, Strategy",1
76561197999259031,91200,Anomaly: Warzone Earth,0.3,"Action, Indie, Strategy",4
76561197999259031,91600,Sanctum,10.033333333333333,"Action, Casual, Indie, Strategy",8
76561197999259031,41050,Serious Sam Classic: The First Encounter,1.2666666666666666,"Action, Indie",0
76561197999259031,41060,Serious Sam Classic: The Second Encounter,2.0833333333333335,"Action, Indie",0
76561197999259031,227780,Serious Sam Classics: Revolution,0.0,"Action, Indie",0
76561197999259031,2500,Shadowgrounds,0.8166666666666667,Action,0
76561197999259031,11200,Shadowgrounds Survivor,0.0,Action,0
76561197999259031,35700,Trine Enchanted Edition,0.7,"Action, Adventure, Indie",1
76561197999259031,17710,Nuclear Dawn,2.0,"Action, Strategy",6
76561197999259031,9350,Supreme Commander,0.0,Strategy,0
76561197999259031,9420,Supreme Commander: Forged Alliance,3.6333333333333333,Strategy,0
76561197999259031,98100,Trauma,0.0,"Adventure, Casual, Indie",0
76561197999259031,98200,Frozen Synapse,1.9833333333333334,"Indie, Strategy",2
76561197999259031,92800,SpaceChem,14.933333333333334,"Indie, Simulation",1
76561197999259031,65800,Dungeon Defenders,13.333333333333334,"Action, Indie, RPG, Strategy",11
76561197999259031,200910,Before the Echo,2.1166666666666667,"Indie, RPG",4
76561197999259031,201480,Serious Sam: The Random Encounter,0.7833333333333333,"Action, Indie, RPG",0
76561197999259031,111800,Blocks That Matter,2.1333333333333333,"Adventure, Casual, Indie, Strategy",2
76561197999259031,113200,The Binding of Isaac,0.9833333333333333,"Action, Adventure, Indie, RPG",1
76561197999259031,37400,"Time Gentlemen, Please! and Ben There, Dan That! Special Edition  Double Pack",0.016666666666666666,"Adventure, Indie",0
76561197999259031,37420,"Time Gentlemen, Please! and Ben There, Dan That! Special Edition  Double Pack",0.3,"Adventure, Indie",0
76561197999259031,200960,Geneforge 1,0.016666666666666666,"Strategy, RPG, Indie",0
76561197999259031,200980,Geneforge 2,0.016666666666666666,"Strategy, RPG, Indie",0
76561197999259031,200990,Geneforge 3,0.0,"Strategy, RPG, Indie",0
76561197999259031,201000,Geneforge 4: Rebellion,0.0,"Strategy, RPG, Indie",0
76561197999259031,201010,Geneforge 5: Overthrow,4.133333333333334,"Strategy, RPG, Indie",0
76561197999259031,202410,Scoregasm,0.65,"Action, Indie",0
76561197999259031,55230,Saints Row: The Third,0.43333333333333335,Action,1
76561197999259031,25890,Hearts of Iron III,77.08333333333333,Strategy,0
76561197999259031,1250,Killing Floor,29.566666666666666,Action,15
76561197999259031,35420,Defence Alliance 2,0.0,Action,0
76561197999259031,6120,Shank,1.3,"Action, Indie",2
76561197999259031,40800,Super Meat Boy,0.16666666666666666,Indie,1
76561197999259031,63710,BIT.TRIP RUNNER,2.0,"Action, Indie",6
76561197999259031,94200,Jamestown,0.9,"Action, Indie",13
76561197999259031,99700,NightSky,0.13333333333333333,"Casual, Indie, Strategy",0
76561197999259031,98800,Dungeons of Dredmor,2.3833333333333333,"Casual, Indie, RPG",5
76561197999259031,2400,The Ship: Murder Party,0.45,"Action, Indie, RPG",0
76561197999259031,2420,The Ship: Single Player,0.0,"Action, Indie, RPG",0
76561197999259031,2430,Unknown,0.0,,0
76561197999259031,204880,Sins of a Solar Empire®: Rebellion,3.1666666666666665,"Action, Indie, Simulation, Strategy",5
76561197999259031,104700,Unknown,4.383333333333334,,1
76561197999259031,105800,PixelJunk™ Eden,2.066666666666667,"Action, Casual, Indie",11
76561197999259031,22100,Mount & Blade,0.0,"Indie, RPG",0
76561197999259031,48700,Mount & Blade: Warband,8.233333333333333,"Action, RPG",8
76561197999259031,48720,Mount & Blade: With Fire & Sword,0.0,"Action, RPG",0
76561197999259031,207250,Cubemen,0.0,"Indie, Strategy",0
76561197999259031,209520,Mini Motor Racing EVO,0.05,"Casual, Indie, Racing",1
76561197999259031,1303990,Mini Motor Racing X,0.7166666666666667,"Indie, Racing",1
76561197999259031,207490,Rayman® Origins,1.3833333333333333,"Action, Adventure",0
76561197999259031,202690,Hegemony Gold: Wars of Ancient Greece,0.48333333333333334,"Indie, Strategy",0
76561197999259031,203630,Warlock - Master of the Arcane,2.2,Strategy,0
76561197999259031,6900,Hitman: Codename 47,0.0,Action,0
76561197999259031,211600,Thief™ Gold,0.0,"Action, Simulation",0
76561197999259031,208140,ENDLESS™ Space - Definitive Edition,21.2,Strategy,11
76561197999259031,104900,ORION: Prelude,2.1166666666666667,"Action, Adventure, Indie, RPG",5
76561197999259031,204180,Waveform,0.7666666666666667,"Adventure, Indie, Strategy",4
76561197999259031,213330,LEGO® Batman™ 2: DC Super Heroes,0.3,"Action, Adventure",0
76561197999259031,97330,Magic: The Gathering - Duels of the Planeswalkers 2013,13.433333333333334,Strategy,16
76561197999259031,204300,Awesomenauts - the 2D moba,45.483333333333334,"Action, Indie, Strategy, Free To Play",31
76561197999259031,217200,Worms Armageddon,0.23333333333333334,Strategy,0
76561197999259031,209080,Guns of Icarus Online,15.116666666666667,"Action, Adventure, Indie, Simulation",22
76561197999259031,730,Counter-Strike 2,5.116666666666666,"Action, Free To Play",0
76561197999259031,20820,Shatter,4.916666666666667,"Action, Indie",10
76561197999259031,107200,Space Pirates and Zombies,0.016666666666666666,"Action, Indie, RPG, Strategy",0
76561197999259031,107800,Rochard,0.6666666666666666,"Action, Casual, Indie",2
76561197999259031,108500,Vessel,0.1,"Action, Indie, Strategy",0
76561197999259031,202390,Unknown,0.0,,0
76561197999259031,65300,Dustforce DX,8.783333333333333,"Action, Indie",0
76561197999259031,214970,Intrusion 2,0.8,"Action, Indie",1
76561197999259031,214360,Tower Wars,2.0166666666666666,"Action, Indie, Strategy",0
76561197999259031,200710,Torchlight II,13.116666666666667,"Action, Adventure, Indie, RPG",36
76561197999259031,203140,Hitman: Absolution™,0.0,Action,0
76561197999259031,34330,Total War: SHOGUN 2,2.183333333333333,Strategy,4
76561197999259031,214560,Mark of the Ninja,27.183333333333334,"Action, Adventure, Indie",25
76561197999259031,219150,Hotline Miami,6.433333333333334,"Action, Indie",10
76561197999259031,4920,Natural Selection 2,0.5,"Action, Indie, Strategy",0
76561197999259031,57620,Patrician IV,0.0,Strategy,0
76561197999259031,57730,Patrician IV: Rise of a Dynasty,9.316666666666666,Strategy,0
76561197999259031,6850,Hitman 2: Silent Assassin,0.0,Action,0
76561197999259031,4560,Company of Heroes - Legacy Edition,0.0,"Action, Strategy",0
76561197999259031,9340,Company of Heroes: Opposing Fronts,0.0,"Action, Strategy",0
76561197999259031,20540,Company of Heroes: Tales of Valor,0.0,Strategy,0
76561197999259031,43110,Metro 2033,0.9,Action,3
76561197999259031,50620,Darksiders™,0.15,"Action, Adventure",0
76561197999259031,55110,Red Faction®: Armageddon™,4.533333333333333,Action,6
76561197999259031,228200,Company of Heroes,0.0,"Action, Strategy",0
76561197999259031,462780,Darksiders Warmastered Edition,0.0,"Action, Adventure, RPG",0
76561197999259031,63800,Delve Deeper,2.1,"Adventure, Indie, RPG, Strategy",3
76561197999259031,214510,LEGO® The Lord of the Rings™,0.0,"Action, Adventure",0
76561197999259031,201790,Orcs Must Die! 2,0.8333333333333334,"Action, Adventure, Indie, RPG, Strategy",3
76561197999259031,113020,Monaco: What's Yours Is Mine,14.05,"Action, Adventure, Casual, Indie, Strategy",2
76561197999259031,227200,Waking Mars,0.0,"Action, Adventure, Indie",0
76561197999259031,218130,Unknown,2.0166666666666666,,5
76561197999259031,215710, Fieldrunners 2,0.9333333333333333,"Action, Strategy, Casual",0
76561197999259031,204080,Unknown,0.15,,1
76561197999259031,6370,Bloodline Champions,22.083333333333332,"Action, Free To Play, Massively Multiplayer",0
76561197999259031,99900,Spiral Knights,8.516666666666667,"Action, Adventure, Casual, Free To Play, Indie, Massively Multiplayer, RPG",20
76561197999259031,109600,Neverwinter,1.2666666666666666,"Action, Adventure, Massively Multiplayer, RPG, Free To Play",0
76561197999259031,200210,Realm of the Mad God Exalt,1.3833333333333333,"Action, Adventure, Indie, Massively Multiplayer, RPG, Free To Play",2
76561197999259031,201210,Pox Nora,0.6166666666666667,"RPG, Strategy, Free To Play",0
76561197999259031,208090,Loadout,13.7,"Action, Free To Play, Indie",0
76561197999259031,212070,Star Conflict,0.0,"Action, Adventure, Massively Multiplayer, RPG, Simulation, Free To Play",0
76561197999259031,212500,The Lord of the Rings Online™,0.15,"Action, Adventure, Massively Multiplayer, RPG, Free To Play",0
76561197999259031,218230,PlanetSide 2,40.78333333333333,"Action, Massively Multiplayer, Free To Play",0
76561197999259031,1083500,PlanetSide 2 - Test,0.0,"Action, Free To Play, Massively Multiplayer",0
76561197999259031,219340,The Banner Saga: Factions,5.183333333333334,"Free To Play, Indie, RPG, Strategy",0
76561197999259031,230410,Warframe,65.53333333333333,"Action, RPG, Free To Play",83
76561197999259031,234310,March of War,13.266666666666667,"Action, Free To Play, Massively Multiplayer, Strategy",3
76561197999259031,236390,War Thunder,58.06666666666667,"Action, Massively Multiplayer, Simulation, Free To Play",9
76561197999259031,238960,Path of Exile,111.9,"Action, Adventure, Indie, Massively Multiplayer, RPG, Free To Play",34
76561197999259031,240320,Panzar,1.2833333333333334,"Action, Massively Multiplayer, RPG, Free To Play",0
76561197999259031,214420,Gear Up,2.4,"Action, Free To Play, Indie",9
76561197999259031,232450,SolForge,2.25,"Casual, Free To Play, RPG, Strategy",0
76561197999259031,234330,MARVEL Puzzle Quest,0.55,"Casual, RPG, Strategy, Free To Play",0
76561197999259031,265630,Fistful of Frags,0.0,"Action, Free To Play, Indie",0
76561197999259031,271290,Unknown,0.43333333333333335,,0
76561197999259031,202090,Unknown,0.05,,0
76561197999259031,224260,No More Room in Hell,3.433333333333333,"Action, Indie, Free To Play",2
76561197999259031,257730,Infinity Wars: Animated Trading Card Game,10.833333333333334,"Casual, Indie, Strategy, Free To Play",0
76561197999259031,227760,March of the Eagles,0.016666666666666666,"Simulation, Strategy",0
76561197999259031,8930,Sid Meier's Civilization® V,289.95,Strategy,66
76561197999259031,227720,Unknown,0.16666666666666666,,0
76561197999259031,233450,Prison Architect,18.833333333333332,"Indie, Simulation, Strategy",0
76561197999259031,203770,Crusader Kings II,254.48333333333332,"RPG, Simulation, Strategy, Free To Play",0
76561197999259031,228260,Fallen Enchantress: Legendary Heroes,11.6,"Indie, RPG, Strategy",15
76561197999259031,228440,Cubemen 2,0.0,"Indie, Strategy",0
76561197999259031,202270,Unknown,0.0,,0
76561197999259031,225600,Blade Symphony,0.6166666666666667,"Action, Indie",0
76561197999259031,234190,Receiver,2.3833333333333333,"Action, Indie, Simulation",0
76561197999259031,222730,Reus,7.616666666666666,"Indie, Simulation, Strategy",27
76561197999259031,206190,Gunpoint,3.1333333333333333,"Action, Indie, Strategy",7
76561197999259031,236850,Europa Universalis IV,365.9,"Simulation, Strategy",9
76561197999259031,233250,Unknown,1.1666666666666667,,0
76561197999259031,228960,Skulls of the Shogun,0.36666666666666664,"Indie, Strategy",0
76561197999259031,213850,Magic 2014 — Duels of the Planeswalkers,14.6,Strategy,10
76561197999259031,33910,ARMA 2,0.0,"Action, Simulation, Strategy",0
76561197999259031,42960,Victoria II,57.016666666666666,Strategy,0
76561197999259031,42980,Victoria I Complete,0.0,Strategy,0
76561197999259031,247020,"Cook, Serve, Delicious!",7.35,"Action, Indie, Simulation, Strategy",5
76561197999259031,247350,Artemis Spaceship Bridge Simulator,5.983333333333333,"Action, Indie, Simulation",0
76561197999259031,239030,"Papers, Please",2.75,"Adventure, Indie",3
76561197999259031,242550,Rayman® Legends,0.0,"Action, Adventure",0
76561197999259031,860950,Mark of the Ninja: Remastered,0.0,"Action, Indie",0
76561197999259031,239070,Hammerwatch,1.5,"Action, Adventure, Indie, RPG",0
76561197999259031,248550,Megabyte Punch,3.2,"Action, Adventure, Indie",3
76561197999259031,248820,Risk of Rain (2013),7.6,"Action, Indie, RPG",0
76561197999259031,218620,PAYDAY 2,6.166666666666667,"Action, RPG",17
76561197999259031,233840,Worms Clan Wars,0.11666666666666667,Strategy,1
76561197999259031,250180,METAL SLUG 3,0.23333333333333334,Action,7
76561197999259031,250700,Super Time Force Ultra,0.0,"Action, Indie",0
76561197999259031,4570,"Warhammer 40,000: Dawn of War - Anniversary Edition",0.05,Strategy,0
76561197999259031,4580,"Warhammer® 40,000: Dawn of War® - Dark Crusade",0.0,Strategy,0
76561197999259031,9310,"Warhammer® 40,000: Dawn of War® – Winter Assault",0.0,Strategy,0
76561197999259031,9450,"Warhammer® 40,000: Dawn of War® - Soulstorm",0.1,Strategy,0
76561197999259031,219640,Chivalry: Medieval Warfare,7.1,"Action, Indie",5
76561197999259031,251130,Chroma Squad,4.216666666666667,"Indie, RPG, Strategy",17
76561197999259031,251570,7 Days to Die,14.133333333333333,"Action, Adventure, Indie, RPG, Simulation, Strategy",14
76561197999259031,251970,Unknown,2.55,,1
76561197999259031,252630,Eldritch,2.0833333333333335,"Action, Adventure, Indie, RPG",1
76561197999259031,253030,Race The Sun,0.11666666666666667,"Action, Indie, Racing",1
76561197999259031,253610,Wrack,0.18333333333333332,"Action, Indie",7
76561197999259031,244050,Rise of Flight United,0.08333333333333333,"Simulation, Free To Play",0
76561197999259031,249990,FORCED: Slightly Better Edition,0.7,"Action, Adventure, Indie, RPG",0
76561197999259031,247430,Hitman: Contracts,0.9,Action,0
76561197999259031,58610,Wargame: European Escalation,6.283333333333333,"Indie, Simulation, Strategy",2
76561197999259031,205650,The Testament of Sherlock Holmes,0.016666666666666666,Adventure,0
76561197999259031,219990,Grim Dawn,22.066666666666666,"Action, Adventure, Indie, RPG",9
76561197999259031,258010,Ring Runner: Flight of the Sages,7.133333333333334,"Action, Indie, RPG",1
76561197999259031,258200,Talisman: Prologue,0.0,"Indie, RPG, Strategy",0
76561197999259031,247000,Talisman: Digital Classic Edition,0.4,"Indie, RPG, Strategy",0
76561197999259031,94400,Nidhogg,0.13333333333333333,"Action, Indie, Sports",1
76561197999259031,235620,Small World,4.333333333333333,"Casual, Indie, Strategy",0
76561197999259031,219830,King Arthur's Gold,5.6,"Action, Free To Play, Indie",2
76561197999259031,262060,Darkest Dungeon®,28.65,"Indie, RPG, Strategy",21
76561197999259031,238430,Contagion,3.85,"Action, Adventure, Indie",0
76561197999259031,16700,Stronghold Crusader Extreme,0.016666666666666666,Strategy,0
76561197999259031,40970,Stronghold Crusader HD (2012),3.4833333333333334,"Simulation, Strategy",0
76561197999259031,264120,Victory: The Age of Racing,0.0,"Indie, Racing, Simulation, Sports, Free To Play",0
76561197999259031,346610,Racecraft,0.0,"Free To Play, Indie, Racing, Simulation, Sports, Early Access",0
76561197999259031,242700,Injustice: Gods Among Us Ultimate Edition,0.0,Action,0
76561197999259031,266110,Tower of Guns,0.36666666666666664,"Action, Indie",0
76561197999259031,266130,Breach & Clear,0.016666666666666666,"Action, RPG, Simulation, Strategy",0
76561197999259031,226840,Age of Wonders III,2.066666666666667,"RPG, Strategy",4
76561197999259031,259060,Dominions 4: Thrones of Ascension,44.03333333333333,"Indie, Strategy",0
76561197999259031,269210,Hero Siege,0.9833333333333333,"Action, Adventure, Indie, Massively Multiplayer, RPG",2
76561197999259031,269610,Arcane Worlds,0.0,"Action, Adventure, Early Access, Indie, Strategy",0
76561197999259031,271820,Card City Nights,0.43333333333333335,"Adventure, Casual, Indie",1
76561197999259031,236430,DARK SOULS™ II,58.516666666666666,"Action, RPG",15
76561197999259031,222880,Insurgency,0.016666666666666666,"Action, Indie, Strategy",0
76561197999259031,280220,Creeper World 3: Arc Eternal,35.55,"Indie, Simulation, Strategy",50
76561197999259031,281990,Stellaris,88.7,"Simulation, Strategy",0
76561197999259031,282800,100% Orange Juice,2.033333333333333,"Indie, Strategy",5
76561197999259031,285160,LEGO® The Hobbit™,6.033333333333333,"Action, Adventure",4
76561197999259031,286000,Tooth and Tail,2.966666666666667,"Action, Casual, Indie, Strategy",8
76561197999259031,286160,Tabletop Simulator,105.16666666666667,"Casual, Indie, RPG, Simulation, Strategy",7
76561197999259031,231430,Company of Heroes 2,8.383333333333333,Strategy,4
76561197999259031,288120,Dungeonmans,3.066666666666667,"Adventure, Indie, RPG, Strategy",1
76561197999259031,291410,Duelyst,3.216666666666667,"Free To Play, Indie, Strategy",6
76561197999259031,219740,Don't Starve,0.016666666666666666,"Adventure, Indie, Simulation",0
76561197999259031,322330,Don't Starve Together,0.0,"Action, Adventure, Indie, RPG, Simulation, Strategy",0
76561197999259031,293260,Card Hunter,11.9,"RPG, Strategy, Free To Play",5
76561197999259031,296490,GemCraft - Chasing Shadows,39.45,"Action, Indie, Strategy",174
76561197999259031,291550,Brawlhalla,7.466666666666667,"Action, Indie, Free To Play",3
76561197999259031,298600,Lovely Planet,0.0,"Action, Indie",0
76561197999259031,204360,Castle Crashers®,3.6,"Action, Adventure, Casual, Indie, RPG",2
76561197999259031,238460,BattleBlock Theater®,3.25,"Action, Adventure, Casual, Indie",6
76561197999259031,300570,Infinifactory,1.0,"Indie, Simulation",1
76561197999259031,301520,Robocraft,25.183333333333334,"Action, Indie, Massively Multiplayer, RPG, Simulation, Free To Play",1
76561197999259031,65790,ARMA: Cold War Assault,0.0,"Action, Simulation, Strategy",0
76561197999259031,304930,Unturned,1.4,"Action, Adventure, Casual, Indie, Free To Play",0
76561197999259031,305390,World War 2: Time of Wrath,0.23333333333333334,"Indie, Strategy",0
76561197999259031,306660,Ultimate General: Gettysburg,1.5833333333333333,"Indie, Simulation, Strategy",1
76561197999259031,306830,Unknown,0.0,,0
76561197999259031,302380,Floating Point,0.48333333333333334,"Casual, Free To Play, Indie",0
76561197999259031,307880,Savage Lands,0.4166666666666667,"Action, Adventure, Indie, RPG, Simulation",3
76561197999259031,311480,Vertical Drop Heroes HD,2.066666666666667,"Action, RPG",13
76561197999259031,311980,Isomer,0.05,"Action, Indie, Strategy, Early Access",0
76561197999259031,312430,Sovereignty: Crown of Kings,7.2,"Simulation, Strategy",5
76561197999259031,312990,The Expendabros,0.45,"Action, Adventure, Indie, Free To Play",0
76561197999259031,227940,Heroes & Generals,2.8,"Action, Free To Play, Indie, Massively Multiplayer, Strategy",0
76561197999259031,314410,Rampage Knights,2.6333333333333333,"Action, Adventure, Indie, RPG",13
76561197999259031,200110,Unknown,21.266666666666666,,17
76561197999259031,255420,Magic 2015 - Duels of the Planeswalkers,9.016666666666667,Strategy,9
76561197999259031,316010,Magic Duels,6.3,"Free To Play, Strategy",11
76561197999259031,296470,Mount Your Friends,12.833333333333334,"Indie, Simulation, Sports",0
76561197999259031,261180,Lethal League,6.45,"Action, Indie, Sports",8
76561197999259031,45760,Ultra Street Fighter® IV,0.85,Action,1
76561197999259031,319050,Chaos Reborn,3.4,"Indie, RPG, Strategy",0
76561197999259031,319250,Magicmaker,8.016666666666667,"Action, Adventure, Indie, RPG",44
76561197999259031,321360,Primal Carnage: Extinction,0.6166666666666667,"Action, Indie",4
76561197999259031,41300,Altitude,0.4166666666666667,"Action, Casual, Free To Play, Indie, Simulation, Strategy",7
76561197999259031,323060,Tharsis,1.1333333333333333,"Casual, Indie, RPG, Strategy",1
76561197999259031,323190,Frostpunk,8.45,"Simulation, Strategy",7
76561197999259031,323580,Jotun: Valhalla Edition,0.0,"Action, Adventure, Indie",0
76561197999259031,324140,Kalimba,0.0,"Action, Casual",0
76561197999259031,258970,Gauntlet™ Slayer Edition,2.816666666666667,"Action, Adventure, RPG",5
76561197999259031,326410,Windward,0.13333333333333333,"Action, Adventure, Indie, RPG",0
76561197999259031,327690,Gigantic,48.93333333333333,"Action, Free To Play, Strategy",0
76561197999259031,328080,Rise to Ruins,5.633333333333334,"Indie, Simulation, Strategy",0
76561197999259031,333930,Dirty Bomb®,6.216666666666667,"Action, Free To Play",12
76561197999259031,334310,Plebby Quest: The Crusades,3.183333333333333,"Action, Adventure, Casual, Indie, RPG, Simulation, Strategy",14
76561197999259031,334920,Zero-K,14.433333333333334,"Indie, Simulation, Strategy, Free To Play",0
76561197999259031,335240,Transformice,0.11666666666666667,"Free To Play, Indie, Massively Multiplayer",1
76561197999259031,338000,Echoes+,0.0,"Action, Free To Play, Indie",0
76561197999259031,334690,Squirreltopia,0.016666666666666666,"Action, Adventure, Indie",0
76561197999259031,319630,Life is Strange - Episode 1,0.0,"Action, Adventure",0
76561197999259031,341720,Among Ripples,0.0,"Casual, Free To Play, Indie, Simulation",0
76561197999259031,314420,The Great War 1918,0.0,"Action, Free To Play, Strategy",0
76561197999259031,343100,Overture,0.5333333333333333,"Action, Adventure, Casual, Indie, RPG, Strategy",0
76561197999259031,290080,Life is Feudal: Your Own,3.4166666666666665,"Action, Indie, RPG, Simulation",1
76561197999259031,700030,Life is Feudal: MMO,0.0,"Action, Adventure, Massively Multiplayer, RPG, Simulation, Early Access",0
76561197999259031,344190,Immortal Empire,0.9833333333333333,"Free To Play, Indie, RPG, Strategy",1
76561197999259031,346010,Besiege,4.6,"Indie, Simulation",0
76561197999259031,346110,ARK: Survival Evolved,0.4666666666666667,"Action, Adventure, Indie, Massively Multiplayer, RPG",0
76561197999259031,407530,ARK: The Survival Of The Fittest,0.0,"Action, Adventure, Indie, Massively Multiplayer, RPG, Strategy",0
76561197999259031,349840,Ancestory,0.43333333333333335,"Indie, Strategy",0
76561197999259031,39120,RIFT,3.6333333333333333,"Action, Adventure, Massively Multiplayer, RPG, Free To Play",0
76561197999259031,255710,Cities: Skylines,64.45,"Simulation, Strategy",8
76561197999259031,359920,Highlands,1.1,"Indie, RPG, Strategy",3
76561197999259031,360740,Downwell,0.5,"Action, Adventure, Indie",3
76561197999259031,361420,ASTRONEER,6.8,"Adventure, Indie",9
76561197999259031,364470,The Elder Scrolls®: Legends™,27.016666666666666,Free To Play,0
76561197999259031,367520,Hollow Knight,0.4166666666666667,"Action, Adventure, Indie",0
76561197999259031,369990,"Gremlins, Inc.",0.23333333333333334,"Indie, Strategy",0
76561197999259031,243970,"Invisible, Inc.",0.6166666666666667,"Action, Indie, Strategy",1
76561197999259031,226860,Galactic Civilizations III,1.3833333333333333,Strategy,5
76561197999259031,374320,DARK SOULS™ III,24.783333333333335,Action,11
76561197999259031,378720,Thea: The Awakening,3.55,"Indie, RPG, Strategy",0
76561197999259031,380600,Fishing Planet,0.0,"Massively Multiplayer, Simulation, Sports, Free To Play",0
76561197999259031,381210,Dead by Daylight,127.98333333333333,Action,45
76561197999259031,382490,Relic Hunters Zero: Remix,0.0,"Action, Indie, Free To Play",0
76561197999259031,383980,Rivals of Aether,3.0833333333333335,Indie,4
76561197999259031,386010,Steambirds Alliance,2.1166666666666667,"Action, Free To Play, Indie, Massively Multiplayer, RPG",0
76561197999259031,386360,SMITE®,29.033333333333335,"Action, Adventure, Casual, Massively Multiplayer, RPG, Strategy, Free To Play",38
76561197999259031,858460,Unknown,0.0,,0
76561197999259031,290340,Armello,2.1,"Adventure, Indie, RPG, Strategy",5
76561197999259031,214770,Guacamelee! Gold Edition,0.8166666666666667,"Action, Adventure, Indie",14
76561197999259031,275390,Guacamelee! Super Turbo Championship Edition,0.0,"Action, Adventure, Indie",0
76561197999259031,392110,ENDLESS™ Space 2,35.46666666666667,Strategy,7
76561197999259031,397390,Space Food Truck,2.966666666666667,"Indie, Strategy",4
76561197999259031,214950,Total War: ROME II - Emperor Edition,8.616666666666667,Strategy,11
76561197999259031,400160,Concrete Jungle,94.68333333333334,"Indie, Strategy",13
76561197999259031,404620,The Political Machine 2016,0.4,"Casual, Indie, Simulation, Strategy",2
76561197999259031,406850,Crush Your Enemies,5.033333333333333,"Action, Indie, Strategy",10
76561197999259031,363890,RPG Maker MV,7.866666666666666,"RPG, Design & Illustration, Education, Web Publishing, Game Development",0
76561197999259031,408410,X-Morph: Defense,2.3333333333333335,"Action, Indie, Strategy",4
76561197999259031,410380,HEX: Shards of Fate,0.5,"Adventure, Free To Play, RPG, Strategy",0
76561197999259031,416210,Block'hood,17.75,"Indie, Simulation, Strategy",6
76561197999259031,427460,Unknown,9.683333333333334,,0
76561197999259031,427520,Factorio,13.133333333333333,"Casual, Indie, Simulation, Strategy",5
76561197999259031,428340,Marmoset Hexels 3,0.08333333333333333,"Animation & Modeling, Design & Illustration, Video Production",0
76561197999259031,429680,Spellweaver,5.816666666666666,"Free To Play, Indie, Massively Multiplayer, Strategy",1
76561197999259031,437920,Tricky Towers,0.65,"Casual, Indie",0
76561197999259031,310380,Unknown,0.0,,0
76561197999259031,34270,SEGA Mega Drive and Genesis Classics,0.016666666666666666,"Action, Adventure, Casual, RPG",0
76561197999259031,205230,Hell Yeah! Wrath of the Dead Rabbit,0.0,Action,0
76561197999259031,205950,Jet Set Radio,0.0,Action,0
76561197999259031,4720,Condemned: Criminal Origins,0.0,Action,0
76561197999259031,203750,Binary Domain,0.0,Action,0
76561197999259031,444090,Paladins®,135.21666666666667,"Action, Adventure, Massively Multiplayer, Strategy, Free To Play",44
76561197999259031,596350,Unknown,0.0,,0
76561197999259031,443880,Loot Rascals,3.466666666666667,"Adventure, Indie, RPG",3
76561197999259031,448910,Axes and Acres,7.733333333333333,"Indie, Strategy",4
76561197999259031,449140,Istrolid,1.5333333333333334,"Free To Play, Indie, Strategy",0
76561197999259031,454060,Blueprint Tycoon,6.8,"Casual, Indie, Simulation",23
76561197999259031,205890,Unknown,0.65,,8
76561197999259031,271240,Offworld Trading Company,27.483333333333334,"Indie, Simulation, Strategy",31
76561197999259031,466560,Northgard,57.016666666666666,"Adventure, Indie, Simulation, Strategy",56
76561197999259031,394360,Hearts of Iron IV,17.083333333333332,"Simulation, Strategy",0
76561197999259031,379720,DOOM,22.483333333333334,Action,14
76561197999259031,472060,Ortus Regni,5.416666666666667,"Free To Play, Indie, Strategy",0
76561197999259031,473690,Absolver,12.166666666666666,"Action, Adventure, Indie",9
76561197999259031,475630,Crush Online,0.08333333333333333,"Action, Free To Play, Massively Multiplayer, Strategy",0
76561197999259031,480640,Pathfinder Adventures,0.05,"RPG, Strategy",0
76561197999259031,488910,Astral Heroes,0.8833333333333333,"Free To Play, Indie, Strategy",1
76561197999259031,489630,"Warhammer 40,000: Gladius - Relics of War",75.78333333333333,Strategy,44
76561197999259031,490280,Realms of Magic,6.733333333333333,"Action, Adventure, Indie, RPG",5
76561197999259031,490950,Frost,6.033333333333333,Strategy,6
76561197999259031,314010,Boid,0.06666666666666667,"Action, Casual, Indie, Strategy, Free To Play",0
76561197999259031,504370,Battlerite,79.05,"Action, Free To Play",0
76561197999259031,388370,Nova Blitz,1.3333333333333333,"Action, Free To Play, Indie, Massively Multiplayer, Strategy",0
76561197999259031,402570,Atlas Reactor,76.03333333333333,"Free To Play, Strategy",11
76561197999259031,509560,Heroes of Dire,3.6333333333333333,"Adventure, Free To Play, Indie, Massively Multiplayer, RPG, Strategy",0
76561197999259031,509570,In Celebration of Violence,26.333333333333332,"Action, Adventure, Indie, RPG",21
76561197999259031,513560,Hunger Dungeon,0.2,"Action, Adventure, Free To Play, Indie, RPG, Strategy",0
76561197999259031,289070,Sid Meier’s Civilization® VI,36.46666666666667,Strategy,13
76561197999259031,397060,Faeria,6.466666666666667,"Adventure, Indie, Massively Multiplayer, RPG, Strategy",0
76561197999259031,528450,Hunt: The Unknown Quarry,0.016666666666666666,"Indie, Strategy",0
76561197999259031,324810,TOXIKK™,0.38333333333333336,"Action, Free To Play, Indie",1
76561197999259031,248170,Clickteam Fusion 2.5,1.8,"Animation & Modeling, Education, Utilities, Web Publishing",0
76561197999259031,531540,Hidden Dimensions 3,0.9666666666666667,Strategy,0
76561197999259031,531640,Eternal Card Game,64.73333333333333,"Casual, Massively Multiplayer, Strategy, Free To Play",1
76561197999259031,534500,Unknown,10.083333333333334,,0
76561197999259031,535930,Two Point Hospital,14.0,"Indie, Simulation",3
76561197999259031,538880,Triennale Game Collection,0.23333333333333334,Indie,0
76561197999259031,548430,Deep Rock Galactic,41.55,Action,17
76561197999259031,552990,World of Warships,63.75,"Action, Massively Multiplayer, Simulation, Strategy, Free To Play",13
76561197999259031,556820,Warbands: Bushido,6.4,"Free To Play, Indie, Strategy",7
76561197999259031,507490,Ashes of the Singularity: Escalation,2.6666666666666665,"Simulation, Strategy",7
76561197999259031,558100,Art of War: Red Tides,0.7166666666666667,"Violent, Free To Play, Indie, Strategy, Early Access",0
76561197999259031,558990,Opus Magnum,23.416666666666668,"Indie, Simulation",0
76561197999259031,562500,Warstone TD,3.0,"Indie, Strategy",43
76561197999259031,557410,Dream Quest,2.3333333333333335,RPG,0
76561197999259031,302590,Of Guards And Thieves,0.0,"Action, Casual, Free To Play, Indie, Massively Multiplayer, Racing, Strategy, Early Access",0
76561197999259031,568810,Unknown,0.0,,0
76561197999259031,572220,MageQuit,8.483333333333333,"Action, Strategy",3
76561197999259031,573060,LOGistICAL,18.433333333333334,"Casual, Indie, Strategy",266
76561197999259031,577490,Minos Strategos,2.316666666666667,Strategy,6
76561197999259031,578310,BRAIN / OUT,0.016666666666666666,"Action, Free To Play, Indie, Massively Multiplayer",0
76561197999259031,582270,Everything,3.4166666666666665,"Casual, Indie, RPG, Simulation",24
76561197999259031,470040,Spellgear,0.35,"Action, Indie, RPG",0
76561197999259031,586030,"Shardbound: Forge Your Path, Master Your Strategy",0.26666666666666666,"Action, Indie, Strategy, Free To Play, Early Access",0
76561197999259031,434510,Formicide,0.0,"Action, Free To Play, Indie",0
76561197999259031,588650,Dead Cells,14.6,"Action, Adventure, Indie",21
76561197999259031,375230,"Warhammer 40,000: Eternal Crusade",1.8333333333333333,"Action, Adventure, Free To Play, Massively Multiplayer",6
76561197999259031,412310,Labyrinth,1.15,"Free To Play, Indie, RPG, Strategy, Early Access",0
76561197999259031,597970,Age of Rivals,35.333333333333336,"Indie, Strategy",0
76561197999259031,601840,Griftlands,49.78333333333333,Indie,0
76561197999259031,602960,Barotrauma,2.8333333333333335,"Action, Indie, Simulation, Strategy",5
76561197999259031,332310,LEGO® Worlds,2.683333333333333,Adventure,4
76561197999259031,511800,ONRAID,0.11666666666666667,"Action, Free To Play, Indie, Massively Multiplayer, Strategy",0
76561197999259031,606230,Thea 2: The Shattering,0.0,"Indie, RPG, Strategy",0
76561197999259031,607050,Wargroove,11.7,"Indie, Strategy",5
76561197999259031,610080,Realm Grinder,67.3,"Free To Play, RPG, Strategy",11
76561197999259031,613590,Dungeon Of Zaar - Open Beta,0.0,"Free To Play, Indie, Strategy, Early Access",0
76561197999259031,506540,Last Man Standing,0.65,"Action, Adventure, Free To Play, Indie, Massively Multiplayer, Strategy",0
76561197999259031,627690,Idle Champions of the Forgotten Realms,0.0,"Action, Adventure, Indie, Strategy, Free To Play",0
76561197999259031,418460,Rising Storm 2: Vietnam,0.6666666666666666,"Action, Massively Multiplayer, Simulation, Strategy",1
76561197999259031,632360,Risk of Rain 2,12.666666666666666,"Action, Indie",18
76561197999259031,643980,Ironbound,1.5333333333333334,"Indie, RPG, Strategy, Free To Play",0
76561197999259031,646570,Slay the Spire,114.13333333333334,"Indie, Strategy",21
76561197999259031,699170,Fell Seal: Arbiter's Mark,15.433333333333334,"Indie, RPG, Strategy",12
76561197999259031,368420,Unknown,1.6666666666666667,,0
76561197999259031,718670,Cultist Simulator,32.016666666666666,"Indie, RPG, Simulation",15
76561197999259031,736260,Baba Is You,0.45,Indie,0
76561197999259031,582160,Assassin's Creed® Origins,0.0,"Action, Adventure, RPG",0
76561197999259031,745920,Temtem,7.183333333333334,"Adventure, Indie, Massively Multiplayer, RPG",1
76561197999259031,760160,Vampire: The Masquerade - Bloodhunt,4.083333333333333,"Action, Free To Play",6
76561197999259031,763890,Wildermyth,50.85,"Indie, RPG, Strategy",18
76561197999259031,780290,Gloomhaven,1.0,"Adventure, RPG, Strategy",0
76561197999259031,782330,DOOM Eternal,3.9,Action,4
76561197999259031,790600,Stormbound,3.183333333333333,"Indie, Strategy, Free To Play",6
76561197999259031,620590,Ancestors Legacy,1.8333333333333333,Strategy,4
76561197999259031,464920,Surviving Mars,91.3,"Simulation, Strategy",20
76561197999259031,807120,Iratus: Lord of the Dead,6.566666666666666,"Indie, RPG, Strategy",11
76561197999259031,823130,Totally Accurate Battlegrounds,0.0,"Action, Indie, Free To Play",0
76561197999259031,552500,Warhammer: Vermintide 2,46.21666666666667,"Action, Indie, RPG",14
76561197999259031,818320,LEGO® The Incredibles,35.21666666666667,"Action, Adventure",24
76561197999259031,837470,Untitled Goose Game,3.1,"Action, Indie",1
76561197999259031,839910,Mythgard,9.45,"Casual, Free To Play, Indie, Strategy",0
76561197999259031,439190,Stories: The Path of Destinies,0.0,"Action, Adventure, Indie, RPG",0
76561197999259031,877080,Seeds of Resilience,0.21666666666666667,"Indie, Simulation, Strategy",0
76561197999259031,881100,Noita,6.316666666666666,"Action, Adventure, Indie, RPG, Simulation",3
76561197999259031,892970,Valheim,78.68333333333334,"Action, Adventure, Indie, RPG, Early Access",0
76561197999259031,714010,Aimlabs,0.0,"Action, Adventure, Casual, Indie, Simulation, Free To Play",0
76561197999259031,835570,Conqueror's Blade,0.0,"Action, Massively Multiplayer, RPG, Strategy, Free To Play",0
76561197999259031,905370,Conqueror's Blade,1.1666666666666667,"Action, Massively Multiplayer, Strategy, Free To Play",0
76561197999259031,931690,Himno,0.0,"Adventure, Casual, Indie, Free To Play",0
76561197999259031,945360,Among Us,0.48333333333333334,Casual,0
76561197999259031,490220,Prismata,8.416666666666666,"Free To Play, Indie, Simulation, Strategy, Early Access",2
76561197999259031,965580,Root,1.8666666666666667,"Indie, Simulation, Strategy",1
76561197999259031,638070,Murderous Pursuits,0.0,"Action, Indie, Simulation, Strategy",0
76561197999259031,981430,Gordian Quest,24.65,"Adventure, Indie, RPG, Strategy",10
76561197999259031,984110,SYNTHETIK: Arena,3.2,"Action, Free To Play, Indie",0
76561197999259031,489520,Minion Masters,54.2,"Action, Adventure, Indie, RPG, Strategy, Free To Play",30
76561197999259031,449960,Book of Demons,3.783333333333333,"Action, Adventure, Casual, Indie, RPG",42
76561197999259031,1000030,"Cook, Serve, Delicious! 3?!",0.36666666666666664,"Action, Indie, Simulation, Strategy",0
76561197999259031,1011390,Field of Glory: Empires,108.45,Strategy,10
76561197999259031,859580,Imperator: Rome,71.3,"Simulation, Strategy",0
76561197999259031,1018830,Element TD 2 - Tower Defense,10.7,"Indie, Strategy",9
76561197999259031,1025440,Fantasy General II,4.2,Strategy,4
76561197999259031,1038370,Trials of Fire,4.683333333333334,"Indie, RPG, Strategy",4
76561197999259031,1046030,ISLANDERS,7.766666666666667,"Casual, Indie, Strategy",20
76561197999259031,1046930,Dota Underlords,15.4,"Casual, Strategy, Free To Play",0
76561197999259031,1049590,Eternal Return,11.05,"Indie, Strategy, Free To Play",0
76561197999259031,1062090,Timberborn,98.46666666666667,"Indie, Simulation, Strategy, Early Access",0
76561197999259031,1063580,Aeon's End,1.5333333333333334,"Adventure, Indie, Strategy",1
76561197999259031,1075190,A Game of Thrones: The Board Game - Digital Edition,0.05,Strategy,1
76561197999259031,325180,AppGameKit Classic: Easy Game Development,0.0,"Animation & Modeling, Design & Illustration, Education, Software Training, Utilities, Web Publishing",0
76561197999259031,1090670,Orbi Universo,3.316666666666667,"Indie, Simulation, Strategy",9
76561197999259031,1102190,Monster Train,92.15,Strategy,28
76561197999259031,1085660,Destiny 2,17.233333333333334,"Action, Adventure, Free To Play",9
76561197999259031,237870,Planet Explorers,0.0,"Action, Adventure, Indie, RPG, Simulation",0
76561197999259031,1124300,HUMANKIND™,189.55,Strategy,40
76561197999259031,1127500,Mini Motorways,7.533333333333333,"Casual, Indie, Simulation, Strategy",26
76561197999259031,1127610,Iris and the Giant,5.066666666666666,"Indie, RPG, Strategy",4
76561197999259031,764050,Maelstrom,1.0,"Action, Adventure, Indie, Massively Multiplayer, Simulation, Strategy, Free To Play",2
76561197999259031,1151080,Legend of Keepers: Prologue,2.6,"Free To Play, Indie, RPG, Strategy",3
76561197999259031,1162750,Songs of Syx,88.98333333333333,"Indie, Simulation, Strategy, Early Access",8
76561197999259031,1169040,Necesse,18.683333333333334,"Action, Adventure, Indie, RPG, Early Access",19
76561197999259031,1145360,Hades,32.416666666666664,"Action, Indie, RPG",12
76561197999259031,1207270,Moving Out Demo,0.0,"Action, Casual, Indie, Simulation",0
76561197999259031,1213700,Spirit of the North,0.9166666666666666,"Adventure, Casual, Indie",2
76561197999259031,1232590,DREAMGATE,6.333333333333333,"Adventure, Indie, RPG, Strategy, Early Access",2
76561197999259031,582660,Black Desert,0.0,"Action, Adventure, Massively Multiplayer, RPG, Simulation, Strategy",0
76561197999259031,797410,Headsnatchers,0.0,"Action, Casual, Indie, Sports",0
76561197999259031,1271090,Let's Cook Together,1.95,"Casual, Indie",2
76561197999259031,1272320,Diplomacy is Not an Option,25.466666666666665,"Indie, Simulation, Strategy",0
76561197999259031,1281630,Anno 1404 - History Edition,2.683333333333333,"Simulation, Strategy",0
76561197999259031,1283700,SUPERVIVE,0.5833333333333334,"Action, Free To Play, Early Access",0
76561197999259031,1318690,shapez,8.566666666666666,"Casual, Indie, Simulation, Strategy",5
76561197999259031,1360270,Gem Wizards Tactics,1.7833333333333334,"Indie, Simulation, Strategy",2
76561197999259031,1367020,Storybook Brawl,15.783333333333333,"Casual, Free To Play, Strategy, Early Access",0
76561197999259031,390560,Fantasy Strike,0.0,"Action, Casual, Free To Play, Indie",0
76561197999259031,1385380,Across the Obelisk,43.016666666666666,"Adventure, Indie, RPG, Strategy",48
76561197999259031,1015930,Blood Rage: Digital Edition,0.11666666666666667,Strategy,0
76561197999259031,1437010,The Last Spell: Prologue,0.0,"Action, Free To Play, Indie, RPG, Strategy",0
76561197999259031,1478070,Fights in Tight Spaces (Prologue),0.6833333333333333,"Action, Strategy",0
76561197999259031,1494560,Rogue Voltage,5.15,"Indie, RPG, Simulation, Strategy, Early Access",17
76561197999259031,1535210,Nadir: A Grimdark Deck Builder - Prologue,0.0,"Action, Indie, RPG, Strategy",0
76561197999259031,1538570,Patron,5.733333333333333,"Simulation, Strategy",17
76561197999259031,1569700,Hero Realms,0.43333333333333335,Strategy,0
76561197999259031,1269260,Artifact Foundry,0.0,Strategy,0
76561197999259031,1574000,Industry Idle,0.3,"Indie, Simulation, Strategy, Free To Play",0
76561197999259031,1621690,Core Keeper,10.683333333333334,"Adventure, Casual, Indie, RPG",2
76561197999259031,1022310,Warhammer Underworlds - Shadespire Edition,0.16666666666666666,"Casual, Strategy",1
76561197999259031,1686820,Arena of Kings,0.2,"Action, Free To Play, Massively Multiplayer, RPG, Strategy",0
76561197999259031,1714040,Super Auto Pets,2.816666666666667,"Free To Play, Strategy",0
76561197999259031,1741640,Shadows of Forbidden Gods,10.283333333333333,"Simulation, Strategy",7
76561197999259031,1768280,Ozymandias: Bronze Age Empire Sim,31.916666666666668,"Simulation, Strategy",5
76561197999259031,1794680,Vampire Survivors,16.716666666666665,"Action, Casual, Indie, RPG",47
76561197999259031,1818750,MultiVersus,17.616666666666667,"Action, Free To Play",14
76561197999259031,1839660,Crystal Clash,0.0,"Action, Casual, Strategy, Free To Play",0
76561197999259031,1857090,Norland,5.766666666666667,"Simulation, Strategy, Early Access",1
76561197999259031,1869590,Omega Strikers,0.0,"Action, Strategy, Free To Play",0
76561197999259031,1870300,SOVL: Fantasy Warfare,2.0833333333333335,"Indie, Strategy, Free To Play",3
76561197999259031,1910680,Orb of Creation,12.066666666666666,"Casual, Indie, Strategy, Early Access",0
76561197999259031,1924490,Gigantic: Rampage Edition,9.183333333333334,Action,5
76561197999259031,1970100,LEGO® Bricktales Demo,0.8,,0
76561197999259031,1973530,Limbus Company,1.2666666666666666,"Action, RPG, Strategy",0
76561197999259031,2004320,Duelyst II,0.5333333333333333,"Indie, Strategy, Free To Play",0
76561197999259031,2053700,满庭芳：宋上繁华 Demo,0.25,,0
76561197999259031,2113430,Soulstone Survivors: Prologue,0.5666666666666667,"Action, Indie, RPG",0
76561197999259031,2139460,Once Human,13.283333333333333,"Action, Adventure, RPG, Simulation, Strategy, Free To Play",0
76561197999259031,2141910,Magic: The Gathering Arena,24.283333333333335,"Strategy, Free To Play",0
76561197999259031,2181610,Heretic's Fork,3.15,"Action, Strategy",8
76561197999259031,2218750,Halls of Torment,14.433333333333334,"Action, Indie, RPG",120
76561197999259031,2321580,StormEdge: Wind of Change,0.5,"Action, Adventure, Indie",6
76561197999259031,2325290,Sky: Children of the Light,0.6166666666666667,"Adventure, Casual, Indie, Massively Multiplayer, RPG, Free To Play, Early Access",0
76561197999259031,2343650,Waven,8.116666666666667,"Adventure, RPG, Strategy, Free To Play, Early Access",0
76561197999259031,2391710,Gatekeeper: Infinity,0.03333333333333333,"Action, Adventure, Casual, Indie, RPG, Simulation, Free To Play",0
76561197999259031,2423530,The Beginning,0.0,"RPG, Strategy",0
76561197999259031,2429640,THRONE AND LIBERTY,0.0,"Action, Adventure, Massively Multiplayer, RPG, Free To Play",0
76561197999259031,2448970,Dungeonborne,1.2333333333333334,"Action, Adventure, RPG, Strategy, Free To Play, Early Access",0
76561197999259031,249050,Dungeon of the ENDLESS™,0.0,"Adventure, Indie, RPG, Strategy",0
76561197999259031,2511500,Dominions 6 - Rise of the Pantokrator,137.8,Strategy,0
76561197999259031,2517810,The Last Flame: Prologue,0.0,"Adventure, Indie, RPG, Strategy",0
76561197999259031,2529130,URBO: Dream One,0.016666666666666666,"Indie, Strategy",0
76561197999259031,2529250,Mini Settlers Demo,0.16666666666666666,,0
76561197999259031,933110,Age of Empires III: Definitive Edition,0.0,"Free To Play, Strategy",0
76561197999259031,2651330,Intravenous 2: Mercenarism,0.0,"Action, Adventure, Indie, Simulation, Strategy",0
76561197999259031,2707930,Palia,0.5333333333333333,"Adventure, Casual, Indie, RPG, Simulation, Free To Play",0
76561197999259031,2767030,Marvel Rivals,20.783333333333335,"Action, Free To Play",5
76561197999259031,1948800,Yi Xian: The Cultivation Card Game,24.383333333333333,"Casual, Indie, Strategy, Free To Play",3
76561197999259031,2778430,Deconstruction Simulator: Prologue,0.0,"Indie, RPG, Simulation, Free To Play",0
76561197999259031,235900,RPG Maker XP,0.0,"RPG, Design & Illustration, Education, Web Publishing, Game Development",0
76561197999259031,2973490,Megaloot: Prelude,0.2,"Casual, Indie, RPG, Strategy, Free To Play",0
76561197999259031,2984660,He is Coming Demo,0.0,,0
76561197999259031,2995230,Sandwalkers - Prologue,0.05,"Indie, RPG, Strategy, Free To Play",0
76561197999259031,2016590,Dark and Darker,0.55,"Action, RPG, Free To Play, Early Access",0
76561197999259031,1442670,Hamster Playground,0.0,"Casual, Indie, Racing, Simulation, Free To Play",0
76561197999259031,2051620,Enlisted,0.13333333333333333,"Action, Massively Multiplayer, Free To Play",0
76561197999259031,3114410,Skill Legends Royale,0.9166666666666666,"Casual, Indie, Massively Multiplayer, RPG, Simulation, Strategy, Free To Play",0
76561197999259031,1422450,Deadlock,3.75,Action,0
76561197999259031,3275270,Shape of Dreams: Prologue,0.0,"Action, Adventure, Indie, Free To Play",0
76561197999259031,3453980,Nordhold Demo,0.05,"Casual, Indie, Strategy",0
76561197999259031,3465270,Solarpunk Demo,0.0,,0
76561197999259031,3498810,Knightica Demo,0.6,Strategy,0
76561198004572694,2100,Dark Messiah of Might & Magic,0.0,"Action, RPG",0
76561198004572694,2130,Dark Messiah of Might & Magic,0.0,"Action, RPG",0
76561198004572694,3900,Sid Meier's Civilization® IV,0.0,Strategy,0
76561198004572694,34440,Sid Meier's Civilization® IV,0.0,Strategy,0
76561198004572694,7210,"Runaway, A Road Adventure",0.0,Adventure,0
76561198004572694,3990,Civilization IV®: Warlords,0.0,Strategy,0
76561198004572694,34450,Civilization IV®: Warlords,0.0,Strategy,0
76561198004572694,6980,Thief: Deadly Shadows,0.0,Action,0
76561198004572694,7000,Tomb Raider: Legend,0.0,"Action, Adventure",0
76561198004572694,7010,Project: Snowblind,0.0,Action,0
76561198004572694,4540,Unknown,0.0,,0
76561198004572694,4550,Unknown,0.0,,0
76561198004572694,475150,Titan Quest Anniversary Edition,0.0,"Action, RPG",0
76561198004572694,2310,Quake,0.0,Action,0
76561198004572694,2390,Heretic: Shadow of the Serpent Riders,0.0,Action,0
76561198004572694,2360,Hexen: Beyond Heretic,0.0,Action,0
76561198004572694,11420,Unknown,0.0,,0
76561198004572694,11450,Overlord™,0.0,RPG,0
76561198004572694,8080,Kane and Lynch: Dead Men™,0.0,Action,0
76561198004572694,12310,Culpa Innata,0.0,"Adventure, Casual, RPG",0
76561198004572694,8100,Conflict: Denied Ops,0.0,Action,0
76561198004572694,7670,BioShock™,0.0,"Action, RPG",0
76561198004572694,409710,BioShock™ Remastered,0.0,"Action, RPG",0
76561198004572694,13250,Unreal Gold,0.0,Action,0
76561198004572694,13200,Unreal 2: The Awakening,0.0,Action,0
76561198004572694,13540,Tom Clancy's Rainbow Six® Vegas,0.0,Action,0
76561198004572694,15170,Heroes of Might & Magic V,0.0,Strategy,0
76561198004572694,16710,Insecticide Part 1,0.0,"Action, Adventure",0
76561198004572694,11040,Sherlock Holmes - Nemesis,0.0,"Adventure, RPG",0
76561198004572694,17330,Crysis Warhead®,0.0,Action,0
76561198004572694,17340,Crysis Warhead®,0.0,Action,0
76561198004572694,20900,The Witcher: Enhanced Edition Director's Cut,0.0,"Action, RPG",0
76561198004572694,16730,Legendary,0.0,Action,0
76561198004572694,12770,Rise of the Argonauts,0.0,RPG,0
76561198004572694,15620,"Warhammer 40,000: Dawn of War II - Anniversary Edition",0.0,Strategy,17
76561198004572694,20570,"Warhammer® 40,000: Dawn of War® II Chaos Rising",0.0,Strategy,0
76561198004572694,56400,"Warhammer 40,000: Dawn of War II: Retribution",0.0,Strategy,0
76561198004572694,16450,F.E.A.R. 2: Project Origin,0.0,Action,0
76561198004572694,27020,The Graveyard,0.0,"Indie, Simulation",0
76561198004572694,27000,The Path,0.0,"Adventure, Indie",0
76561198004572694,22200,Zeno Clash,0.0,"Action, Indie",5
76561198004572694,3710,Judge Dredd: Dredd vs. Death,0.0,Action,0
76561198004572694,1250,Killing Floor,0.0,Action,3
76561198004572694,35420,Defence Alliance 2,0.0,Action,0
76561198004572694,16060,Samantha Swift and the Golden Touch,0.0,Casual,0
76561198004572694,1930,Two Worlds Epic Edition,0.0,RPG,0
76561198004572694,7510,X-Blades,0.0,"Nudity, Violent, Action, Adventure, RPG",0
76561198004572694,16720,Velvet Assassin,0.0,Action,0
76561198004572694,7860,NecroVision,0.0,Action,0
76561198004572694,9870,Unknown,0.0,,0
76561198004572694,34800,Chronicles of Mystery: The Scorpio Ritual,0.0,Adventure,0
76561198004572694,35700,Trine Enchanted Edition,0.0,"Action, Adventure, Indie",13
76561198004572694,3700,Sniper Elite,0.0,Action,0
76561198004572694,10130,TimeShift™,0.0,Action,0
76561198004572694,18480,Mata Hari,0.0,Adventure,0
76561198004572694,11370,Nikopol: Secrets of the Immortals,0.0,"Adventure, Indie",0
76561198004572694,34410,Death to Spies: Moment of Truth,0.0,Action,0
76561198004572694,24840,Medal of Honor: Airborne,0.0,Action,0
76561198004572694,39540,SpellForce - Platinum Edition,0.0,"Action, RPG",0
76561198004572694,27050,Fatale,0.0,"Adventure, Casual, Indie",0
76561198004572694,12710,Overlord™: Raising Hell,0.0,RPG,0
76561198004572694,24400,King Arthur - The Role-playing Wargame,0.0,"RPG, Strategy",0
76561198004572694,40720,Samorost 2,0.0,"Adventure, Casual, Indie",0
76561198004572694,41900,The Bard's Tale ARPG: Remastered and Resnarkled,0.0,"Action, Adventure, RPG",0
76561198004572694,32430,STAR WARS™ - The Force Unleashed™ Ultimate Sith Edition,0.0,Action,0
76561198004572694,11150,Sherlock Holmes: The Silver Earring,0.0,Adventure,0
76561198004572694,11180,Sherlock Holmes: The Mystery of the Persian Carpet,0.0,"Adventure, Casual",0
76561198004572694,11190,Sherlock Holmes versus Jack the Ripper,0.0,"Adventure, RPG",0
76561198004572694,11140,Sherlock Holmes: The Awakened (2008),0.0,Adventure,0
76561198004572694,46400,Greed: Black Border,0.0,"Action, RPG",0
76561198004572694,37000,The Void,0.0,"Action, Adventure",0
76561198004572694,23450,Grand Ages: Rome,0.0,"Simulation, Strategy",0
76561198004572694,46410,Avencast: Rise of the Mage,0.0,"Action, Adventure, Indie, RPG",0
76561198004572694,21090,F.E.A.R.,0.0,Action,0
76561198004572694,21110,F.E.A.R.,0.0,Action,0
76561198004572694,21120,F.E.A.R.,0.0,Action,0
76561198004572694,33930,Arma 2: Operation Arrowhead,0.0,"Action, Simulation, Strategy",0
76561198004572694,27330,Blacklight: Tango Down,0.0,Action,0
76561198004572694,39670,Chaser,0.0,Action,0
76561198004572694,28000,Kane & Lynch 2: Dog Days,0.0,Action,19
76561198004572694,39680,The Guild II Renaissance,0.0,"Simulation, Strategy",0
76561198004572694,63900,Fantasy Wars,0.0,Strategy,0
76561198004572694,70400,Recettear: An Item Shop's Tale,0.0,"RPG, Indie",0
76561198004572694,57000,NyxQuest: Kindred Spirits,0.0,"Action, Adventure",0
76561198004572694,40350,Lost Horizon,0.0,Adventure,0
76561198004572694,65500,Aura: Fate of the Ages,0.0,Adventure,0
76561198004572694,8980,Borderlands Game of the Year,0.0,"Action, RPG",38
76561198004572694,729040,Borderlands Game of the Year Enhanced,0.0,"Action, RPG",0
76561198004572694,33600,Broken Sword 2 - the Smoking Mirror: Remastered (2010),0.0,"Adventure, Casual",0
76561198004572694,33610,Broken Sword 3 - the Sleeping Dragon (2003),0.0,Adventure,0
76561198004572694,57640,Broken Sword: Director's Cut (2009),0.0,Adventure,0
76561198004572694,12210,Grand Theft Auto IV: The Complete Edition,0.0,"Action, Adventure",0
76561198004572694,47810,Dragon Age: Origins - Ultimate Edition,0.0,RPG,0
76561198004572694,33990,Alternativa,0.0,Adventure,0
76561198004572694,33770,Drakensang: The River of Time,0.0,RPG,0
76561198004572694,46460,Scratches - Director's Cut,0.0,Adventure,0
76561198004572694,34330,Total War: SHOGUN 2,0.0,Strategy,32
76561198004572694,58560,Runaway: A Twist of Fate,0.0,Adventure,0
76561198004572694,97100,Section 8®: Prejudice™,0.0,Action,0
76561198004572694,96000,The Tiny Bang Story,0.0,"Adventure, Casual, Indie",0
76561198004572694,92000,Hydrophobia: Prophecy,0.0,"Action, Adventure, Indie, Strategy",9
76561198004572694,99400,Garshasp: The Monster Slayer,0.0,"Action, Indie",22
76561198004572694,33780,Drakensang - Phileasson's Secret,0.0,RPG,0
76561198004572694,20920,The Witcher 2: Assassins of Kings Enhanced Edition,0.0,RPG,0
76561198004572694,46500,Syberia,0.0,"Adventure, Casual",0
76561198004572694,46510,Syberia II,0.0,Adventure,0
76561198004572694,31270,Puzzle Agent,0.0,"Action, Adventure, Casual",0
76561198004572694,91700,E.Y.E: Divine Cybermancy,0.0,"Action, Indie, RPG",0
76561198004572694,21100,F.E.A.R. 3,0.0,Action,0
76561198004572694,19200,Tank Universal,0.0,"Action, Indie",0
76561198004572694,11330,Obulis,0.0,"Casual, Indie",0
76561198004572694,47790,Medal of Honor™,0.0,Action,0
76561198004572694,47830,Medal of Honor™,0.0,Action,0
76561198004572694,46550,Post Mortem,0.0,Adventure,0
76561198004572694,34830,Sniper: Ghost Warrior,0.0,Action,0
76561198004572694,48220,Might & Magic: Heroes VI,0.0,"RPG, Strategy",0
76561198004572694,39160,Dungeon Siege III,0.0,"Action, RPG",0
76561198004572694,39190,Dungeon Siege,0.0,RPG,0
76561198004572694,39200,Dungeon Siege II,0.0,RPG,0
76561198004572694,200020,Global Ops: Commando Libya,0.0,Action,21
76561198004572694,32800,Lord of the Rings: War in the North,0.0,"Action, RPG",36
76561198004572694,201290,Sins of a Solar Empire: Trinity®,0.0,"Indie, Strategy",0
76561198004572694,46450,Grotesque Tactics: Evil Heroes,0.0,"Indie, RPG, Strategy",5
76561198004572694,46570,Grotesque Tactics 2 – Dungeons and Donuts,0.0,"Adventure, Indie, RPG, Strategy",0
76561198004572694,261720,Holy Avatar vs. Maidens of the Dead,0.0,"Adventure, Casual, Indie, RPG, Strategy",0
76561198004572694,94590,Puzzle Agent 2,0.0,"Action, Adventure, Casual",0
76561198004572694,80330,The Blackwell Legacy,0.0,"Adventure, Indie",0
76561198004572694,80340,Blackwell Unbound,0.0,"Adventure, Indie",0
76561198004572694,80350,Blackwell Convergence,0.0,"Adventure, Indie",0
76561198004572694,80360,Blackwell Deception,0.0,"Adventure, Indie",0
76561198004572694,205330,Law & Order: Legacies,0.0,"Adventure, Casual",0
76561198004572694,102500,Kingdoms of Amalur: Reckoning™,0.0,"Action, RPG",33
76561198004572694,108710,Alan Wake,0.0,"Action, Adventure",0
76561198004572694,204440,Pickers,0.0,"Adventure, Casual",29
76561198004572694,203750,Binary Domain,0.0,Action,24
76561198004572694,207170,Legend of Grimrock,0.0,"Adventure, Indie, RPG",25
76561198004572694,104900,ORION: Prelude,0.0,"Action, Adventure, Indie, RPG",0
76561198004572694,211780,Conflict Desert Storm™,0.0,Action,0
76561198004572694,202750,Alan Wake's American Nightmare,0.0,"Action, Adventure",0
76561198004572694,94300,The Dream Machine: Chapter 1 & 2,0.0,"Adventure, Casual, Indie",0
76561198004572694,206020,Avernum 4,0.0,"RPG, Indie",0
76561198004572694,206040,Avernum 5,0.0,"RPG, Indie",0
76561198004572694,206060,Avernum 6,0.0,"RPG, Indie",0
76561198004572694,210950,Rune Classic,0.0,"Action, Adventure",0
76561198004572694,50300,Spec Ops: The Line,0.0,"Action, Adventure",34
76561198004572694,32140,Midnight Mysteries,0.0,"Adventure, Casual",0
76561198004572694,208620,Midnight Mysteries: Salem Witch Trials,0.0,"Adventure, Casual",0
76561198004572694,208630,Midnight Mysteries 3: Devil on the Mississippi,0.0,"Adventure, Casual",4
76561198004572694,208640,Midnight Mysteries 4: Haunted Houdini,0.0,"Adventure, Casual",5
76561198004572694,108100,Adam's Venture Episode 1: The Search For The Lost Garden,0.0,"Action, Adventure, Indie",14
76561198004572694,210390,Adam's Venture Episode 2: Solomon's Secret,0.0,"Action, Adventure, Indie",16
76561198004572694,214310,Adam's Venture Episode 3: Revelations,0.0,"Action, Adventure, Indie",14
76561198004572694,362410,Adam's Venture Chronicles,0.0,"Adventure, Indie",0
76561198004572694,98400,Hard Reset Extended Edition,0.0,"Action, Indie",67
76561198004572694,211420,DARK SOULS™: Prepare To Die™ Edition,0.0,"Action, RPG",0
76561198004572694,215160,The Book of Unwritten Tales,0.0,Adventure,0
76561198004572694,209080,Guns of Icarus Online,0.0,"Action, Adventure, Indie, Simulation",12
76561198004572694,205650,The Testament of Sherlock Holmes,0.0,Adventure,0
76561198004572694,99410,Garshasp: Temple of the Dragon,0.0,"Action, Indie",0
76561198004572694,217690,Anna - Extended Edition,0.0,"Adventure, Indie",19
76561198004572694,216910,Of Orcs And Men,0.0,"Action, RPG",0
76561198004572694,219640,Chivalry: Medieval Warfare,0.0,"Action, Indie",0
76561198004572694,57690,Tropico 4,0.0,"Simulation, Strategy",17
76561198004572694,214170,Divine Divinity,0.0,RPG,0
76561198004572694,219760,Beyond Divinity,0.0,RPG,0
76561198004572694,219780,Divinity II: Developer's Cut,0.0,RPG,0
76561198004572694,200490,Memento Mori,0.0,Adventure,0
76561198004572694,215930,Jagged Alliance 2 - Wildfire,0.0,"RPG, Strategy",0
76561198004572694,225020,Tomb Raider VI: The Angel of Darkness (2003),0.0,Action,0
76561198004572694,34870,Sniper: Ghost Warrior 2,0.0,Action,0
76561198004572694,227000,Primordia,0.0,"Adventure, Indie",16
76561198004572694,105000,A New Beginning - Final Cut,0.0,"Adventure, Indie",23
76561198004572694,227200,Waking Mars,0.0,"Action, Adventure, Indie",15
76561198004572694,225640,Sacred 2 Gold,0.0,RPG,0
76561198004572694,218700,Angelica Weaver: Catch Me When You Can,0.0,"Adventure, Casual",0
76561198004572694,203160,Tomb Raider,0.0,"Action, Adventure",0
76561198004572694,203830,The Dark Eye: Chains of Satinav,0.0,"Adventure, Indie",19
76561198004572694,230410,Warframe,0.0,"Action, RPG, Free To Play",29
76561198004572694,204240,The Bridge,0.0,"Adventure, Casual, Indie, Strategy",14
76561198004572694,220660,StarDrive,0.0,"Indie, Strategy",0
76561198004572694,233450,Prison Architect,0.0,"Indie, Simulation, Strategy",0
76561198004572694,208730,Game of Thrones,0.0,"Action, RPG",26
76561198004572694,16020,Samantha Swift and the Hidden Roses of Athena,0.0,Casual,0
76561198004572694,233230,Kairo,0.0,"Adventure, Indie",4
76561198004572694,232750,Mars: War Logs,0.0,"Action, RPG",9
76561198004572694,215690,Zeno Clash 2,0.0,"Action, Indie",9
76561198004572694,224420,Unknown,0.0,,17
76561198004572694,35720,Trine 2: Complete Story,0.0,"Action, Adventure, Indie",27
76561198004572694,238930,7 Grand Steps: What Ancients Begat,0.0,"Casual, Indie, Simulation, Strategy",0
76561198004572694,242760,The Forest,0.0,"Action, Adventure, Indie, Simulation",9
76561198004572694,243120,Betrayer,0.0,"Action, Adventure, Indie",18
76561198004572694,243200,The Dark Eye: Memoria,0.0,"Adventure, Indie",18
76561198004572694,231430,Company of Heroes 2,0.0,Strategy,17
76561198004572694,230170,Unknown,0.0,,0
76561198004572694,243950,Divinity: Dragon Commander,0.0,"Action, RPG, Strategy",63
76561198004572694,33910,ARMA 2,0.0,"Action, Simulation, Strategy",0
76561198004572694,244810,Foul Play,0.0,"Action, Adventure, Casual, Indie",2
76561198004572694,237550,Realms of Arkania: Blade of Destiny,0.0,"Adventure, Indie, RPG",0
76561198004572694,242940,Anachronox,0.0,RPG,0
76561198004572694,239070,Hammerwatch,0.0,"Action, Adventure, Indie, RPG",0
76561198004572694,248190,Knytt Underground,0.0,"Adventure, Indie",3
76561198004572694,245280,ENSLAVED™: Odyssey to the West™ Premium Edition,0.0,"Action, Adventure",0
76561198004572694,251730,Legend of Grimrock 2,0.0,"Adventure, Indie, RPG",44
76561198004572694,251770,Shadow Man,0.0,Action,0
76561198004572694,252570,Depths of Fear :: Knossos,0.0,"Action, Adventure, Indie",11
76561198004572694,252710,The Last Express Gold Edition,0.0,Adventure,0
76561198004572694,253150,Halfway,0.0,"Action, Indie, RPG, Strategy",0
76561198004572694,253980,Enclave,0.0,"Action, RPG",0
76561198004572694,249990,FORCED: Slightly Better Edition,0.0,"Action, Adventure, Indie, RPG",3
76561198004572694,231330,Deadfall Adventures,0.0,"Action, Adventure",0
76561198004572694,107410,Arma 3,0.0,"Action, Simulation, Strategy",2
76561198004572694,215630,Demonicon,0.0,"Action, Adventure, RPG",4
76561198004572694,255300,Journey of a Roach,0.0,"Adventure, Indie",10
76561198004572694,222640,Aarklash: Legacy,0.0,"Adventure, Strategy",21
76561198004572694,242980,Daikatana,0.0,Action,0
76561198004572694,243060,Urban Chaos,0.0,Action,0
76561198004572694,255960,Bad Mojo Redux,0.0,"Adventure, Simulation",0
76561198004572694,247660,Deadly Premonition: The Director's Cut,0.0,"Action, Adventure",11
76561198004572694,40300,Risen,0.0,RPG,0
76561198004572694,40390,Risen 2: Dark Waters,0.0,RPG,0
76561198004572694,950670,Gothic Playable Teaser,0.0,RPG,0
76561198004572694,25850,Elven Legacy,0.0,"RPG, Strategy",0
76561198004572694,42930,Elven Legacy: Magic,0.0,Strategy,0
76561198004572694,42940,Elven Legacy: Siege,0.0,Strategy,0
76561198004572694,42950,Elven Legacy: Ranger,0.0,Strategy,0
76561198004572694,257830,Violett Remastered,0.0,"Adventure, Indie",14
76561198004572694,245390,"I Have No Mouth, and I Must Scream",0.0,Adventure,0
76561198004572694,259740,Nightmares from the Deep: The Cursed Heart,0.0,"Adventure, Casual",9
76561198004572694,260270,Unknown,0.0,,0
76561198004572694,260570,Gray Matter,0.0,"Adventure, Casual",0
76561198004572694,260650,Cold War,0.0,Action,0
76561198004572694,217100,Dementium II HD,0.0,"Action, Adventure, Indie",0
76561198004572694,262060,Darkest Dungeon®,0.0,"Indie, RPG, Strategy",51
76561198004572694,263520,Enola,0.0,"Adventure, Casual, Indie",0
76561198004572694,263680,Unearthed: Trail of Ibn Battuta - Episode 1 - Gold Edition,0.0,"Action, Adventure",0
76561198004572694,264710,Subnautica,0.0,"Adventure, Indie",10
76561198004572694,108600,Project Zomboid,0.0,"Indie, RPG, Simulation, Early Access",0
76561198004572694,265210,Viscera Cleanup Detail: Santa's Rampage,0.0,"Gore, Indie, Simulation",2
76561198004572694,265330,Gomo,0.0,"Adventure, Indie",0
76561198004572694,267670,Realms of Arkania 1 - Blade of Destiny Classic,0.0,RPG,0
76561198004572694,260690,Dark Fall: The Journal,0.0,Adventure,0
76561198004572694,260710,Dark Fall 2: Lights Out,0.0,Adventure,0
76561198004572694,230230,Divinity: Original Sin (Classic),0.0,"Adventure, Indie, RPG, Strategy",11
76561198004572694,373420,Divinity: Original Sin - Enhanced Edition,0.0,"Adventure, Indie, RPG, Strategy",38
76561198004572694,247000,Talisman: Digital Classic Edition,0.0,"Indie, RPG, Strategy",0
76561198004572694,262940,Broken Sword 5 - the Serpent's Curse,0.0,Adventure,27
76561198004572694,269710,Tumblestone,0.0,"Action, Casual, Indie, Strategy",0
76561198004572694,269890,AR-K,0.0,"Adventure, Indie",0
76561198004572694,270490,The Forest of Doom (Standalone),0.0,"Adventure, Indie, RPG",18
76561198004572694,270590,Long Night,0.0,"Action, Adventure, Indie",0
76561198004572694,550,Left 4 Dead 2,0.0,Action,0
76561198004572694,271500,Sniper Art of Victory,0.0,Action,0
76561198004572694,272060,Serena,0.0,"Adventure, Indie",0
76561198004572694,237990,The Banner Saga,0.0,"Indie, RPG, Strategy",30
76561198004572694,222880,Insurgency,0.0,"Action, Indie, Strategy",0
76561198004572694,275570,Summoner,0.0,"Action, RPG",0
76561198004572694,277110,Return to Mysterious Island,0.0,"Adventure, Casual",0
76561198004572694,277540,Tales From The Dragon Mountain: The Strix,0.0,"Adventure, Indie",0
76561198004572694,277560,Where Angels Cry,0.0,"Adventure, Indie",0
76561198004572694,278360,A Story About My Uncle,0.0,"Adventure, Casual, Indie",0
76561198004572694,48700,Mount & Blade: Warband,0.0,"Action, RPG",33
76561198004572694,279500,Nicolas Eymerich - The Inquisitor - Book 1 : The Plague,0.0,Adventure,0
76561198004572694,279800,Grim Legends 2: Song of the Dark Swan,0.0,"Adventure, Casual",25
76561198004572694,281240,Adventure Chronicles: The Search For Lost Treasure,0.0,Adventure,0
76561198004572694,281370,Real Horror Stories Ultimate Edition,0.0,Indie,0
76561198004572694,281560,D.W.A.R.F.S.,0.0,Adventure,0
76561198004572694,281610,Homeworld: Deserts of Kharak,0.0,Strategy,8
76561198004572694,281640,The Banner Saga 2,0.0,"Indie, RPG, Strategy",24
76561198004572694,281920,Splatter - Zombiecalypse Now,0.0,"Action, Adventure, Indie",0
76561198004572694,283290,Nosferatu: The Wrath of Malachi,0.0,"Action, Adventure",0
76561198004572694,283310,Soulbringer,0.0,RPG,0
76561198004572694,284710,Abyss: The Wraiths of Eden,0.0,"Adventure, Casual",0
76561198004572694,284730,Dark Arcana: The Carnival,0.0,"Adventure, Casual",11
76561198004572694,284750,Enigmatis: The Ghosts of Maple Creek,0.0,"Adventure, Casual",6
76561198004572694,284770,Enigmatis 2: The Mists of Ravenwood,0.0,"Adventure, Casual",27
76561198004572694,284790,Nightmares from the Deep 2: The Siren`s Call,0.0,"Adventure, Casual",21
76561198004572694,284810,Nightmares from the Deep 3: Davy Jones,0.0,"Adventure, Casual",23
76561198004572694,284850,Grim Legends: The Forsaken Bride,0.0,Casual,19
76561198004572694,284870,9 Clues: The Secret of Serpent Creek,0.0,"Adventure, Casual",0
76561198004572694,286040,Dead Effect,0.0,"Action, Indie",30
76561198004572694,286320,Oknytt,0.0,"Adventure, Indie",10
76561198004572694,286360,Shadows on the Vatican - Act I: Greed,0.0,"Adventure, Indie",0
76561198004572694,286460,Black Mirror II,0.0,Adventure,0
76561198004572694,286480,Black Mirror III,0.0,Adventure,0
76561198004572694,286500,Unknown,0.0,,0
76561198004572694,286540,Nearwood - Collector's Edition,0.0,Adventure,0
76561198004572694,286770,Shadow Ops: Red Mercury,0.0,Action,0
76561198004572694,36700,Unknown,0.0,,0
76561198004572694,227560,Scourge: Outbreak,0.0,"Action, Indie",0
76561198004572694,288160,The Room,0.0,"Adventure, Indie",5
76561198004572694,288790,White Haven Mysteries,0.0,Adventure,0
76561198004572694,288830,Voodoo Whisperer Curse of a Legend,0.0,Adventure,0
76561198004572694,288840,Haunted Past: Realm of Ghosts,0.0,Adventure,0
76561198004572694,288880,Pineview Drive,0.0,"Action, Adventure, Indie",0
76561198004572694,288970,Dark Lore Mysteries: The Hunt For Truth,0.0,Adventure,0
76561198004572694,289220,BorderZone,0.0,"Action, RPG",0
76561198004572694,289320,"Fairy Tale About Father Frost, Ivan and Nastya",0.0,"Adventure, Casual",0
76561198004572694,289480,The Tomorrow War,0.0,"Action, Adventure, Simulation",0
76561198004572694,289620,Collapse,0.0,"Action, Adventure",0
76561198004572694,290320,Project Temporality,0.0,"Action, Adventure, Indie",0
76561198004572694,291010,The Hat Man: Shadow Ward,0.0,"Action, Adventure, Indie",0
76561198004572694,291630,Mirror Mysteries,0.0,Adventure,0
76561198004572694,291640,Mirror Mysteries 2,0.0,Adventure,0
76561198004572694,291710,The Lost Crown,0.0,"Adventure, Indie",13
76561198004572694,291770,The Last Crown: Midnight Horror,0.0,"Adventure, Indie",0
76561198004572694,292660,Princess Isabella,0.0,Adventure,0
76561198004572694,292670,Princess Isabella - Return of the Curse,0.0,Adventure,0
76561198004572694,292880,Robin's Quest,0.0,Adventure,0
76561198004572694,292930,Black Mirror I,0.0,Adventure,0
76561198004572694,293160,AntharioN,0.0,"Adventure, Indie, RPG, Strategy",0
76561198004572694,293320,Coma: Mortuary,0.0,"Adventure, Indie",0
76561198004572694,294390,Escape The Lost Kingdom: The Forgotten Pharaoh,0.0,Adventure,0
76561198004572694,294440,Shadowgate,0.0,"Adventure, Indie",0
76561198004572694,343800,Shadowgate: MacVenture Series,0.0,"Adventure, Indie",0
76561198004572694,343820,Déjà Vu: MacVenture Series,0.0,"Adventure, Indie",0
76561198004572694,295250,Stranded,0.0,"Adventure, Indie",0
76561198004572694,296530,Coldfire Keep,0.0,RPG,0
76561198004572694,35450,Red Orchestra 2: Heroes of Stalingrad with Rising Storm,0.0,"Action, Massively Multiplayer, Simulation",0
76561198004572694,236830,Unknown,0.0,,0
76561198004572694,298020,Escape The Museum,0.0,Adventure,0
76561198004572694,298140,Rhiannon: Curse of the Four Branches,0.0,"Adventure, Indie",0
76561198004572694,298930,Darkness Within 1: In Pursuit of Loath Nolder,0.0,"Adventure, Indie",4
76561198004572694,299110,Theatre Of The Absurd,0.0,Adventure,0
76561198004572694,299150,Empress Of The Deep,0.0,Adventure,0
76561198004572694,299160,Empress Of The Deep 2: Song Of The Blue Whale,0.0,Adventure,0
76561198004572694,300900,Hippocampal: The White Sofa,0.0,Indie,0
76561198004572694,203730,Q.U.B.E.,0.0,"Action, Indie, Simulation",0
76561198004572694,239430,Q.U.B.E: Director's Cut,0.0,"Action, Adventure, Indie",0
76561198004572694,302110,Small Town Terrors: Pilgrim's Hook Collector's Edition,0.0,Adventure,0
76561198004572694,302130,Brink of Consciousness: Dorian Gray Syndrome Collector's Edition,0.0,"Adventure, Casual",0
76561198004572694,302170,The Cameron Files: The Secret at Loch Ness,0.0,"Adventure, Casual",0
76561198004572694,302180,Voyage: Journey to the Moon,0.0,"Adventure, Casual",0
76561198004572694,302190,Amerzone: The Explorer’s Legacy (1999),0.0,"Adventure, Casual",0
76561198004572694,302250,Manhunter,0.0,Action,0
76561198004572694,244160,Homeworld Remastered Collection,0.0,"Simulation, Strategy",0
76561198004572694,303410,Unknown,0.0,,0
76561198004572694,95400,ibb & obb,0.0,"Action, Adventure, Indie",2
76561198004572694,303790,Faery - Legends of Avalon,0.0,RPG,0
76561198004572694,305380,Blue Estate The Game,0.0,Action,0
76561198004572694,305740,Pitiri 1977,0.0,"Adventure, Indie, RPG",0
76561198004572694,306410,Crystals of Time,0.0,"Casual, Indie",0
76561198004572694,63380,Sniper Elite V2,0.0,Action,0
76561198004572694,307290,Velvet Sundown,0.0,"Adventure, Casual, Free To Play, Indie, RPG",0
76561198004572694,307580,Technobabylon,0.0,"Adventure, Indie",0
76561198004572694,308330,Lost Chronicles of Zerzura,0.0,Adventure,0
76561198004572694,65930,The Bureau: XCOM Declassified,0.0,Action,14
76561198004572694,200510,XCOM: Enemy Unknown,0.0,Strategy,0
76561198004572694,310060,Knights of Pen and Paper 2,0.0,"Adventure, Indie, RPG, Simulation, Strategy",18
76561198004572694,311140,The Stalin Subway,0.0,Action,0
76561198004572694,311870,Super Trench Attack!,0.0,"Action, Indie, RPG",0
76561198004572694,313140,Blackbay Asylum,0.0,"Adventure, Indie",0
76561198004572694,313200,The Abbey,0.0,Adventure,0
76561198004572694,9800,Death to Spies,0.0,"Action, Adventure",0
76561198004572694,227940,Heroes & Generals,0.0,"Action, Free To Play, Indie, Massively Multiplayer, Strategy",0
76561198004572694,314790,Silence,0.0,"Adventure, Indie",0
76561198004572694,316160,Broken Sword 4 - the Angel of Death (2006),0.0,"Adventure, Casual, Indie",0
76561198004572694,317100,Republique,0.0,"Action, Adventure, Indie",5
76561198004572694,205020,Lumino City,0.0,"Adventure, Casual, Indie",0
76561198004572694,319970,The Detail,0.0,"Adventure, Indie",0
76561198004572694,320610,Questerium: Sinister Trinity HD Collector's Edition,0.0,"Adventure, Casual",0
76561198004572694,320820,Toren,0.0,"Adventure, Indie",0
76561198004572694,321030,ONE DAY for Ched,0.0,"Action, Adventure, Indie",0
76561198004572694,321260,Wickland,0.0,"Action, Indie",0
76561198004572694,321870,Silence of the Sleep,0.0,"Adventure, Indie",0
76561198004572694,323280,Sea Legends: Phantasmal Light Collector's Edition,0.0,"Adventure, Casual, Indie",0
76561198004572694,323720,Decay: The Mare,0.0,"Adventure, Indie",39
76561198004572694,241930,Middle-earth™: Shadow of Mordor™,0.0,,39
76561198004572694,324730,Caverns of the Snow Witch (Standalone),0.0,"Adventure, Indie, RPG",17
76561198004572694,324740,The Warlock of Firetop Mountain,0.0,"Action, Adventure, Indie",14
76561198004572694,324770,eXperience 112,0.0,Adventure,0
76561198004572694,326180,Sinister City,0.0,"Adventure, Casual, Indie",0
76561198004572694,326190,Alchemy Mysteries: Prague Legends,0.0,"Adventure, Casual, Indie",14
76561198004572694,326650,The Legend of Candlewind: Nights & Candles,0.0,"Indie, RPG",0
76561198004572694,326670,Warhammer Quest,0.0,"RPG, Strategy",0
76561198004572694,327940,Dragonsphere,0.0,Adventure,0
76561198004572694,289130,ENDLESS™ Legend,0.0,"RPG, Strategy",12
76561198004572694,329200,Astray,0.0,"Adventure, Indie",0
76561198004572694,329830,The Moon Sliver,0.0,Adventure,0
76561198004572694,246070,Hack 'n' Slash,0.0,"Adventure, Casual, Indie",0
76561198004572694,330830,Tales from the Borderlands,0.0,Adventure,35
76561198004572694,330840,Game of Thrones - A Telltale Games Series,0.0,Adventure,48
76561198004572694,332790,Darkness Assault,0.0,"Violent, Gore, Action, Indie",0
76561198004572694,334070,Hektor,0.0,"Action, Adventure, Indie",0
76561198004572694,334480,Robinson Crusoe and the Cursed Pirates,0.0,"Adventure, Casual",0
76561198004572694,334490,The Fool,0.0,"Adventure, Casual",0
76561198004572694,276810,Mordheim: City of the Damned,0.0,"RPG, Strategy",40
76561198004572694,335450,Curse of the Assassin,0.0,"Adventure, Indie, RPG",13
76561198004572694,335460,An Assassin in Orlandes,0.0,"Adventure, Indie, RPG",8
76561198004572694,336680,TREBUCHET,0.0,"Casual, Indie, Sports, Strategy",0
76561198004572694,339110,Plith,0.0,"Casual, Indie",0
76561198004572694,339400,Runestone Keeper,0.0,"Casual, Indie, RPG, Strategy",18
76561198004572694,331460,ROOMS: The Toymaker's Mansion,0.0,"Adventure, Casual, Indie",0
76561198004572694,341060,The Lady,0.0,"Action, Adventure, Indie",0
76561198004572694,341380,Countless Rooms of Death,0.0,"Adventure, Indie",0
76561198004572694,342350,Into The Gloom,0.0,"Action, Adventure, Casual, Indie, Simulation",3
76561198004572694,342450,Sword Daughter,0.0,"Adventure, Indie",0
76561198004572694,342630,Witch's Pranks: Frog's Fortune Collector's Edition,0.0,"Adventure, Casual, Indie",0
76561198004572694,344410,Magnetic: Cage Closed,0.0,"Action, Adventure, Indie",0
76561198004572694,344440,Sacra Terra: Angelic Night,0.0,"Adventure, Casual",0
76561198004572694,344480,Quell,0.0,Indie,0
76561198004572694,345540,Inbetween Land,0.0,"Adventure, Casual, Indie",0
76561198004572694,346250,The Old Tree,0.0,"Adventure, Casual, Free To Play, Indie",0
76561198004572694,346320,Streets of Chaos,0.0,"Indie, Simulation, Strategy",0
76561198004572694,346900,AdVenture Capitalist,0.0,"Casual, Indie, Free To Play",3
76561198004572694,347430,Frankenstein: Master of Death,0.0,"Adventure, Casual, Indie",19
76561198004572694,347710,Perils of Man,0.0,"Adventure, Indie",0
76561198004572694,266510,Hand of Fate,0.0,"Action, Indie, RPG",13
76561198004572694,348790,Wooden Floor,0.0,"Adventure, Indie",0
76561198004572694,348870,Night Mysteries: The Amphora Prisoner,0.0,"Adventure, Casual",0
76561198004572694,349140,Corrosion: Cold Winter Waiting [Enhanced Edition],0.0,"Adventure, Indie",0
76561198004572694,287290,Resident Evil Revelations 2,0.0,"Action, Adventure",0
76561198004572694,350640,Sherlock Holmes: The Devil's Daughter,0.0,"Action, Adventure",0
76561198004572694,351340,Belladonna,0.0,"Adventure, Indie",0
76561198004572694,352520,The Silent Age,0.0,"Adventure, Casual, Indie",0
76561198004572694,353070,Ghost Encounters: Deadwood - Collector's Edition,0.0,"Adventure, Casual",0
76561198004572694,353550,House of Caravan,0.0,"Adventure, Indie",0
76561198004572694,354690,The Lost City Of Malathedra,0.0,"Adventure, Casual, Indie",0
76561198004572694,355760,Drizzlepath,0.0,"Adventure, Casual, Indie",0
76561198004572694,355970,Home is Where One Starts...,0.0,"Adventure, Indie",3
76561198004572694,356160,The Emptiness Deluxe Edition,0.0,"Adventure, Casual",0
76561198004572694,235540,Warhammer: End Times - Vermintide,0.0,"Action, Indie",0
76561198004572694,359040,The Music Machine,0.0,"Adventure, Indie",0
76561198004572694,359560,Shutter,0.0,"Adventure, Indie",0
76561198004572694,359810,Hare In The Hat,0.0,"Adventure, Indie",14
76561198004572694,361850,Portal of Evil: Stolen Runes Collector's Edition,0.0,"Action, Adventure, Casual, Indie, Strategy",0
76561198004572694,362680,Fran Bow,0.0,"Adventure, Indie",12
76561198004572694,363610,Botology,0.0,"Action, Indie",0
76561198004572694,363970,Clicker Heroes,0.0,"Adventure, Casual, Indie, RPG, Simulation, Strategy, Free To Play",67
76561198004572694,364050,Face It - A game to fight inner demons,0.0,"Action, Adventure, Indie",0
76561198004572694,364910,Redemption: Saints And Sinners,0.0,"Nudity, Violent, Gore, Action",0
76561198004572694,365020,Gynophobia,0.0,"Action, Adventure, Indie",0
76561198004572694,365360,Battle Brothers,0.0,"RPG, Simulation, Strategy",58
76561198004572694,367500,Dragon's Dogma: Dark Arisen,0.0,"Action, Adventure, RPG",8
76561198004572694,369420,9 Clues 2: The Ward,0.0,"Adventure, Casual",0
76561198004572694,371220,VERLIES II,0.0,"Adventure, Indie, RPG",0
76561198004572694,372260,Unknown,0.0,,0
76561198004572694,373880,Fleeting Ages,0.0,"Action, Indie",0
76561198004572694,375820,Human Resource Machine,0.0,"Casual, Indie, Simulation",0
76561198004572694,377120,Chronicle Keepers: The Dreaming Garden,0.0,"Adventure, Casual",0
76561198004572694,377470,ENKI,0.0,"Adventure, Indie",0
76561198004572694,378270,Putrefaction,0.0,"Action, Indie",0
76561198004572694,380020,Three Heroes,0.0,"Action, Adventure, Indie",0
76561198004572694,381210,Dead by Daylight,0.0,Action,15
76561198004572694,382180,Devilry,0.0,"Action, Indie",0
76561198004572694,382310,Eco,0.0,"Indie, Simulation, Early Access",0
76561198004572694,384010,Castles,0.0,"Action, Casual, Indie",0
76561198004572694,380140,The Secret of Tremendous Corporation,0.0,"Adventure, Casual, Indie, Free To Play",0
76561198004572694,384190,ABZU,0.0,"Adventure, Casual, Indie, Simulation",0
76561198004572694,384570,Zanzarah: The Hidden Portal,0.0,"Action, Adventure, RPG",0
76561198004572694,367580,Hook,0.0,"Casual, Indie",0
76561198004572694,352220,King of Dragon Pass,0.0,"Adventure, RPG, Strategy",0
76561198004572694,290340,Armello,0.0,"Adventure, Indie, RPG, Strategy",0
76561198004572694,317820,Guild of Dungeoneering Ultimate Edition,0.0,"Indie, RPG",21
76561198004572694,387860,the static speaks my name,0.0,"Adventure, Free To Play, Indie, RPG",0
76561198004572694,387930,The Tape,0.0,Indie,0
76561198004572694,389270,Through Abandoned: The Underground City,0.0,"Adventure, Casual, Indie",0
76561198004572694,389700,My Bones,0.0,"Adventure, Indie",0
76561198004572694,391270,Fingerbones,0.0,"Adventure, Indie, Free To Play",0
76561198004572694,391340,Ferrum's Secrets: Where Is Grandpa?,0.0,"Adventure, Casual, Indie",0
76561198004572694,391580,Egyptian Senet,0.0,"Casual, Indie, Simulation, Sports, Strategy",0
76561198004572694,392950,Lost Lands: A Hidden Object Adventure,0.0,"Adventure, Casual, Free To Play",0
76561198004572694,393190,TSIOQUE,0.0,"Adventure, Casual, Indie",0
76561198004572694,394280,Dark Heritage: Guardians of Hope,0.0,"Adventure, Casual",0
76561198004572694,395270,A Wolf in Autumn,0.0,"Adventure, Indie",0
76561198004572694,396790,Dracula's Legacy,0.0,"Casual, Indie",15
76561198004572694,396850,Chronicles of the Witches and Warlocks,0.0,"Adventure, Casual",0
76561198004572694,397730,Rescue Love Revenge,0.0,"Violent, Gore, Action, Adventure, Indie, Early Access",0
76561198004572694,398180,Euclidean,0.0,"Action, Casual, Indie",0
76561198004572694,398450,Absent,0.0,"Adventure, Free To Play",0
76561198004572694,398620,Living Legends: The Frozen Fear Collection,0.0,"Adventure, Casual",0
76561198004572694,398630,Unknown,0.0,,0
76561198004572694,399810,Call of Cthulhu®,0.0,"Adventure, RPG",0
76561198004572694,245170,Skullgirls 2nd Encore,0.0,"Action, Indie",0
76561198004572694,400370,Normality,0.0,"Action, Adventure",0
76561198004572694,400510,The Final Take,0.0,"Adventure, Indie",0
76561198004572694,400740,VERGE:Lost chapter,0.0,"Action, Adventure, Indie",0
76561198004572694,234140,Mad Max,0.0,"Action, Adventure",0
76561198004572694,403860,ALPAGES : THE FIVE BOOKS,0.0,"Action, Adventure, Indie",0
76561198004572694,403970,The Dwarves,0.0,RPG,14
76561198004572694,297000,Heroes® of Might & Magic® III - HD Edition,0.0,"RPG, Strategy",2
76561198004572694,321960,Might & Magic® Heroes® VII,0.0,"RPG, Strategy",25
76561198004572694,406730,"1,000 Heads Among the Trees",0.0,Indie,0
76561198004572694,409090,The Big Secret of a Small Town,0.0,"Adventure, Casual",0
76561198004572694,409450,The Fall of the Dungeon Guardians - Enhanced Edition,0.0,"Indie, RPG, Strategy",4
76561198004572694,409600,Contract With The Devil,0.0,"Action, Adventure, Casual",0
76561198004572694,410430,Morphine,0.0,"Adventure, Indie",14
76561198004572694,411000,Sorcery! Parts 1 and 2,0.0,"Adventure, Indie, RPG",0
76561198004572694,412290,The Dreamlord,0.0,"Adventure, Casual, Indie",0
76561198004572694,414660,Vampire Legends: The True Story of Kisilova,0.0,"Adventure, Casual",0
76561198004572694,418040,hocus,0.0,"Casual, Indie",0
76561198004572694,418180,Tempest: Pirate Action RPG,0.0,"Action, Indie, RPG",0
76561198004572694,420670,Elite vs. Freedom,0.0,"Action, Indie",0
76561198004572694,420740,The Deed,0.0,"Adventure, RPG",0
76561198004572694,423950,Deadlight: Director's Cut,0.0,"Action, Adventure",4
76561198004572694,425580,The Room Two,0.0,"Adventure, Indie",7
76561198004572694,268500,XCOM® 2,0.0,Strategy,57
76561198004572694,427520,Factorio,0.0,"Casual, Indie, Simulation, Strategy",5
76561198004572694,270570,Reversion - The Escape (1st Chapter),0.0,"Adventure, Casual, Indie",0
76561198004572694,428210,Horror in the Asylum,0.0,"Action, Adventure, Indie",0
76561198004572694,428630,White Mirror,0.0,Indie,0
76561198004572694,431260,Cursed,0.0,"Adventure, Indie",0
76561198004572694,432470,Magdalena,0.0,"Adventure, Indie",0
76561198004572694,432770,Small Town Terrors: Livingston,0.0,"Adventure, Casual",0
76561198004572694,433750,The Grandfather,0.0,"Adventure, Indie",0
76561198004572694,435420,Operation: Matriarchy,0.0,Action,0
76561198004572694,436110,Medusa's Labyrinth,0.0,"Action, Adventure, Free To Play, Indie",0
76561198004572694,436160,The Panic Room. House of secrets,0.0,"Adventure, Casual, Free To Play",0
76561198004572694,436860,Arctic alive,0.0,"Action, Adventure, Indie, Simulation",0
76561198004572694,435120,Rusty Lake Hotel,0.0,"Adventure, Indie",0
76561198004572694,351940,The Descendant,0.0,"Adventure, Casual, Indie",0
76561198004572694,440730,Survival Zombies The Inverted Evolution,0.0,"Action, Adventure, Indie, Simulation",0
76561198004572694,441050,Polandball: Can into Space!,0.0,"Casual, Indie, RPG",3
76561198004572694,443530,Adam and Eve: The Game - Chapter 1,0.0,"Action, Adventure, Casual, Indie",0
76561198004572694,443580,Antenna,0.0,"Casual, Free To Play, Indie",0
76561198004572694,444410,Find Out,0.0,"Action, Adventure, Casual, Indie, Simulation",0
76561198004572694,446780,AMOK,0.0,"Action, Adventure, Indie",0
76561198004572694,446790,Diluvion: Resubmerged,0.0,"Action, Adventure, Indie, RPG",0
76561198004572694,448440,Bizarre Earthquake,0.0,"Adventure, Indie",1
76561198004572694,448560,Mind Games,0.0,Indie,0
76561198004572694,448960,"I, Hope",0.0,"Action, Adventure, Casual, Indie",0
76561198004572694,449350,Backstreets of the Mind,0.0,Casual,0
76561198004572694,450170,BOOR,0.0,"Adventure, Casual, Indie",0
76561198004572694,451570,Demetrios - The BIG Cynical Adventure,0.0,"Adventure, Casual, Indie",24
76561198004572694,452340,Ian's Eyes,0.0,"Adventure, Indie",0
76561198004572694,453670,The Lost Souls,0.0,Indie,0
76561198004572694,453720,Last Will,0.0,"Adventure, Indie",0
76561198004572694,453960,Envy the Dead,0.0,"RPG, Simulation, Strategy",0
76561198004572694,456670,Hand of Fate 2,0.0,"Action, Indie, RPG",4
76561198004572694,456750,The Room Three,0.0,"Adventure, Indie",4
76561198004572694,457140,Oxygen Not Included,0.0,"Indie, Simulation",13
76561198004572694,407300,The Last NightMary - A Lenda do Cabeça de Cuia,0.0,Indie,0
76561198004572694,461030,A Long Way Home,0.0,"Adventure, Casual, Indie",0
76561198004572694,461520,Grizzly Valley,0.0,"Action, Adventure, Indie",0
76561198004572694,461890,NORTH,0.0,"Adventure, Indie",0
76561198004572694,271240,Offworld Trading Company,0.0,"Indie, Simulation, Strategy",12
76561198004572694,463110,Farnham Fables,0.0,"Adventure, Casual, Indie",0
76561198004572694,464230,Colours of Magic: Aqua Teeter,0.0,"Casual, Indie",0
76561198004572694,465720,Demon Hunter 2: New Chapter,0.0,"Adventure, Casual",0
76561198004572694,467390,Approaching Blocks,0.0,"Casual, Indie",0
76561198004572694,379720,DOOM,0.0,Action,1
76561198004572694,469890,Space Codex,0.0,Casual,5
76561198004572694,470260,Event[0],0.0,"Adventure, Indie",0
76561198004572694,473670,The Dolls: Reborn,0.0,"Indie, Simulation",0
76561198004572694,475190,Scanner Sombre,0.0,"Adventure, Indie",0
76561198004572694,477200,Descent: Road to Legend,0.0,"Adventure, RPG",0
76561198004572694,478980,Mansions of Madness,0.0,"Adventure, Strategy",0
76561198004572694,482300,Investigator,0.0,"Adventure, Indie, Simulation",5
76561198004572694,483420,Adam Wolfe,0.0,"Adventure, Casual",0
76561198004572694,11130,Sherlock Holmes: The Mystery of the Mummy,0.0,Adventure,0
76561198004572694,485460,The Banner Saga 3,0.0,"Indie, RPG, Strategy",21
76561198004572694,364360,Total War: WARHAMMER,0.0,"Action, Strategy",0
76561198004572694,486880,Abrix 2 Diamond version,0.0,"Casual, Indie, Strategy",0
76561198004572694,487370,Akin,0.0,"Casual, Indie",0
76561198004572694,487580,Ludo Supremo,0.0,Casual,0
76561198004572694,487600,Puzzles Under The Hill,0.0,Casual,0
76561198004572694,489070,Edge of Twilight – Return To Glory,0.0,"Action, Adventure, Indie",0
76561198004572694,489630,"Warhammer 40,000: Gladius - Relics of War",0.0,Strategy,19
76561198004572694,489890,Unknown,0.0,,0
76561198004572694,492220,Bohemian Killing,0.0,"Adventure, Indie",0
76561198004572694,493580,Hidden Object - 12 in 1 bundle,0.0,Adventure,0
76561198004572694,494150,The Thrill of the Fight - VR Boxing,0.0,"Action, Sports",0
76561198004572694,494360,Barrow Hill: Curse of the Ancient Circle,0.0,"Adventure, Indie",0
76561198004572694,495110,Enigmatis 3: The Shadow of Karkhala,0.0,"Adventure, Casual",26
76561198004572694,491130,Red Trigger,0.0,"Action, Adventure, Indie",0
76561198004572694,496610,Push The Crate: Remastered Edition,0.0,"Casual, Indie",0
76561198004572694,497400,1 Moment Of Time: Silentville,0.0,"Adventure, Indie",0
76561198004572694,498040,The Hidden Dragon,0.0,Casual,0
76561198004572694,498050,Mystery Of Rivenhallows,0.0,"Adventure, Casual",0
76561198004572694,499440,klocki,0.0,"Casual, Indie",0
76561198004572694,499520,The Turing Test,0.0,Adventure,0
76561198004572694,501760,Francisca,0.0,"Action, Adventure, Casual, Indie",0
76561198004572694,502100,Death's Life,0.0,"Casual, Indie",0
76561198004572694,502240,You Deserve,0.0,"Violent, Adventure, Indie",0
76561198004572694,502880,The Janitor,0.0,"Action, Indie",0
76561198004572694,503820,A Detective's Novel,0.0,"Adventure, Indie",0
76561198004572694,503830,The Life Of Greather,0.0,"Adventure, Indie, RPG",0
76561198004572694,391720,Layers of Fear (2016),0.0,"Adventure, Indie",0
76561198004572694,507390,Gone In November,0.0,"Adventure, Indie",0
76561198004572694,509230,Erusal,0.0,"Adventure, Indie",0
76561198004572694,512740,Flat Path,0.0,"Casual, Indie",0
76561198004572694,466240,Deceit,0.0,"Action, Indie, Free To Play",0
76561198004572694,513570,Wooden House,0.0,"Action, Adventure, Indie",0
76561198004572694,514470,Fantastic 4 In A Row 2,0.0,"Casual, Strategy",0
76561198004572694,514480,Fantastic Checkers 2,0.0,"Casual, Strategy",0
76561198004572694,517010,Aztecalypse,0.0,"Violent, Gore, Action, Adventure, Indie",0
76561198004572694,289070,Sid Meier’s Civilization® VI,0.0,Strategy,42
76561198004572694,312660,Sniper Elite 4,0.0,"Action, Adventure",0
76561198004572694,521450,Hunted: One Step Too Far - Reborn Edition Remastered,0.0,Indie,0
76561198004572694,521980,Autumn Dream,0.0,"Action, Adventure, Indie",0
76561198004572694,522690,In Fear I Trust,0.0,Adventure,0
76561198004572694,526790,Monsti,0.0,"Action, Adventure, Casual, Indie",0
76561198004572694,526870,Satisfactory,0.0,"Adventure, Indie, Simulation, Strategy",0
76561198004572694,526880,Chess Knight 2,0.0,"Casual, Strategy",0
76561198004572694,528730,Crypt of the Serpent King,0.0,"Action, Indie, RPG",0
76561198004572694,527820,Lifestream - A Haunting Text Adventure,0.0,"Adventure, Casual, Indie, RPG",0
76561198004572694,529780,Disturbed,0.0,"Adventure, Casual, Free To Play, Indie, Simulation",0
76561198004572694,530330,Blameless,0.0,"Adventure, Free To Play, Indie",2
76561198004572694,532110,Rusty Lake: Roots,0.0,"Adventure, Indie",9
76561198004572694,533330,Shut Eye,0.0,"Action, Adventure, Casual, Indie",0
76561198004572694,535230,Unknown,0.0,,21
76561198004572694,535930,Two Point Hospital,0.0,"Indie, Simulation",5
76561198004572694,538590,Sleeping Valley,0.0,"Action, Adventure, Casual, Indie",0
76561198004572694,541920,Help,0.0,"Action, Adventure, Indie",0
76561198004572694,362960,Tyranny,0.0,"Adventure, RPG",25
76561198004572694,543460,Dead Rising 4,0.0,Action,0
76561198004572694,544140,Murder Mystery Adventure,0.0,"Adventure, Indie",0
76561198004572694,545800,Ghostdream,0.0,"Adventure, Casual, Indie",0
76561198004572694,547910,The Survey,0.0,"Indie, Simulation",0
76561198004572694,548430,Deep Rock Galactic,0.0,Action,66
76561198004572694,553130,Into The Unknown,0.0,"Adventure, Casual, Indie, Free To Play",0
76561198004572694,554530,CRACKHEAD,0.0,"Violent, Action, Casual, Indie",0
76561198004572694,555660,Red Forest,0.0,"Action, Adventure, Indie",0
76561198004572694,557600,Gorogoa,0.0,"Adventure, Casual, Indie",6
76561198004572694,558420,Stories Untold,0.0,"Adventure, Indie",0
76561198004572694,560640,The Cabin: VR Escape the Room,0.0,"Action, Adventure, Casual, Indie, Strategy",0
76561198004572694,564900,Space Hotel,0.0,Indie,0
76561198004572694,567020,TILE,0.0,"Casual, Indie",0
76561198004572694,570690,Xmas Zombie Rampage,0.0,"Nudity, Violent, Gore, Action, Indie",0
76561198004572694,579020,Constructor,0.0,"Simulation, Strategy",8
76561198004572694,460930,Tom Clancy's Ghost Recon® Wildlands,0.0,"Action, Adventure",0
76561198004572694,594570,Total War: WARHAMMER II,0.0,"Action, Strategy",91
76561198004572694,595090,Prevent The Fall,0.0,"Action, Adventure, Indie, RPG",0
76561198004572694,598060,Slasher's Keep,0.0,"Action, Indie, RPG",2
76561198004572694,598810,Carcassonne - Tiles & Tactics,0.0,"Casual, Strategy",0
76561198004572694,601530,Darkarta: A Broken Heart's Quest Collector's Edition,0.0,"Adventure, Casual, Indie",30
76561198004572694,606960,CRIMSON METAL Classic 1999,0.0,"Action, Adventure, Indie, Simulation",0
76561198004572694,609940,KROSMAGA,0.0,"Casual, Massively Multiplayer, Strategy, Free To Play",0
76561198004572694,620980,Beat Saber,0.0,Indie,7
76561198004572694,628950,Nephise Begins,0.0,"Adventure, Casual, Indie",0
76561198004572694,629000,Lydia,0.0,Adventure,0
76561198004572694,629840,Caligo,0.0,"Adventure, Indie",0
76561198004572694,635670,EMPORIUM,0.0,"Adventure, Casual, Indie",0
76561198004572694,407840,Guardians of Orion (Phase 2),0.0,"Action, Indie, RPG",0
76561198004572694,639730,Murder In Tehran's Alleys 2016,0.0,Adventure,0
76561198004572694,642610,Shape of the World,0.0,"Casual, Indie",0
76561198004572694,644930,They Are Billions,0.0,Strategy,6
76561198004572694,646200,Dead Effect 2 VR,0.0,"Action, Indie, RPG",0
76561198004572694,646570,Slay the Spire,0.0,"Indie, Strategy",20
76561198004572694,648800,Raft,0.0,"Adventure, Indie, Simulation",78
76561198004572694,649170,The Seasons,0.0,Adventure,0
76561198004572694,653530,Return of the Obra Dinn,0.0,"Adventure, Indie",14
76561198004572694,655000,Masked Forces 2: Mystic Demons,0.0,"Action, Indie",0
76561198004572694,669330,Mechabellum,0.0,"Action, Indie, Massively Multiplayer, Simulation, Strategy",0
76561198004572694,677120,Heroes of Hammerwatch,0.0,"Action, Indie, RPG",9
76561198004572694,677850,Eselmir and the five magical gifts,0.0,"Adventure, Indie",0
76561198004572694,680360,Regions Of Ruin,0.0,"Action, Adventure, Indie, RPG",20
76561198004572694,686200,Door Kickers: Action Squad,0.0,"Action, Casual, Indie, Simulation, Strategy",9
76561198004572694,691690,Ash of Gods: Redemption,0.0,"Adventure, Indie, RPG, Strategy",0
76561198004572694,699170,Fell Seal: Arbiter's Mark,0.0,"Indie, RPG, Strategy",29
76561198004572694,702670,Donut County,0.0,"Adventure, Casual, Indie",2
76561198004572694,714120,Little Misfortune,0.0,"Adventure, Casual, Indie",0
76561198004572694,726830,Vacation Simulator,0.0,"Action, Adventure, Simulation",4
76561198004572694,728420,Rogue Quest: The Vault of the Lost Tyrant,0.0,"Adventure, Indie",0
76561198004572694,738520,Breathedge,0.0,"Action, Adventure, Indie, Simulation",15
76561198004572694,744190,Rusty Lake Paradise,0.0,"Adventure, Indie",24
76561198004572694,558660,it's always monday,0.0,"Adventure, Indie, Simulation",0
76561198004572694,744900,Dead Frontier 2,0.0,"Action, Indie, Massively Multiplayer, RPG, Free To Play",0
76561198004572694,750130,The Sinking City,0.0,"Action, Adventure",1
76561198004572694,751690,The Mammoth: A Cave Painting,0.0,"Action, Adventure, Casual, Indie",0
76561198004572694,780310,The Riftbreaker,0.0,"Action, Adventure, Indie, RPG, Simulation, Strategy",20
76561198004572694,793510,Dusk Of Confinement,0.0,"Adventure, Indie",0
76561198004572694,807120,Iratus: Lord of the Dead,0.0,"Indie, RPG, Strategy",25
76561198004572694,298900,Space Hulk: Deathwing,0.0,"Action, Adventure",0
76561198004572694,816090,Space Hulk: Deathwing Enhanced Edition,0.0,"Action, Adventure",3
76561198004572694,821250,Flotsam,0.0,"Indie, Simulation, Strategy, Early Access",0
76561198004572694,552520,Far Cry® 5,0.0,"Action, Adventure",0
76561198004572694,837380,DeoVR - VR Video Streaming Platform,0.0,"Utilities, Video Production",0
76561198004572694,839910,Mythgard,0.0,"Casual, Free To Play, Indie, Strategy",0
76561198004572694,585450,Shadows: Awakening,0.0,"Action, RPG",2
76561198004572694,856880,Fighting Fantasy Classics,0.0,"Indie, RPG, Free To Play",0
76561198004572694,861540,Dicey Dungeons,0.0,"Indie, Strategy",7
76561198004572694,867210,Songs of Conquest,0.0,"Adventure, RPG, Strategy",14
76561198004572694,869760,Stoneshard: Prologue,0.0,"Adventure, Indie, RPG",5
76561198004572694,356190,Middle-earth™: Shadow of War™,0.0,"Action, Adventure, RPG",41
76561198004572694,909080,Cube Escape: Paradox,0.0,"Adventure, Free To Play, Indie",0
76561198004572694,927270,Accounting+,0.0,"Action, Adventure, Casual, Indie, Simulation",5
76561198004572694,931650,Braveland Heroes,0.0,"Adventure, RPG, Strategy, Free To Play",0
76561198004572694,492720,Tropico 6,0.0,"Simulation, Strategy",3
76561198004572694,960090,Bloons TD 6,0.0,Strategy,52
76561198004572694,968250,King of Retail,0.0,"Casual, Indie, Simulation",0
76561198004572694,973230,We Who Are About To Die,0.0,"Action, Indie, RPG, Simulation, Strategy, Early Access",0
76561198004572694,973760,Thronebreaker: The Witcher Tales,0.0,"Adventure, RPG",1
76561198004572694,1003400,The Lord of the Rings: Journeys in Middle-earth,0.0,"Adventure, RPG, Strategy",0
76561198004572694,1012790,Into the Radius VR,0.0,"Action, Indie",0
76561198004572694,1025440,Fantasy General II,0.0,Strategy,28
76561198004572694,1039880,Hellsplit: Arena,0.0,"Action, RPG",0
76561198004572694,1040070,Merchant of the Skies,0.0,"Indie, RPG, Simulation, Strategy",8
76561198004572694,1042160,The Islander: Town Architect,0.0,"Casual, Indie",0
76561198004572694,1044200,Unknown,0.0,,0
76561198004572694,1054510,Survivalist: Invisible Strain,0.0,"Action, Adventure, Indie, RPG, Simulation, Strategy",0
76561198004572694,1084160,Jagged Alliance 3,0.0,"Action, Strategy",14
76561198004572694,921570,OCTOPATH TRAVELER™,0.0,RPG,73
76561198004572694,1102190,Monster Train,0.0,Strategy,27
76561198004572694,1104380,The Room VR: A Dark Matter,0.0,Adventure,0
76561198004572694,1105420,Game of Thrones Winter is Coming,0.0,"Massively Multiplayer, RPG, Simulation, Strategy, Free To Play",0
76561198004572694,1105670,The Last Spell,0.0,"Action, Indie, RPG, Strategy",38
76561198004572694,1108370,Ratropolis,0.0,"Casual, Indie, Simulation, Strategy",11
76561198004572694,1113120,IXION,0.0,"Indie, Simulation, Strategy",34
76561198004572694,322520,DYNASTY WARRIORS 8 Empires,0.0,Action,18
76561198004572694,1128810,RISK: Global Domination,0.0,"Casual, Strategy, Free To Play",5
76561198004572694,1131620,Dominion,0.0,Strategy,0
76561198004572694,1135230,Ember Knights,0.0,"Action, Adventure, RPG",23
76561198004572694,1145960,The White Door,0.0,"Adventure, Indie",2
76561198004572694,764050,Maelstrom,0.0,"Action, Adventure, Indie, Massively Multiplayer, Simulation, Strategy, Free To Play",0
76561198004572694,1148650,The Legend of Bum-Bo,0.0,"Adventure, Indie, Strategy",21
76561198004572694,881420,Six Ages: Ride Like the Wind,0.0,"RPG, Simulation, Strategy",0
76561198004572694,546560,Half-Life: Alyx,0.0,"Action, Adventure",32
76561198004572694,1210110,Midnight Ride,0.0,"Adventure, Indie",2
76561198004572694,1216470,Zoria: Prologue (2020),0.0,"Action, Adventure, Indie, RPG, Strategy, Free To Play",1
76561198004572694,1222690,Dragon Age™ Inquisition,0.0,"Action, Adventure, RPG, Strategy",54
76561198004572694,1227280,Despot's Game: Dystopian Battle Simulator,0.0,"Indie, RPG, Strategy",15
76561198004572694,1232580,Knock on the Coffin Lid,0.0,"Adventure, Indie, RPG, Strategy",54
76561198004572694,1268750,Starship Troopers: Extermination,0.0,"Action, Indie",0
76561198004572694,1281800,Samsara Room,0.0,"Adventure, Free To Play, Indie",6
76561198004572694,1282730,Loop Hero,0.0,"Indie, RPG, Strategy",41
76561198004572694,1284410,GWENT: The Witcher Card Game,0.0,"RPG, Strategy, Free To Play",18
76561198004572694,1295500,"Warhammer 40,000: Battlesector",0.0,Strategy,23
76561198004572694,1328670,Mass Effect™ Legendary Edition,0.0,"Action, RPG",92
76561198004572694,1367020,Storybook Brawl,0.0,"Casual, Free To Play, Strategy, Early Access",0
76561198004572694,1384940,Egression,0.0,Adventure,8
76561198004572694,1397390,The Break-In,0.0,"Action, Indie, Simulation, Early Access",0
76561198004572694,1477050,Grim wanderings 2,0.0,"Indie, RPG, Strategy",0
76561198004572694,1488200,Symphony of War: The Nephilim Saga,0.0,"Adventure, Indie, RPG, Strategy",13
76561198004572694,1506850,Cards & Tankards,0.0,"Casual, Indie, Strategy, Free To Play",0
76561198004572694,1621690,Core Keeper,0.0,"Adventure, Casual, Indie, RPG",17
76561198004572694,1623730,Palworld,0.0,"Action, Adventure, Indie, RPG, Early Access",5
76561198004572694,1641960,Forever Skies,0.0,"Action, Adventure, Indie, Simulation",0
76561198004572694,1669000,Age of Wonders 4,0.0,Strategy,29
76561198004572694,1677770,The Case of the Golden Idol,0.0,"Adventure, Indie",17
76561198004572694,1714040,Super Auto Pets,0.0,"Free To Play, Strategy",0
76561198004572694,1794680,Vampire Survivors,0.0,"Action, Casual, Indie, RPG",129
76561198004572694,1824960,Propagation: Paradise Hotel,0.0,"Action, Adventure",1
76561198004572694,1850510,TRIANGLE STRATEGY,0.0,"RPG, Simulation, Strategy",54
76561198004572694,1868140,DAVE THE DIVER,0.0,"Adventure, Casual, RPG, Simulation",35
76561198004572694,1659040,HITMAN World of Assassination,0.0,"Action, Adventure",25
76561198004572694,1599340,Lost Ark,0.0,"Action, Adventure, Massively Multiplayer, RPG, Free To Play",0
76561198004572694,1904560,Dungeons & Dragons: Ravenloft Series,0.0,"Action, RPG",0
76561198004572694,1942280,Brotato,0.0,"Action, Casual, Indie, RPG",82
76561198004572694,1949190,Necrosmith,0.0,"Adventure, Indie, Simulation, Strategy",18
76561198004572694,1973530,Limbus Company,0.0,"Action, RPG, Strategy",0
76561198004572694,1970580,Backpack Hero,0.0,"Adventure, Casual, Indie, RPG, Strategy",20
76561198004572694,1238040,Dragon Age II: Ultimate Edition,0.0,"Action, Adventure, RPG",0
76561198004572694,1985690,The Looker,0.0,Indie,7
76561198004572694,2019810,Boxes: Lost Fragments,0.0,"Adventure, Casual, Indie",12
76561198004572694,2086430,NIMRODS,0.0,"Action, Adventure, Casual, Indie, RPG, Early Access",6
76561198004572694,1451090,Tactics Ogre: Reborn,0.0,"RPG, Simulation",8
76561198004572694,1932640,Suikoden I&II HD Remaster Gate Rune and Dunan Unification Wars,0.0,RPG,49
76561198004572694,2186680,"Warhammer 40,000: Rogue Trader",0.0,"Adventure, Indie, RPG, Strategy",35
76561198004572694,2187290,Wall World,0.0,"Action, Adventure, Indie, Strategy",19
76561198004572694,2215430,Ghost of Tsushima DIRECTOR'S CUT,0.0,"Action, Adventure",47
76561198004572694,2218750,Halls of Torment,0.0,"Action, Indie, RPG",267
76561198004572694,2231380,Tom Clancy's Ghost Recon® Breakpoint,0.0,"Action, Adventure",0
76561198004572694,2239150,Thronefall,0.0,"Action, Indie, Strategy",12
76561198004572694,2277320,Necrosmith 2,0.0,"Adventure, Indie, Simulation, Strategy",14
76561198004572694,2294130,Goobies,0.0,"Action, Casual, Indie, RPG, Strategy",24
76561198004572694,2334730,Death Must Die,0.0,"Action, Casual, Indie, RPG, Early Access",38
76561198004572694,1214470,Hotel Renovator,0.0,"Adventure, Casual, Indie, Simulation",13
76561198004572694,2427700,Backpack Battles,0.0,"Strategy, Early Access",0
76561198004572694,2455920,Mimic Logic,0.0,Indie,0
76561198004572694,2499470,Pumping Simulator 2,0.0,"Casual, Indie, Simulation",23
76561198004572694,2526380,Sword of Convallaria,0.0,"RPG, Strategy, Free To Play",0
76561198004572694,2716400,The Rise of the Golden Idol,0.0,"Adventure, Indie",25
76561198004572694,2183900,"Warhammer 40,000: Space Marine 2",0.0,"Action, Adventure, RPG",35
76561198004572694,3070070,TCG Card Shop Simulator,0.0,"Simulation, Early Access",21
76561198004572694,3103840,TCG Card Shop Simulator: Prologue,0.0,"Simulation, Free To Play",0
76561198004572694,3238670,Conquest Dark,0.0,"Action, Indie, RPG, Early Access",0
76561198009353718,10,Counter-Strike,102.3,Action,0
76561198009353718,30,Day of Defeat,15.966666666666667,Action,0
76561198009353718,40,Deathmatch Classic,1.3666666666666667,Action,0
76561198009353718,60,Ricochet,0.06666666666666667,Action,0
76561198009353718,80,Counter-Strike: Condition Zero,26.983333333333334,Action,0
76561198009353718,100,Counter-Strike: Condition Zero,6.3,Action,0
76561198009353718,240,Counter-Strike: Source,599.9166666666666,Action,147
76561198009353718,300,Day of Defeat: Source,36.55,Action,3
76561198009353718,320,Half-Life 2: Deathmatch,83.61666666666666,Action,0
76561198009353718,220,Half-Life 2,0.03333333333333333,Action,0
76561198009353718,360,Half-Life Deathmatch: Source,0.016666666666666666,Action,0
76561198009353718,280,Half-Life: Source,1.0833333333333333,Action,0
76561198009353718,20,Team Fortress Classic,0.36666666666666664,Action,0
76561198009353718,50,Half-Life: Opposing Force,0.55,Action,0
76561198009353718,70,Half-Life,12.466666666666667,Action,0
76561198009353718,130,Half-Life: Blue Shift,0.016666666666666666,Action,0
76561198009353718,4000,Garry's Mod,866.7,"Casual, Indie, Simulation",25
76561198009353718,6880,Just Cause,0.0,Action,0
76561198009353718,2270,Wolfenstein 3D,0.0,Action,0
76561198009353718,9000,Spear of Destiny,0.0,Action,0
76561198009353718,9010,Return to Castle Wolfenstein,3.3333333333333335,Action,0
76561198009353718,1873030,Wolfenstein: Enemy Territory,0.0,Action,0
76561198009353718,400,Portal,0.18333333333333332,Action,15
76561198009353718,13210,Unreal Tournament 3,14.966666666666667,Action,3
76561198009353718,16710,Insecticide Part 1,0.0,"Action, Adventure",0
76561198009353718,9480,Saints Row 2,14.5,Action,0
76561198009353718,17480,Command & Conquer™ Red Alert™ 3,0.36666666666666664,"Action, Strategy",0
76561198009353718,24740,Burnout Paradise: The Ultimate Box,7.466666666666667,Racing,0
76561198009353718,22200,Zeno Clash,0.4666666666666667,"Action, Indie",0
76561198009353718,500,Left 4 Dead,28.65,Action,17
76561198009353718,22320,The Elder Scrolls III: Morrowind® Game of the Year Edition,1.25,RPG,0
76561198009353718,35700,Trine Enchanted Edition,4.366666666666666,"Action, Adventure, Indie",7
76561198009353718,6060,"STAR WARS™ Battlefront II (Classic, 2005)",8.883333333333333,Action,0
76561198009353718,6000,STAR WARS™ Republic Commando™,0.0,Action,0
76561198009353718,34900,Bad Rats: the Rats' Revenge,0.05,Indie,0
76561198009353718,21670,Bionic Commando,0.0,"Action, Adventure",0
76561198009353718,6020,STAR WARS™ Jedi Knight - Jedi Academy™,0.0,Action,0
76561198009353718,24800,Command & Conquer: Red Alert 3 - Uprising,0.0,"Action, Strategy, Free To Play",0
76561198009353718,10180,Call of Duty®: Modern Warfare® 2 (2009),10.866666666666667,Action,50
76561198009353718,10190,Call of Duty®: Modern Warfare® 2 (2009),73.25,Action,0
76561198009353718,20900,The Witcher: Enhanced Edition Director's Cut,0.5333333333333333,"Action, RPG",0
76561198009353718,24790,Command & Conquer 3 Tiberium Wars™,0.0,"Action, Strategy",0
76561198009353718,24810,Command & Conquer™ 3: Kane’s Wrath,0.0,"Action, Strategy",0
76561198009353718,550,Left 4 Dead 2,67.01666666666667,Action,70
76561198009353718,2540,RIP - Trilogy™,0.0,"Casual, Indie",0
76561198009353718,2545,RIP - Trilogy™,0.0,"Casual, Indie",0
76561198009353718,2550,RIP - Trilogy™,0.0,"Casual, Indie",0
76561198009353718,11240,Space Trader: Merchant Marine,0.0,"Action, Indie, Strategy",0
76561198009353718,11280,Penguins Arena: Sedna's World,0.0,"Action, Casual, Indie",0
76561198009353718,11340,Larva Mortus,0.0,"Action, Indie",0
76561198009353718,19200,Tank Universal,0.0,"Action, Indie",0
76561198009353718,22370,Fallout 3: Game of the Year Edition,16.766666666666666,RPG,0
76561198009353718,3730,Aliens versus Predator Classic 2000,0.9833333333333333,Action,0
76561198009353718,13520,Far Cry®,0.23333333333333334,Action,0
76561198009353718,19900,Far Cry® 2,2.5166666666666666,Action,0
76561198009353718,10680,Aliens vs. Predator™,1.75,Action,3
76561198009353718,47700,Command & Conquer™ 4 Tiberian Twilight,0.0,"Adventure, Strategy",0
76561198009353718,8190,Just Cause 2,0.11666666666666667,"Action, Adventure",0
76561198009353718,6800,Commandos: Behind Enemy Lines,0.0,Action,0
76561198009353718,6810,Commandos: Beyond the Call of Duty,0.03333333333333333,Action,0
76561198009353718,6830,Commandos 2: Men of Courage,0.0,Strategy,0
76561198009353718,6840,Commandos 3: Destination Berlin,0.05,Action,0
76561198009353718,43110,Metro 2033,0.0,Action,0
76561198009353718,12100,Grand Theft Auto III,0.0,Action,0
76561198009353718,12110,Grand Theft Auto: Vice City,0.05,Action,0
76561198009353718,12120,Grand Theft Auto: San Andreas,9.716666666666667,Action,0
76561198009353718,12170,Unknown,0.08333333333333333,,0
76561198009353718,12180,Grand Theft Auto 2,0.3,Action,0
76561198009353718,12210,Grand Theft Auto IV: The Complete Edition,80.61666666666666,"Action, Adventure",0
76561198009353718,12230,Grand Theft Auto III,0.0,,0
76561198009353718,12240,Unknown,0.0,,0
76561198009353718,12250,Grand Theft Auto: San Andreas,0.0,,0
76561198009353718,33910,ARMA 2,7.583333333333333,"Action, Simulation, Strategy",0
76561198009353718,33930,Arma 2: Operation Arrowhead,15.1,"Action, Simulation, Strategy",0
76561198009353718,57300,Amnesia: The Dark Descent,2.1666666666666665,"Action, Adventure, Indie",0
76561198009353718,70300,VVVVVV,0.0,"Action, Indie",0
76561198009353718,8980,Borderlands Game of the Year,46.416666666666664,"Action, RPG",80
76561198009353718,729040,Borderlands Game of the Year Enhanced,50.45,"Action, RPG",57
76561198009353718,31280,Poker Night at the Inventory,0.2,"Casual, Sports",0
76561198009353718,47870,Need For Speed: Hot Pursuit,9.716666666666667,Racing,0
76561198009353718,35130,Lara Croft and the Guardian of Light,6.2,"Action, Adventure",10
76561198009353718,92800,SpaceChem,0.0,"Indie, Simulation",20
76561198009353718,63710,BIT.TRIP RUNNER,0.0,"Action, Indie",0
76561198009353718,620,Portal 2,34.31666666666667,"Action, Adventure",51
76561198009353718,105600,Terraria,5.766666666666667,"Action, Adventure, Indie, RPG",15
76561198009353718,20920,The Witcher 2: Assassins of Kings Enhanced Edition,7.666666666666667,RPG,6
76561198009353718,57900,Duke Nukem Forever,28.966666666666665,Action,39
76561198009353718,21100,F.E.A.R. 3,5.916666666666667,Action,9
76561198009353718,44200,Unknown,0.0,,0
76561198009353718,1250,Killing Floor,353.4166666666667,Action,213
76561198009353718,35420,Defence Alliance 2,0.18333333333333332,Action,0
76561198009353718,107310,Cthulhu Saves the World,0.016666666666666666,"Indie, RPG",0
76561198009353718,55230,Saints Row: The Third,255.93333333333334,Action,81
76561198009353718,96100,Defy Gravity Extended,0.06666666666666667,"Action, Casual, Indie",0
76561198009353718,72850,The Elder Scrolls V: Skyrim,482.03333333333336,RPG,71
76561198009353718,111800,Blocks That Matter,0.36666666666666664,"Adventure, Casual, Indie, Strategy",3
76561198009353718,91310,Unknown,51.63333333333333,,36
76561198009353718,35450,Red Orchestra 2: Heroes of Stalingrad with Rising Storm,2.0166666666666666,"Action, Massively Multiplayer, Simulation",3
76561198009353718,236830,Unknown,0.0,,0
76561198009353718,70600,Worms Ultimate Mayhem,0.0,Strategy,0
76561198009353718,24240,PAYDAY™ The Heist,54.35,Action,17
76561198009353718,102840,Shank 2,0.0,"Action, Adventure, Indie",0
76561198009353718,3830,Psychonauts,0.0,Action,0
76561198009353718,70620,Worms Crazy Golf,0.0,"Sports, Strategy",0
76561198009353718,70660,Worms Pinball,0.06666666666666667,Casual,0
76561198009353718,70650,Worms Blast,0.0,"Casual, Strategy",0
76561198009353718,25000,Overgrowth,4.15,"Action, Indie",0
76561198009353718,15500,The Wonderful End of the World,0.05,"Casual, Indie",0
76561198009353718,15520,AaAaAA!!! - A Reckless Disregard for Gravity,0.0,"Action, Indie, Sports",0
76561198009353718,15540,1... 2... 3... KICK IT! (Drop That Beat Like an Ugly Baby),0.1,"Action, Indie, Early Access",0
76561198009353718,15560,AaaaaAAaaaAAAaaAAAAaAAAAA!!! for the Awesome,0.1,"Action, Indie, Sports",1
76561198009353718,42910,Magicka,10.466666666666667,"Action, RPG",24
76561198009353718,22350,BRINK,1.9,"Action, Free To Play",7
76561198009353718,67370,The Darkness II,0.0,Action,0
76561198009353718,48000,LIMBO,0.0,"Action, Adventure, Indie",0
76561198009353718,22380,Fallout: New Vegas,7.833333333333333,"Action, RPG",7
76561198009353718,203810,Dear Esther,0.15,"Adventure, Casual, Indie",0
76561198009353718,520720,Dear Esther: Landmark Edition,0.0,"Adventure, Casual, Indie, Free To Play",0
76561198009353718,209830,Lone Survivor: The Director's Cut,0.0,"Action, Adventure, Indie, RPG, Simulation",0
76561198009353718,200710,Torchlight II,22.85,"Action, Adventure, Indie, RPG",55
76561198009353718,211580,Wanderlust: Rebirth,0.0,"Action, Adventure, Indie, RPG",0
76561198009353718,7670,BioShock™,0.0,"Action, RPG",0
76561198009353718,409710,BioShock™ Remastered,0.0,"Action, RPG",0
76561198009353718,210170,Spirits,0.0,"Action, Indie, Strategy",0
76561198009353718,212010,Galaxy on Fire 2™ Full HD,0.0,"Action, Indie, Simulation, Strategy",0
76561198009353718,214170,Divine Divinity,0.0,RPG,0
76561198009353718,49520,Borderlands 2,612.2333333333333,"Action, RPG",75
76561198009353718,72200,Universe Sandbox Legacy,0.11666666666666667,"Casual, Indie, Simulation",3
76561198009353718,91700,E.Y.E: Divine Cybermancy,0.06666666666666667,"Action, Indie, RPG",0
76561198009353718,207690,Botanicula,0.08333333333333333,"Adventure, Casual, Indie",1
76561198009353718,208600,Lunar Flight,0.18333333333333332,"Indie, Simulation",1
76561198009353718,209790,Splice,0.05,"Casual, Indie",1
76561198009353718,204300,Awesomenauts - the 2D moba,0.0,"Action, Indie, Strategy, Free To Play",0
76561198009353718,730,Counter-Strike 2,31.033333333333335,"Action, Free To Play",0
76561198009353718,65300,Dustforce DX,0.0,"Action, Indie",0
76561198009353718,212680,FTL: Faster Than Light,0.0,"Indie, Simulation, Strategy",0
76561198009353718,220780,Thomas Was Alone,0.0,Indie,0
76561198009353718,96300,Unknown,3.5833333333333335,,12
76561198009353718,220860,McPixel,3.683333333333333,"Action, Adventure, Indie",0
76561198009353718,205910,Tiny and Big: Grandpa's Leftovers,0.0,Indie,0
76561198009353718,213610,Sonic Adventure 2,0.0,Action,0
76561198009353718,41000,Serious Sam HD: The First Encounter,0.0,"Action, Indie",0
76561198009353718,41010,Unknown,0.0,,0
76561198009353718,41050,Serious Sam Classic: The First Encounter,0.0,"Action, Indie",0
76561198009353718,41060,Serious Sam Classic: The Second Encounter,0.0,"Action, Indie",0
76561198009353718,41070,Serious Sam 3: BFE,0.3333333333333333,"Action, Indie",0
76561198009353718,111600,Serious Sam Double D XXL,0.016666666666666666,"Action, Indie",0
76561198009353718,201480,Serious Sam: The Random Encounter,0.0,"Action, Indie, RPG",0
76561198009353718,204340,Serious Sam 2,0.0,"Action, Indie",0
76561198009353718,227780,Serious Sam Classics: Revolution,0.0,"Action, Indie",0
76561198009353718,564310,Serious Sam Fusion 2017 (beta),0.0,"Action, Indie",0
76561198009353718,219640,Chivalry: Medieval Warfare,0.26666666666666666,"Action, Indie",0
76561198009353718,4920,Natural Selection 2,8.7,"Action, Indie, Strategy",0
76561198009353718,220240,Far Cry 3,0.25,"Action, Adventure",0
76561198009353718,219740,Don't Starve,0.7833333333333333,"Adventure, Indie, Simulation",0
76561198009353718,322330,Don't Starve Together,2.4166666666666665,"Action, Adventure, Indie, RPG, Simulation, Strategy",0
76561198009353718,223470,POSTAL 2,18.483333333333334,"Action, Adventure, Indie",36
76561198009353718,80300,Puzzle Bots,0.0,"Adventure, Indie",0
76561198009353718,224540,Ace of Spades: Battle Builder,4.366666666666666,"Action, Indie",6
76561198009353718,227220,Sang-Froid - Tales of Werewolves,0.0,"Action, Adventure, Indie, RPG, Strategy",0
76561198009353718,220700,RPG Maker VX Ace,0.0,"Adventure, RPG, Design & Illustration, Education, Web Publishing, Game Development",0
76561198009353718,200900,Cave Story+,0.06666666666666667,"Action, Adventure, Indie",0
76561198009353718,211280,Primal Fears,0.9166666666666666,"Action, Indie",2
76561198009353718,209870,Blacklight: Retribution,0.016666666666666666,"Action, Free To Play",0
76561198009353718,217750,Age of Conan: Unchained,1.6333333333333333,"Action, Adventure, Free To Play, Massively Multiplayer, RPG",0
76561198009353718,223710,Cry of Fear,7.816666666666666,"Action, Adventure, Indie",0
76561198009353718,265630,Fistful of Frags,0.23333333333333334,"Action, Free To Play, Indie",1
76561198009353718,218210,Unknown,0.0,,0
76561198009353718,224580,Arma II: DayZ Mod,0.18333333333333332,"Action, Simulation, Strategy",0
76561198009353718,221040,Resident Evil 6,23.4,"Action, Adventure",25
76561198009353718,8870,BioShock Infinite,16.583333333333332,Action,33
76561198009353718,210770,Sanctum 2,0.0,"Action, Indie, Strategy",0
76561198009353718,3910,Sid Meier's Civilization® III Complete,0.0,Strategy,0
76561198009353718,233720,Surgeon Simulator,0.7333333333333333,"Action, Indie, Simulation",6
76561198009353718,216250,Unknown,21.666666666666668,,15
76561198009353718,12140,Max Payne,0.0,Action,0
76561198009353718,12150,Max Payne 2: The Fall of Max Payne,0.0,Action,0
76561198009353718,204100,Max Payne 3,10.2,Action,11
76561198009353718,234710,Poker Night 2,7.366666666666666,"Casual, Sports",9
76561198009353718,215690,Zeno Clash 2,0.11666666666666667,"Action, Indie",0
76561198009353718,65930,The Bureau: XCOM Declassified,0.0,Action,0
76561198009353718,238210,System Shock® 2 (Classic),0.08333333333333333,"Action, RPG",0
76561198009353718,222730,Reus,0.0,"Indie, Simulation, Strategy",0
76561198009353718,235820,Element4l,0.11666666666666667,"Action, Indie",0
76561198009353718,235720,Cubetractor,0.0,"Action, Indie, Strategy",0
76561198009353718,35720,Trine 2: Complete Story,11.083333333333334,"Action, Adventure, Indie",34
76561198009353718,242760,The Forest,35.81666666666667,"Action, Adventure, Indie, Simulation",19
76561198009353718,242860,Verdun,0.0,"Action, Indie, Massively Multiplayer, Simulation, Strategy",0
76561198009353718,204530,Infested Planet,0.0,"Action, Indie, Strategy",0
76561198009353718,247370,Mutant Mudds Deluxe,0.0,"Action, Indie",0
76561198009353718,242550,Rayman® Legends,13.75,"Action, Adventure",0
76561198009353718,231040,Beatbuddy: Tale of the Guardians,0.0,"Action, Adventure, Casual, Indie",0
76561198009353718,248650,Draw a Stickman: EPIC,0.1,"Adventure, Casual, Indie",0
76561198009353718,241720,Guncraft,0.016666666666666666,"Action, Indie",0
76561198009353718,218620,PAYDAY 2,110.76666666666667,"Action, RPG",1246
76561198009353718,251770,Shadow Man,0.0,Action,0
76561198009353718,252490,Rust,1817.7,"Action, Adventure, Indie, Massively Multiplayer, RPG",60
76561198009353718,254320,Duskers,0.0,"Indie, Simulation, Strategy",0
76561198009353718,245410,Wizardry 6: Bane of the Cosmic Forge,0.0,"Adventure, RPG",0
76561198009353718,245430,Wizardry 7: Crusaders of the Dark Savant,0.0,"Adventure, RPG",0
76561198009353718,234000,Superfrog HD,0.0,Action,0
76561198009353718,258910,Citizens of Earth,0.0,RPG,0
76561198009353718,221910,The Stanley Parable,6.2,"Adventure, Indie",6
76561198009353718,61500,Age of Wonders,0.0,"RPG, Strategy",0
76561198009353718,61520,Age of Wonders Shadow Magic,0.0,"RPG, Strategy",0
76561198009353718,238430,Contagion,3.4833333333333334,"Action, Adventure, Indie",0
76561198009353718,22330,The Elder Scrolls IV: Oblivion® Game of the Year Edition (2009),19.116666666666667,RPG,0
76561198009353718,207750,Symphony,0.0,"Action, Casual, Indie",0
76561198009353718,262470,Rollers of the Realm,0.0,"Action, Adventure, Casual, Indie, RPG",0
76561198009353718,16700,Stronghold Crusader Extreme,0.0,Strategy,0
76561198009353718,40970,Stronghold Crusader HD (2012),0.0,"Simulation, Strategy",0
76561198009353718,265930,Goat Simulator,9.683333333333334,"Casual, Indie, Simulation",34
76561198009353718,201040,Unknown,0.0,,0
76561198009353718,221100,DayZ,24.4,"Action, Adventure, Massively Multiplayer",0
76561198009353718,268850,EVGA Precision X1,0.016666666666666666,Utilities,0
76561198009353718,268910,Cuphead,2.5166666666666666,"Action, Indie",3
76561198009353718,273110,Counter-Strike Nexon,0.35,"Action, Casual, Indie, Massively Multiplayer, Free To Play",0
76561198009353718,274190,Broforce,10.25,"Action, Adventure, Casual, Indie",6
76561198009353718,222880,Insurgency,2.85,"Action, Indie, Strategy",4
76561198009353718,251570,7 Days to Die,64.38333333333334,"Action, Adventure, Indie, RPG, Simulation, Strategy",31
76561198009353718,225840,Sven Co-op,0.23333333333333334,"Action, Casual, Indie, Free To Play",0
76561198009353718,278460,Skyborn,0.0,"Casual, RPG",0
76561198009353718,213670,South Park™: The Stick of Truth™,16.116666666666667,"Action, Adventure, RPG",19
76561198009353718,281990,Stellaris,0.0,"Simulation, Strategy",0
76561198009353718,294100,RimWorld,40.233333333333334,"Indie, Simulation, Strategy",0
76561198009353718,286160,Tabletop Simulator,31.233333333333334,"Casual, Indie, RPG, Simulation, Strategy",8
76561198009353718,222900,Dead Island: Epidemic,19.05,"Action, Free To Play, Early Access",22
76561198009353718,95400,ibb & obb,0.9833333333333333,"Action, Adventure, Indie",1
76561198009353718,296650,The Great Jitters: Pudding Panic,0.0,"Action, Casual, Indie, Strategy",0
76561198009353718,300380,Road Redemption,0.0,"Action, Adventure, Indie, Racing, Simulation",0
76561198009353718,300540,Sweet Lily Dreams,0.0,"Adventure, Indie, RPG",0
76561198009353718,286690,Metro 2033 Redux,18.1,Action,23
76561198009353718,287390,Metro: Last Light Redux,24.633333333333333,Action,32
76561198009353718,219760,Beyond Divinity,0.0,RPG,0
76561198009353718,18400,Crazy Machines 2,0.0,"Casual, Strategy",0
76561198009353718,304930,Unturned,8.416666666666666,"Action, Adventure, Casual, Indie, Free To Play",0
76561198009353718,39650,The Guild II,0.0,"Simulation, Strategy",0
76561198009353718,39660,The Guild II - Pirates of the European Seas,0.0,"Simulation, Strategy",0
76561198009353718,39680,The Guild II Renaissance,0.0,"Simulation, Strategy",0
76561198009353718,63380,Sniper Elite V2,0.0,Action,0
76561198009353718,224600,Defiance,0.0,"Action, Free To Play, Massively Multiplayer, RPG",0
76561198009353718,312670,Strange Brigade,7.916666666666667,"Action, Adventure",20
76561198009353718,227940,Heroes & Generals,0.0,"Action, Free To Play, Indie, Massively Multiplayer, Strategy",0
76561198009353718,206420,Saints Row IV: Re-Elected,54.43333333333333,"Action, Adventure",73
76561198009353718,317400,Portal Stories: Mel,0.0,"Action, Adventure, Free To Play",0
76561198009353718,261640,Borderlands: The Pre-Sequel,48.43333333333333,"Action, RPG",42
76561198009353718,318600,The Flame in the Flood,0.0,"Action, Adventure, Indie",0
76561198009353718,319510,Five Nights at Freddy's,0.016666666666666666,"Indie, Simulation",0
76561198009353718,319910,Trine 3: The Artifacts of Power,5.966666666666667,"Action, Adventure, Indie",19
76561198009353718,233610,Distance,0.0,"Action, Indie, Racing",0
76561198009353718,265550,Dead Rising 3 Apocalypse Edition,0.5166666666666667,Action,0
76561198009353718,21690,Resident Evil 5,13.416666666666666,"Action, Adventure",22
76561198009353718,323190,Frostpunk,0.0,"Simulation, Strategy",0
76561198009353718,241930,Middle-earth™: Shadow of Mordor™,0.45,,1
76561198009353718,238320,Outlast,10.2,"Action, Adventure, Indie",7
76561198009353718,324800,Shadow Warrior 2,10.65,"Action, Adventure",14
76561198009353718,327860,Salt,8.466666666666667,"Action, Adventure, Indie, RPG",1
76561198009353718,15700,Oddworld: Abe's Oddysee®,0.0,Adventure,0
76561198009353718,330830,Tales from the Borderlands,37.266666666666666,Adventure,35
76561198009353718,330840,Game of Thrones - A Telltale Games Series,15.35,Adventure,48
76561198009353718,289690,LARA CROFT AND THE TEMPLE OF OSIRIS™,0.05,"Action, Adventure",0
76561198009353718,334940,Yoku's Island Express,0.0,"Adventure, Indie",0
76561198009353718,336940,Basingstoke,0.0,"Action, Adventure, Indie",0
76561198009353718,341190,Hotline Miami 2: Wrong Number Digital Comic,0.0,,0
76561198009353718,341800,Keep Talking and Nobody Explodes,2.9833333333333334,Indie,3
76561198009353718,342180,Arizona Sunshine®,4.233333333333333,"Action, Adventure, Indie",18
76561198009353718,271590,Grand Theft Auto V Legacy,277.3833333333333,"Action, Adventure",58
76561198009353718,3240220,Grand Theft Auto V Enhanced,0.0,"Action, Adventure, Racing",0
76561198009353718,301910,Saints Row: Gat out of Hell,6.983333333333333,Action,11
76561198009353718,346110,ARK: Survival Evolved,161.56666666666666,"Action, Adventure, Indie, Massively Multiplayer, RPG",3
76561198009353718,407530,ARK: The Survival Of The Fittest,0.0,"Action, Adventure, Indie, Massively Multiplayer, RPG, Strategy",0
76561198009353718,346900,AdVenture Capitalist,0.0,"Casual, Indie, Free To Play",0
76561198009353718,107410,Arma 3,3.283333333333333,"Action, Simulation, Strategy",2
76561198009353718,235540,Warhammer: End Times - Vermintide,88.43333333333334,"Action, Indie",58
76561198009353718,232090,Killing Floor 2,163.48333333333332,Action,152
76561198009353718,362890,Black Mesa,8.4,"Action, Adventure, Indie",26
76561198009353718,238370,Magicka 2,7.033333333333333,"Action, Adventure",10
76561198009353718,397080,Unknown,0.0,,0
76561198009353718,370870,Dark Future: Blood Red States,0.0,"Indie, Strategy",0
76561198009353718,371140,Aegis Defenders,0.0,"Action, Adventure, Indie, RPG, Strategy",0
76561198009353718,374320,DARK SOULS™ III,21.783333333333335,Action,11
76561198009353718,377160,Fallout 4,402.8,RPG,66
76561198009353718,382000,Unknown,1.2166666666666666,,0
76561198009353718,382110,Virtual Desktop Classic,0.55,Utilities,0
76561198009353718,383120,Empyrion - Galactic Survival,0.6,"Adventure, Indie, Simulation, Strategy",0
76561198009353718,384300,CPUCores :: Maximize Your FPS,27.983333333333334,"Design & Illustration, Utilities",5
76561198009353718,383870,Firewatch,4.65,"Adventure, Indie",7
76561198009353718,384630,Aviary Attorney,0.0,"Adventure, Indie",0
76561198009353718,388080,Borderless Gaming,41.38333333333333,"Action, Utilities",1
76561198009353718,389140,Horizon Chase Turbo,0.0,"Action, Casual, Indie, Racing, Sports",0
76561198009353718,394510,HELLDIVERS™ Dive Harder Edition,3.533333333333333,Action,5
76561198009353718,396710,The Adventure Pals,0.0,"Action, Adventure, Indie, RPG",0
76561198009353718,399810,Call of Cthulhu®,7.516666666666667,"Adventure, RPG",32
76561198009353718,400080,Out of Space,2.6333333333333333,"Casual, Indie, Strategy",8
76561198009353718,400940,Budget Cuts,0.0,"Action, Adventure, Indie",0
76561198009353718,401680,POSTAL Redux,0.8833333333333333,"Action, Indie",5
76561198009353718,234140,Mad Max,0.9833333333333333,"Action, Adventure",2
76561198009353718,393380,Squad,0.8666666666666667,"Action, Indie, Massively Multiplayer, Strategy",0
76561198009353718,774941,Unknown,0.0,,0
76561198009353718,404590,Vikings - Wolves of Midgard,0.0,"Action, RPG",0
76561198009353718,405830,Turok 2: Seeds of Evil,0.0,"Action, Adventure",0
76561198009353718,408410,X-Morph: Defense,0.0,"Action, Indie, Strategy",0
76561198009353718,409160,"Dr. Langeskov, The Tiger, and The Terribly Cursed Emerald: A Whirlwind Heist",0.31666666666666665,"Free To Play, Indie",1
76561198009353718,8850,BioShock® 2,1.3333333333333333,Action,5
76561198009353718,409720,BioShock™ 2 Remastered,0.0,"Action, RPG",0
76561198009353718,411300,ELEX,0.0,"Action, Adventure, RPG",0
76561198009353718,950670,Gothic Playable Teaser,0.0,RPG,0
76561198009353718,413150,Stardew Valley,73.5,"Indie, RPG, Simulation",19
76561198009353718,225540,Just Cause™ 3,2.35,"Action, Adventure",2
76561198009353718,414700,Outlast 2,7.233333333333333,"Action, Adventure, Indie",10
76561198009353718,418530,Spelunky 2,1.5333333333333334,"Action, Indie",1
76561198009353718,418650,Space Pirate Trainer,0.0,Action,0
76561198009353718,368500,Assassin's Creed® Syndicate,25.316666666666666,"Action, Adventure",0
76561198009353718,421120,Samorost 3,0.0,"Adventure, Casual, Indie",0
76561198009353718,8200,Sam & Max 101: Culture Shock,0.0,"Action, Adventure",0
76561198009353718,8210,Sam & Max 102: Situation: Comedy,0.0,"Action, Adventure",0
76561198009353718,8220,"Sam & Max 103: The Mole, the Mob and the Meatball",0.0,"Action, Adventure",0
76561198009353718,8230,Sam & Max 104: Abe Lincoln Must Die!,0.0,"Action, Adventure",0
76561198009353718,8240,Sam & Max 105: Reality 2.0,0.0,"Action, Adventure",0
76561198009353718,8250,Sam & Max 106: Bright Side of the Moon,0.0,"Action, Adventure",0
76561198009353718,8260,Sam & Max 201: Ice Station Santa,0.0,Adventure,0
76561198009353718,8270,Sam & Max 202: Moai Better Blues,0.0,Adventure,0
76561198009353718,8280,Sam & Max 203: Night of the Raving Dead,0.0,Adventure,0
76561198009353718,8290,Sam & Max 204: Chariots of the Dogs,0.0,Adventure,0
76561198009353718,8300,Sam & Max 205: What's New Beelzebub?,0.0,Adventure,0
76561198009353718,8310,Bone: Out From Boneville,0.0,Adventure,0
76561198009353718,8320,Bone: The Great Cow Race,0.0,Adventure,0
76561198009353718,8330,Telltale Texas Hold ‘Em,0.0,Casual,0
76561198009353718,8340,Strong Bad's Cool Game for Attractive People: Season 1,0.0,Adventure,0
76561198009353718,8350,Strong Bad's Cool Game for Attractive People: Episode 2,0.0,Adventure,0
76561198009353718,8360,Strong Bad's Cool Game for Attractive People: Episode 3,0.0,Adventure,0
76561198009353718,8370,Strong Bad's Cool Game for Attractive People: Episode 4,0.0,Adventure,0
76561198009353718,8380,Strong Bad's Cool Game for Attractive People: Episode 5,0.0,Adventure,0
76561198009353718,31170,Tales of Monkey Island: Complete Season,0.0,"Adventure, RPG",0
76561198009353718,31180,Tales of Monkey Island Complete Pack: Chapter 2 - The Siege of Spinner Cay,0.0,"Adventure, RPG",0
76561198009353718,31190,Tales of Monkey Island Complete Pack: Chapter 3 - Lair of the Leviathan,0.0,"Adventure, RPG",0
76561198009353718,31200,Tales of Monkey Island Complete Pack: Chapter 4 - The Trial and Execution of Guybrush Threepwood,0.0,"Adventure, RPG",0
76561198009353718,31210,Tales of Monkey Island Complete Pack: Chapter 5 - Rise of the Pirate God,0.0,"Adventure, RPG",0
76561198009353718,31220,Sam & Max 301: The Penal Zone,0.0,"Action, Adventure",0
76561198009353718,31230,Sam & Max 302: The Tomb of Sammun-Mak,0.0,Adventure,0
76561198009353718,31240,Sam & Max 303: They Stole Max's Brain!,0.0,Adventure,0
76561198009353718,31250,Sam & Max 304: Beyond the Alley of the Dolls,0.0,Adventure,0
76561198009353718,31260,Sam & Max 305: The City That Dares Not Sleep,0.0,Adventure,0
76561198009353718,31270,Puzzle Agent,0.0,"Action, Adventure, Casual",0
76561198009353718,31290,Back to the Future: The Game,0.0,Adventure,0
76561198009353718,94500,Back to the Future: Ep 2 - Get Tannen!,0.0,,0
76561198009353718,94510,Back to the Future: Ep 3 - Citizen Brown,0.0,,0
76561198009353718,94520,Back to the Future: Ep 4 - Double Visions,0.0,,0
76561198009353718,94530,Back to the Future: Ep 5 - OUTATIME,0.0,,0
76561198009353718,94590,Puzzle Agent 2,0.0,"Action, Adventure, Casual",0
76561198009353718,94600,Hector: Episode 1,0.0,"Action, Adventure, Casual",0
76561198009353718,94610,Hector: Episode 2,0.0,"Action, Adventure, Casual, RPG",0
76561198009353718,94620,Hector: Badge of Carnage - Full Series,0.0,"Adventure, Casual",0
76561198009353718,201830,Jurassic Park: The Game,0.0,Adventure,0
76561198009353718,207610,The Walking Dead,38.53333333333333,Adventure,47
76561198009353718,250320,The Wolf Among Us,10.55,"Action, Adventure, Casual",30
76561198009353718,261030,The Walking Dead: Season Two,11.966666666666667,Adventure,40
76561198009353718,423810,Marooners,0.0,"Action, Casual, Indie",0
76561198009353718,427240,Cosmic Trip,0.0,"Action, Adventure, Indie, Strategy",0
76561198009353718,268500,XCOM® 2,0.0,Strategy,0
76561198009353718,427760,A Chair in a Room : Greenwater,4.633333333333334,"Adventure, Indie, Simulation",0
76561198009353718,239140,Dying Light,108.23333333333333,"Action, RPG",59
76561198009353718,427730,Who's Your Daddy?!,1.2666666666666666,"Action, Casual, Indie",6
76561198009353718,431240,Golf With Your Friends,1.6166666666666667,"Casual, Indie, Sports",7
76561198009353718,431940,Wildfire,0.0,Indie,0
76561198009353718,431960,Wallpaper Engine,4.7,"Casual, Indie, Animation & Modeling, Design & Illustration, Photo Editing, Utilities",2
76561198009353718,391220,Rise of the Tomb Raider™,24.6,"Action, Adventure",34
76561198009353718,434570,Blood and Bacon,0.43333333333333335,"Action, Adventure, Casual",5
76561198009353718,434650,Lost Castle / 失落城堡,0.0,"Action, Adventure, Indie, RPG",0
76561198009353718,437630,State of Mind,0.0,"Adventure, Indie",0
76561198009353718,438100,VRChat,10.766666666666667,"Adventure, Casual, Massively Multiplayer, Simulation, Sports, Free To Play, Early Access",0
76561198009353718,440650,Niche - a genetics survival game,0.0,"Indie, Simulation, Strategy",0
76561198009353718,446840,Splasher,0.0,"Action, Indie",0
76561198009353718,448850,Overload,0.0,Action,0
76561198009353718,450390,The Lab,2.716666666666667,Free To Play,0
76561198009353718,450540,"Hot Dogs, Horseshoes & Hand Grenades",7.7,"Action, Simulation, Early Access",0
76561198009353718,451020,Battle Chasers: Nightwar,0.0,"Indie, RPG",0
76561198009353718,452060,Caveblazers,0.0,"Action, Adventure, Indie",0
76561198009353718,452780,Unknown,0.0,,0
76561198009353718,453910,Love is Dead,0.0,"Casual, Indie",0
76561198009353718,455120,Stay Close,1.6833333333333333,"Action, Adventure, Indie",7
76561198009353718,456450,Jaunt VR - Experience Cinematic Virtual Reality,1.8833333333333333,Utilities,0
76561198009353718,457420,Surgeon Simulator VR: Meet The Medic,1.0166666666666666,"Action, Indie, Simulation, Free To Play",0
76561198009353718,457550,Bigscreen Beta,0.0,"Action, Free To Play, Simulation",0
76561198009353718,459820,Crush Crush,0.0,"Casual, Indie, Free To Play",0
76561198009353718,464920,Surviving Mars,0.0,"Simulation, Strategy",0
76561198009353718,465200,Fury Unleashed,0.0,"Action, Adventure, Indie, RPG",0
76561198009353718,465240,Serious Sam VR: The Last Hope,0.0,"Action, Indie",0
76561198009353718,467660,Paranormal Activity: The Lost Soul,0.36666666666666664,"Adventure, RPG",1
76561198009353718,379720,DOOM,0.7666666666666667,Action,1
76561198009353718,468700,NVIDIA® VR Funhouse,0.65,"Casual, Free To Play",18
76561198009353718,469610,Rick and Morty: Virtual Rick-ality,6.216666666666667,"Adventure, Indie, Simulation",7
76561198009353718,471710,Rec Room,0.5666666666666667,"Adventure, Casual, Massively Multiplayer, Free To Play",0
76561198009353718,223100,Homefront®: The Revolution,4.666666666666667,"Action, Adventure",13
76561198009353718,477160,Human Fall Flat,31.733333333333334,"Adventure, Casual, Indie, Simulation",56
76561198009353718,488730,God's Trigger,0.0,"Action, Indie",0
76561198009353718,489630,"Warhammer 40,000: Gladius - Relics of War",0.0,Strategy,0
76561198009353718,496240,Onward,5.2,"Action, Indie, Simulation, Strategy",0
76561198009353718,501350,Dimension Hunter VR,0.85,"Action, Indie",0
76561198009353718,503560,911 Operator,0.0,"Casual, Indie, Simulation, Strategy",0
76561198009353718,505730,Holy Potatoes! We’re in Space?!,0.0,"Adventure, Indie, Simulation",0
76561198009353718,506140,Shop Heroes,0.0,"Casual, Massively Multiplayer, RPG, Simulation, Strategy, Free To Play",0
76561198009353718,509980,BIGFOOT,3.1666666666666665,"Action, Adventure, Indie, Early Access",0
76561198009353718,510420,The Hex,0.0,Indie,0
76561198009353718,516750,My Summer Car,17.116666666666667,"Indie, Racing, Simulation",7
76561198009353718,518580,Accounting (Legacy),2.3333333333333335,"Adventure, Indie",0
76561198009353718,312660,Sniper Elite 4,7.733333333333333,"Action, Adventure",16
76561198009353718,521890,Hello Neighbor,0.13333333333333333,"Adventure, Indie, Strategy",0
76561198009353718,522240,Pool Panic,0.15,"Action, Adventure, Sports",2
76561198009353718,292030,The Witcher 3: Wild Hunt,4.7,RPG,1
76561198009353718,526160,The Wild Eight,9.783333333333333,"Action, Adventure, Indie, RPG, Simulation",13
76561198009353718,526870,Satisfactory,339.75,"Adventure, Indie, Simulation, Strategy",44
76561198009353718,528660,Spin Rush,0.0,"Action, Casual, Indie",0
76561198009353718,529660,Mages of Mystralia,0.0,"Action, Adventure, Indie",0
76561198009353718,530320,Wandersong,0.0,"Adventure, Indie",0
76561198009353718,530350,Smashbox Arena,0.0,"Action, Indie",0
76561198009353718,534380,Dying Light 2 Stay Human: Reloaded Edition,58.5,"Action, Adventure, RPG",57
76561198009353718,534550,Guacamelee! 2,0.0,"Action, Adventure, Indie",0
76561198009353718,536220,The Walking Dead: A New Frontier,10.8,Adventure,30
76561198009353718,539470,Police Stories,5.916666666666667,"Action, Indie, Simulation, Strategy",35
76561198009353718,546560,Half-Life: Alyx,16.45,"Action, Adventure",32
76561198009353718,489830,The Elder Scrolls V: Skyrim Special Edition,147.46666666666667,RPG,57
76561198009353718,337340,Finding Paradise,0.0,"Adventure, Indie, RPG",0
76561198009353718,493340,Planet Coaster,0.0,"Action, Adventure, Casual, Simulation, Strategy",0
76561198009353718,552440,The Talos Principle VR,0.0,"Action, Adventure, Indie",0
76561198009353718,552450,Serious Sam VR: The First Encounter,0.0,"Action, Indie",0
76561198009353718,552460,Serious Sam VR: The Second Encounter,0.0,"Action, Indie",0
76561198009353718,552500,Warhammer: Vermintide 2,30.783333333333335,"Action, Indie, RPG",15
76561198009353718,553310,Lethal League Blaze,0.0,"Action, Indie, Sports",0
76561198009353718,555160,Pavlov,0.7,"Action, Indie",0
76561198009353718,557340,My Friend Pedro,0.31666666666666665,"Action, Indie",2
76561198009353718,562500,Warstone TD,0.0,"Indie, Strategy",0
76561198009353718,563560,Alien Swarm: Reactive Drop,4.433333333333334,"Action, Free To Play",6
76561198009353718,359550,Tom Clancy's Rainbow Six® Siege,16.25,Action,0
76561198009353718,623990,Unknown,0.0,,0
76561198009353718,567280,Cube Runner,0.0,"Action, Casual, Indie",0
76561198009353718,567290,Slash It,0.0,"Action, Casual, Indie",0
76561198009353718,567670,Serious Sam 3 VR: BFE,0.0,"Action, Indie",0
76561198009353718,355790,Styx: Shards of Darkness,16.766666666666666,"Action, Adventure",18
76561198009353718,570050,Raiden V: Director's Cut | 雷電 V Director's Cut | 雷電V:導演剪輯版,0.0,Action,0
76561198009353718,573120,Dead In Vinland,0.0,"Adventure, Indie, RPG, Simulation, Strategy",0
76561198009353718,573320,Underhero,0.0,"Adventure, Indie, RPG",0
76561198009353718,573410,AI War 2,0.0,"Indie, Simulation, Strategy",0
76561198009353718,574090,MOTHERGUNSHIP,7.183333333333334,"Action, Indie",5
76561198009353718,574720,Little Big Workshop,0.0,"Simulation, Strategy",0
76561198009353718,577690,Spooky's Jump Scare Mansion: HD Renovation,3.683333333333333,"Action, Adventure, Indie",11
76561198009353718,578620,GORN,1.1833333333333333,"Action, Indie",0
76561198009353718,579760,The Journey Down: Chapter Three,0.0,"Adventure, Indie",0
76561198009353718,582500,We Were Here,4.3,"Action, Adventure, Indie, Free To Play",20
76561198009353718,236870,HITMAN™,13.1,Action,14
76561198009353718,585420,Trailmakers,1.45,"Action, Adventure, Indie, Racing, Simulation",0
76561198009353718,593600,PixARK,44.61666666666667,"Action, Adventure, Casual, Massively Multiplayer, RPG, Strategy",16
76561198009353718,594650,Hunt: Showdown 1896,43.983333333333334,Action,12
76561198009353718,770720,Hunt: Showdown (Test Server),0.0,,0
76561198009353718,592030,Just In Time Incorporated,0.16666666666666666,"Action, Indie, Simulation",1
76561198009353718,356190,Middle-earth™: Shadow of War™,0.4,"Action, Adventure, RPG",0
76561198009353718,597760,Yuppie Psycho: Executive Edition,0.0,"Adventure, Indie",0
76561198009353718,598780,Boreal Blade,0.0,Action,0
76561198009353718,599080,The Blackout Club,3.45,"Action, Indie, Simulation",1
76561198009353718,600130,Valfaris,0.0,"Action, Indie",0
76561198009353718,602320,Train Valley 2,0.0,"Adventure, Casual, Indie, Simulation, Strategy",0
76561198009353718,602960,Barotrauma,0.05,"Action, Indie, Simulation, Strategy",0
76561198009353718,332310,LEGO® Worlds,2.216666666666667,Adventure,10
76561198009353718,606150,Moonlighter,0.0,"Action, Adventure, Indie",0
76561198009353718,607050,Wargroove,0.0,"Indie, Strategy",0
76561198009353718,611660,Fallout 4 VR,1.9,RPG,1
76561198009353718,611760,Don't Escape: 4 Days to Survive,0.0,"Adventure, Indie",0
76561198009353718,612880,Wolfenstein II: The New Colossus,9.016666666666667,Action,18
76561198009353718,617830,SUPERHOT VR,4.733333333333333,"Action, Indie",11
76561198009353718,618740,Beat Hazard 2,0.0,"Action, Casual, Indie",0
76561198009353718,621060,PC Building Simulator,0.26666666666666666,"Indie, Simulation",0
76561198009353718,628670,Hellpoint,0.0,"Action, Adventure, Indie, RPG",0
76561198009353718,629090,Horace,0.0,"Action, Adventure, Indie",0
76561198009353718,629220,Rise of Insanity,0.3,"Adventure, Indie, Simulation",0
76561198009353718,629760,MORDHAU,3.2333333333333334,"Action, Indie",6
76561198009353718,629820,Maneater,1.6333333333333333,"Action, Adventure, Indie, RPG",4
76561198009353718,632300,Hobo: Tough Life,16.0,"Adventure, Indie, RPG, Simulation",17
76561198009353718,632360,Risk of Rain 2,0.0,"Action, Indie",0
76561198009353718,635200,Distrust: Polar Survival,1.7833333333333334,"Adventure, Indie, Strategy",9
76561198009353718,638110,Desert Bus VR,0.0,"Casual, Free To Play, Simulation",0
76561198009353718,638200,Capitalism 2,0.0,"Indie, Simulation, Strategy",0
76561198009353718,392110,ENDLESS™ Space 2,0.0,Strategy,0
76561198009353718,641990,The Escapists 2,7.95,"Indie, Simulation, Strategy",14
76561198009353718,646200,Dead Effect 2 VR,4.066666666666666,"Action, Indie, RPG",29
76561198009353718,646270,60 Parsecs!,1.5,"Adventure, Casual, Indie, RPG, Simulation, Strategy",7
76561198009353718,646570,Slay the Spire,0.0,"Indie, Strategy",0
76561198009353718,648350,Jurassic World Evolution,0.6333333333333333,"Simulation, Strategy",4
76561198009353718,648800,Raft,39.93333333333333,"Adventure, Indie, Simulation",56
76561198009353718,427290,Vampyr,15.483333333333333,"Action, RPG",17
76561198009353718,657200,Hand Simulator,6.233333333333333,Simulation,5
76561198009353718,658850,Do Not Feed the Monkeys,0.0,"Indie, Simulation, Strategy",0
76561198009353718,666140,My Time at Portia,0.0,"Adventure, Casual, Indie, RPG, Simulation",0
76561198009353718,20500,Red Faction Guerrilla Steam Edition,0.0,Action,0
76561198009353718,667720,Red Faction Guerrilla Re-Mars-tered,0.0,,0
76561198009353718,668550,8Doors: Arum's Afterlife Adventure,0.0,"Action, Adventure, Indie",0
76561198009353718,671440,Rise of Industry,0.0,"Indie, Simulation, Strategy",0
76561198009353718,673750,Super Bunny Man,7.416666666666667,"Action, Indie",0
76561198009353718,677160,We Were Here Too,4.75,"Adventure, Casual, Indie",19
76561198009353718,678900,Farmer's Dynasty,0.0,"Adventure, Casual, RPG, Simulation",0
76561198009353718,680380,Night Call,0.0,"Indie, Simulation",0
76561198009353718,681730,Nowhere Prophet,0.0,"Indie, RPG, Strategy",0
76561198009353718,683320,GRIS,0.0,"Adventure, Indie",0
76561198009353718,684580,Shoppe Keep 2,0.0,"Adventure, Indie, RPG, Simulation, Strategy",0
76561198009353718,686340,Insanity VR: Last Score,0.0,"Violent, Gore, Adventure, Free To Play, Indie",0
76561198009353718,414340,Hellblade: Senua's Sacrifice,5.55,"Action, Adventure, Indie",13
76561198009353718,747350,Hellblade: Senua's Sacrifice VR Edition,0.0,"Action, Adventure, Indie",0
76561198009353718,688420,Bad North: Jotunn Edition,0.0,"Action, Indie, Simulation",0
76561198009353718,690810,Killing Floor: Incursion,4.766666666666667,Action,8
76561198009353718,691830,Avernum 3: Ruined World,0.0,"Adventure, Indie, RPG, Strategy",0
76561198009353718,692850,Bloodstained: Ritual of the Night,0.0,"Action, Adventure, RPG",0
76561198009353718,240720,Getting Over It with Bennett Foddy,0.45,Action,0
76561198009353718,700330,SCP: Secret Laboratory,1.1333333333333333,"Action, Free To Play",7
76561198009353718,701160,Kingdom Two Crowns,4.116666666666666,"Adventure, Indie, Simulation, Strategy",4
76561198009353718,704270,Generation Zero®,38.71666666666667,"Action, Adventure",39
76561198009353718,635320,Last Day of June,0.0,"Adventure, Indie",0
76561198009353718,707030,POSTAL 4: No Regerts,3.3333333333333335,"Action, Adventure",0
76561198009353718,710920,Darksiders Genesis,0.0,"Action, Adventure",0
76561198009353718,712190,Genesis Alpha One Deluxe Edition,0.0,"Action, Adventure, Indie, RPG, Simulation",0
76561198009353718,716490,EXAPUNKS,0.0,"Indie, Simulation",0
76561198009353718,716500,Eliza,0.0,Indie,0
76561198009353718,716640,Sigma Theory: Global Cold War,0.0,"Simulation, Strategy",0
76561198009353718,717610,A Case of Distrust,0.0,"Adventure, Indie",0
76561198009353718,718650,Driftland: The Magic Revival,0.0,"Indie, RPG, Simulation, Strategy",0
76561198009353718,726910,Star Wars: Droid Repair Bay,0.1,"Adventure, Casual, Free To Play",4
76561198009353718,727130,Between the Stars,0.0,"Action, Adventure, Indie, RPG, Simulation, Strategy",0
76561198009353718,731040,The Invincible,7.516666666666667,"Action, Adventure, Indie",18
76561198009353718,731490,Crash Bandicoot™ N. Sane Trilogy,0.0,Action,0
76561198009353718,736820,Knights of Honor II: Sovereign,0.0,"Simulation, Strategy",0
76561198009353718,587860,Tales of Escape,2.05,"Adventure, Casual, Indie, Free To Play",1
76561198009353718,739630,Phasmophobia,40.28333333333333,"Action, Indie, Early Access",0
76561198009353718,739650,Drake Hollow,0.0,"Action, Adventure, Indie",0
76561198009353718,743450,Monster Prom,3.0833333333333335,"Indie, Simulation",2
76561198009353718,476600,Call of Duty®: WWII,0.0,Action,0
76561198009353718,476620,Call of Duty®: WWII,3.3833333333333333,Action,1
76561198009353718,751780,Forager,0.0,"Action, Adventure, Indie, Simulation",0
76561198009353718,503940,Railway Empire,0.0,"Simulation, Strategy",0
76561198009353718,757300,Truberbrook / Trüberbrook,0.0,"Adventure, Indie",0
76561198009353718,760810,Retimed,0.0,"Action, Casual, Indie",0
76561198009353718,761030,EARTHLOCK,0.0,"Adventure, Indie, RPG, Strategy",0
76561198009353718,761830,Mr. Prepper,0.0,"Action, Adventure, Casual, Indie, RPG, Simulation",0
76561198009353718,765880,The Occupation,0.0,"Adventure, Indie",0
76561198009353718,379430,Kingdom Come: Deliverance,0.0,"Action, Adventure, RPG",0
76561198009353718,774361,Blasphemous,0.0,"Action, Adventure, Indie",0
76561198009353718,774861,Project Winter,0.0,"Action, Adventure, Casual, Indie, Strategy",0
76561198009353718,779290,Stygian: Reign of the Old Ones,0.0,"Indie, RPG",0
76561198009353718,787300,Unknown,0.08333333333333333,,0
76561198009353718,790740,Tick Tock: A Tale for Two,2.4833333333333334,"Adventure, Casual, Indie",0
76561198009353718,792220,Paunch,0.0,"Action, Free To Play, Indie, Massively Multiplayer, RPG, Sports",0
76561198009353718,792710,Levelhead: Platformer Maker,0.016666666666666666,"Action, Adventure, Indie, Simulation",0
76561198009353718,488790,South Park™: The Fractured But Whole™,40.71666666666667,RPG,34
76561198009353718,798490,Othercide,0.0,"Indie, Strategy",0
76561198009353718,620590,Ancestors Legacy,0.0,Strategy,0
76561198009353718,802450,NAIRI: Tower of Shirin,0.0,"Adventure, Indie",0
76561198009353718,637090,BATTLETECH,0.0,"Action, Adventure, Strategy",0
76561198009353718,811870,Verlet Swing,0.0,"Action, Indie",0
76561198009353718,812160,Etherborn,0.0,"Adventure, Indie",0
76561198009353718,812550,The King's Bird,0.0,"Action, Indie",0
76561198009353718,813630,Supraland,20.116666666666667,"Action, Adventure, Indie, RPG",52
76561198009353718,815370,Green Hell,11.166666666666666,"Action, Adventure, Indie, Simulation",0
76561198009353718,824000,Hokko Life,0.0,"Adventure, Casual, Indie, RPG, Simulation",0
76561198009353718,826600,I am not a Monster: First Contact,0.11666666666666667,"Indie, Massively Multiplayer, RPG, Strategy",0
76561198009353718,828900,The Stillness of the Wind,0.0,"Adventure, Indie",0
76561198009353718,829590,CryoFall,0.0,"Action, Adventure, Indie, Massively Multiplayer, RPG, Simulation, Strategy",0
76561198009353718,837470,Untitled Goose Game,3.15,"Action, Indie",6
76561198009353718,844050,Desert Child,0.0,"Action, Indie, Racing, RPG, Simulation",0
76561198009353718,844260,Rustler (Grand Theft Horse),0.0,"Action, Adventure, Indie, Racing, RPG",0
76561198009353718,846470,Moss,0.0,"Action, Adventure, Casual, Indie",0
76561198009353718,846870,Yooka-Laylee and the Impossible Lair,0.0,"Adventure, Indie",0
76561198009353718,750920,Shadow of the Tomb Raider: Definitive Edition,17.55,"Action, Adventure",38
76561198009353718,858820,Tribes of Midgard,0.0,"Action, Adventure, Indie, RPG",0
76561198009353718,865360,We Were Here Together,15.033333333333333,"Adventure, Casual, Indie",22
76561198009353718,863550,HITMAN™ 2,28.166666666666668,Action,24
76561198009353718,866800,The Walking Dead: The Final Season,9.733333333333333,Adventure,32
76561198009353718,871420,Lovecraft's Untold Stories,0.0,"Action, Adventure, Indie, RPG",0
76561198009353718,874260,The Forgotten City,0.08333333333333333,"Adventure, Indie, RPG",0
76561198009353718,351100,Niffelheim,0.0,"Action, Adventure, Indie, RPG, Simulation",0
76561198009353718,480490,Prey,23.683333333333334,"Action, Adventure",29
76561198009353718,741820,Prey: Typhon Hunter,0.0,Action,0
76561198009353718,310950,Street Fighter V,0.0,Action,0
76561198009353718,882100,XCOM®: Chimera Squad,0.0,Strategy,0
76561198009353718,883710,Resident Evil 2,5.683333333333334,Action,22
76561198009353718,790820,Valkyria Chronicles 4 Complete Edition,0.0,"Action, RPG, Strategy",0
76561198009353718,892970,Valheim,96.55,"Action, Adventure, Indie, RPG, Early Access",0
76561198009353718,535930,Two Point Hospital,0.0,"Indie, Simulation",0
76561198009353718,714010,Aimlabs,0.15,"Action, Adventure, Casual, Indie, Simulation, Free To Play",2
76561198009353718,893680,Project Warlock,0.0,"Action, Indie",0
76561198009353718,897030,Paratopic,0.0,"Adventure, Indie",0
76561198009353718,897450,The Survivalists,0.7166666666666667,"Action, Adventure, Casual, Indie",11
76561198009353718,898650,The Shapeshifting Detective,0.0,"Adventure, Indie",0
76561198009353718,900040,ELEX II,0.0,"Action, Adventure, RPG",0
76561198009353718,903950,Last Oasis,0.0,"Action, Adventure, Indie, Massively Multiplayer, RPG, Early Access",0
76561198009353718,904360,Family Man,0.0,"Adventure, RPG",0
76561198009353718,905340,Heave Ho,0.0,"Adventure, Indie",0
76561198009353718,559100,Phantom Doctrine,0.0,"Action, RPG, Strategy",0
76561198009353718,324510,Boundless,0.0,"Action, Adventure, Indie, Massively Multiplayer, RPG",0
76561198009353718,914010,Train Station Renovation,0.0,"Casual, Indie, Simulation",0
76561198009353718,673880,"Warhammer 40,000: Mechanicus",0.0,Strategy,0
76561198009353718,919410,Felix The Reaper,0.0,"Adventure, Indie",0
76561198009353718,924140,Hand Simulator: Survival,10.983333333333333,"Action, Adventure, Indie, Massively Multiplayer, RPG, Simulation",7
76561198009353718,356650,Death's Gambit: Afterlife,0.0,"Action, Adventure, Indie, RPG",0
76561198009353718,924970,Back 4 Blood,0.0,Action,0
76561198009353718,640820,Pathfinder: Kingmaker — Enhanced Plus Edition,0.0,"Adventure, RPG",0
76561198009353718,927270,Accounting+,1.3833333333333333,"Action, Adventure, Casual, Indie, Simulation",5
76561198009353718,928600,Unknown,0.0,,0
76561198009353718,532210,Life is Strange 2,0.0,Adventure,0
76561198009353718,933820,Endzone - A World Apart,0.0,"Indie, Simulation, Strategy",0
76561198009353718,934780,American Fugitive,0.0,"Action, Adventure, Indie",0
76561198009353718,951940,Almost There: The Platformer,0.0,"Action, Casual, Indie, Strategy",0
76561198009353718,960420,Hello Neighbor: Hide and Seek,0.0,"Action, Adventure",0
76561198009353718,965680,Boomerang Fu,0.0,"Action, Casual, Indie",0
76561198009353718,970960,Rebel Cops,0.0,Strategy,0
76561198009353718,973760,Thronebreaker: The Witcher Tales,0.0,"Adventure, RPG",0
76561198009353718,973810,Journey To The Savage Planet,6.4,"Action, Adventure",22
76561198009353718,703880,Swords and Soldiers 2 Shawarmageddon,0.0,"Action, Indie, Strategy",0
76561198009353718,976700,Size Matters,0.0,"Action, Adventure, Casual, Indie, Racing, Simulation",0
76561198009353718,978300,Saints Row®: The Third™ Remastered,16.95,"Action, Adventure",20
76561198009353718,979070,Just Die Already,1.1666666666666667,"Adventure, Indie, Simulation",1
76561198009353718,979640,Cepheus Protocol,0.0,"Action, Adventure, Indie, Simulation, Strategy, Early Access",0
76561198009353718,396900,GRIP: Combat Racing,0.0,"Action, Indie, Racing",0
76561198009353718,984800,Automachef,0.0,"Indie, Simulation",0
76561198009353718,987400,Disney's Hercules,1.4333333333333333,Action,0
76561198009353718,987840,Expeditions: Rome,0.0,"RPG, Strategy",0
76561198009353718,893180,Catherine Classic,0.0,Adventure,0
76561198009353718,994220,NEOVERSE,0.0,"Action, Adventure, Casual, Indie, RPG, Strategy",0
76561198009353718,996580,Spyro™ Reignited Trilogy,3.05,"Action, Adventure",10
76561198009353718,449960,Book of Demons,0.0,"Action, Adventure, Casual, Indie, RPG",0
76561198009353718,996770,Moving Out,0.0,"Action, Casual, Indie, Simulation",0
76561198009353718,412020,Metro Exodus,0.016666666666666666,Action,0
76561198009353718,1449560,Metro Exodus,36.8,Action,20
76561198009353718,1000030,"Cook, Serve, Delicious! 3?!",0.0,"Action, Indie, Simulation, Strategy",0
76561198009353718,1003090,Through the Darkest of Times,0.0,"Adventure, Indie, Simulation, Strategy",0
76561198009353718,552520,Far Cry® 5,40.95,"Action, Adventure",0
76561198009353718,939960,Far Cry® New Dawn,30.35,"Action, Adventure",0
76561198009353718,1020470,Evoland Legendary Edition,0.0,"Action, Adventure, Casual, Indie, RPG",0
76561198009353718,718850,Age of Wonders: Planetfall,0.0,Strategy,0
76561198009353718,752590,A Plague Tale: Innocence,10.766666666666667,"Action, Adventure",20
76561198009353718,1026420,WARSAW RISING: City of Heroes,0.0,"Indie, RPG, Free To Play",0
76561198009353718,1027820,Hand Simulator: Horror,2.683333333333333,"Action, Adventure, Indie, Massively Multiplayer, Simulation",0
76561198009353718,690790,DiRT Rally 2.0,0.0,"Racing, Simulation, Sports",0
76561198009353718,1037020,ScourgeBringer,0.0,"Action, Adventure, Indie",0
76561198009353718,244450,Men of War: Assault Squad 2,0.0,"Action, Simulation, Strategy",0
76561198009353718,1049410,Superliminal,1.9333333333333333,"Action, Adventure",4
76561198009353718,794260,Outward Definitive Edition,1.7166666666666666,RPG,7
76561198009353718,1051200,Trover Saves the Universe,7.466666666666667,"Action, Adventure, Indie",12
76561198009353718,1053680,Granny Simulator,2.4833333333333334,"Casual, Indie, Simulation, Early Access",0
76561198009353718,1054430,Fling to the Finish,0.0,"Action, Casual, Indie, Racing",0
76561198009353718,1058020,"STAR WARS™ Battlefront (Classic, 2004)",0.05,Action,0
76561198009353718,1058650,Beyond The Wire,0.0,"Action, Indie, Massively Multiplayer, Simulation, Strategy",0
76561198009353718,1061880,Conan Chop Chop,0.0,"Action, Adventure, Indie",0
76561198009353718,1061910,Metal: Hellsinger,0.0,"Action, Adventure",0
76561198009353718,1063310,Vane,0.23333333333333334,"Action, Adventure, Casual, Indie",1
76561198009353718,418460,Rising Storm 2: Vietnam,0.0,"Action, Massively Multiplayer, Simulation, Strategy",0
76561198009353718,737230,Unknown,0.0,,0
76561198009353718,1075200,TOHU,0.0,"Adventure, Indie",0
76561198009353718,1085220,Figment 2: Creed Valley,0.0,"Action, Adventure, Casual, Indie",0
76561198009353718,1086010,198X,0.0,Indie,0
76561198009353718,1087760,The Gunk,0.0,"Action, Adventure",0
76561198009353718,1088790,Rebel Inc: Escalation,0.0,"Casual, Indie, Simulation, Strategy",0
76561198009353718,1089980,The Henry Stickmin Collection,0.6,"Adventure, Casual, Indie",6
76561198009353718,1091500,Cyberpunk 2077,111.56666666666666,RPG,44
76561198009353718,843260,The Bard's Tale Trilogy,0.0,RPG,0
76561198009353718,1091980,The Bard's Tale IV: Director's Cut,0.0,RPG,0
76561198009353718,1096410,Vampire: The Masquerade - Coteries of New York,0.0,Indie,0
76561198009353718,1104330,Founders' Fortune,0.0,"Indie, Simulation, Strategy",0
76561198009353718,1104660,MO:Astray,0.0,"Action, Adventure, Indie",0
76561198009353718,1116580,Shady Part of Me,0.0,Indie,0
76561198009353718,1119700,As Far As The Eye,0.0,"Indie, Simulation, Strategy",0
76561198009353718,1127610,Iris and the Giant,0.0,"Indie, RPG, Strategy",0
76561198009353718,1130410,Cyber Hook,0.0,"Action, Indie",0
76561198009353718,307110,We Need To Go Deeper,0.0,"Action, Indie, Simulation",0
76561198009353718,1140270,Monster Prom 2: Monster Camp,3.566666666666667,"Indie, Simulation",0
76561198009353718,1142500,Fun with Ragdolls: The Game,0.0,"Action, Indie, Simulation",0
76561198009353718,1144030,Pesterquest,0.0,"Adventure, Indie, RPG",0
76561198009353718,1144200,Ready or Not,48.416666666666664,"Action, Adventure, Indie",6
76561198009353718,1149460,ICARUS,56.93333333333333,"Action, Adventure, Simulation",6
76561198009353718,690640,Trine 4: The Nightmare Prince,15.033333333333333,"Action, Adventure, Indie",22
76561198009353718,1158160,Coral Island,0.0,"Adventure, Casual, Indie, RPG, Simulation, Strategy",0
76561198009353718,1162700,Midnight Protocol,0.0,"Action, Adventure, Indie, RPG, Strategy",0
76561198009353718,1167630,Teardown,13.55,"Action, Indie, Simulation, Strategy",0
76561198009353718,703860,GRID,0.0,"Action, Casual, Racing, Simulation, Sports",0
76561198009353718,1168880,MOLEK-SYNTEZ,0.0,"Indie, Simulation",0
76561198009353718,1170080,Foretales,0.0,Adventure,0
76561198009353718,1172450,Carto,0.0,"Adventure, Casual, Indie, RPG",0
76561198009353718,1172620,Sea of Thieves: 2025 Edition,155.43333333333334,"Action, Adventure",96
76561198009353718,1172380,STAR WARS Jedi: Fallen Order™,14.433333333333334,"Action, Adventure",20
76561198009353718,1175460,Revita,0.0,"Action, Adventure, Indie, RPG",0
76561198009353718,1184160,RUSSIAPHOBIA,0.23333333333333334,"Action, Adventure, Casual, Indie, Massively Multiplayer, RPG, Simulation, Strategy",2
76561198009353718,1184370,Pathfinder: Wrath of the Righteous - Enhanced Edition,0.0,"Action, Adventure, Indie, RPG, Strategy",0
76561198009353718,505230,Pathologic 2,0.0,"Adventure, Indie, RPG",0
76561198009353718,1194630,The Dark Pictures Anthology: Little Hope,4.133333333333334,Adventure,5
76561198009353718,1537710,Unknown,0.0,,0
76561198009353718,1174180,Red Dead Redemption 2,3.7666666666666666,"Action, Adventure",25
76561198009353718,1045720,The Coma 2: Vicious Sisters,0.0,"Action, Adventure, Indie",0
76561198009353718,1202130,Starship Troopers: Terran Command,0.0,Strategy,0
76561198009353718,1210150,Ageless,0.0,"Adventure, Indie",0
76561198009353718,1220150,Blue Fire,0.0,"Action, Adventure, Indie",0
76561198009353718,1793350,Blue Fire: Void Maker,0.0,"Indie, Free To Play",0
76561198009353718,1227530,Partisans 1941,0.0,"Indie, Strategy",0
76561198009353718,397540,Borderlands 3,343.03333333333336,"Action, RPG",74
76561198009353718,1239690,Retrowave,0.0,"Action, Casual, Indie, Racing, Simulation",0
76561198009353718,1238840,Battlefield™ 1,0.0,"Action, Massively Multiplayer",0
76561198009353718,1252830,A Juggler's Tale,0.0,"Action, Adventure, Indie",0
76561198009353718,952060,Resident Evil 3,3.1166666666666667,Action,17
76561198009353718,952070,RESIDENT EVIL RESISTANCE,0.0,Action,0
76561198009353718,1266030,The Pale Beyond,0.0,"Adventure, Indie, RPG, Simulation, Strategy",0
76561198009353718,1269300,This Means Warp,4.433333333333334,"Action, Casual, Indie, Strategy",21
76561198009353718,1272010,Destroyer: The U-Boat Hunter,0.0,"Action, Adventure, Indie, Simulation",0
76561198009353718,1272160,The Life and Suffering of Sir Brante,0.0,"Adventure, Indie, RPG, Simulation, Strategy",0
76561198009353718,203160,Tomb Raider,0.0,"Action, Adventure",0
76561198009353718,1274570,DEVOUR,5.116666666666666,Indie,18
76561198009353718,1280930,Astral Ascent,0.0,"Action, Adventure, Indie",0
76561198009353718,1281590,The Dark Pictures Anthology: House of Ashes,4.516666666666667,Adventure,4
76561198009353718,1775270,The Dark Pictures Anthology: House of Ashes - Friend's Pass,0.0,"Action, Adventure",0
76561198009353718,1282150,SpongeBob SquarePants: The Cosmic Shake,0.0,Action,0
76561198009353718,38400,Fallout: A Post Nuclear Role Playing Game,0.0,RPG,0
76561198009353718,38410,Fallout 2: A Post Nuclear Role Playing Game,0.0,RPG,0
76561198009353718,38420,Fallout Tactics: Brotherhood of Steel,0.0,Strategy,0
76561198009353718,1151340,Fallout 76,678.6,RPG,60
76561198009353718,1287530,Lords and Villeins,0.0,"Indie, Simulation, Strategy",0
76561198009353718,1287840,Disciples: Liberation,0.0,"RPG, Strategy",0
76561198009353718,1295500,"Warhammer 40,000: Battlesector",0.0,Strategy,0
76561198009353718,1298140,Fobia - St. Dinfna Hotel,0.0,Indie,0
76561198009353718,1301720,Escape Room - Der kranke Kollege,2.2666666666666666,"Adventure, Casual, Free To Play",13
76561198009353718,1302240,Labyrinthine,8.883333333333333,"Action, Adventure, Indie",7
76561198009353718,1304680,Voidigo,0.0,"Action, Adventure, Indie",0
76561198009353718,1306970,Diluvian Ultra,0.0,"Action, Indie",0
76561198009353718,1311070,Greak: Memories of Azur,0.0,"Action, Adventure, Indie",0
76561198009353718,1312960,Epic Chef,0.0,"Adventure, Indie, RPG, Simulation",0
76561198009353718,1316700,Escape from Kyoto House,1.4833333333333334,"Adventure, Indie",0
76561198009353718,1030840,Mafia: Definitive Edition,0.7333333333333333,"Action, Adventure",4
76561198009353718,1326470,Sons Of The Forest,22.783333333333335,"Action, Adventure, Indie, Simulation",11
76561198009353718,1331910,Morkredd,0.11666666666666667,Indie,1
76561198009353718,1335790,Operation: Tango,3.6666666666666665,"Adventure, Casual",8
76561198009353718,544610,Battlestar Galactica Deadlock,0.0,Strategy,0
76561198009353718,1341290,We Were Here Forever,11.066666666666666,"Adventure, Casual, Indie",30
76561198009353718,826630,Iron Harvest,0.0,Strategy,0
76561198009353718,1342620,Werewolf: The Apocalypse — Heart of the Forest,0.0,"Adventure, Indie, RPG",0
76561198009353718,1343370,Old School RuneScape,0.3,"Adventure, Massively Multiplayer, RPG, Free To Play",2
76561198009353718,1343400,RuneScape ®,2.3333333333333335,"Massively Multiplayer, RPG, Free To Play",12
76561198009353718,1353270,Five Dates,0.0,Adventure,0
76561198009353718,1361000,In Silence,1.6666666666666667,Action,6
76561198009353718,1363770,Escape Quest,0.5666666666666667,Indie,0
76561198009353718,1364100,Lacuna – A Sci-Fi Noir Adventure,0.0,"Adventure, Indie",0
76561198009353718,826940,Maid of Sker,0.0,"Action, Adventure, Indie",0
76561198009353718,1379200,Escape from Skull Dungeon,1.2333333333333334,"Adventure, Indie",0
76561198009353718,1380420,Grow: Song of the Evertree,0.0,"Action, Adventure, Casual",0
76561198009353718,941570,Relicta,0.0,"Action, Adventure, Indie",0
76561198009353718,1390410,Midnight Fight Express,0.0,"Action, Indie",0
76561198009353718,1142100,WWE 2K BATTLEGROUNDS,0.0,"Action, Sports",0
76561198009353718,1190460,Unknown,43.35,,45
76561198009353718,1409200,HYPERVIOLENT,0.0,"Action, Indie, Early Access",0
76561198009353718,1432050,Nobody Saves the World,0.0,"Action, Adventure, Indie, RPG",0
76561198009353718,1434540,Zoeti,0.0,"Adventure, Indie, Strategy",0
76561198009353718,1435790,Escape Simulator,13.1,"Adventure, Casual, Indie, Simulation",9
76561198009353718,1436700,Trine 5: A Clockwork Conspiracy,17.1,"Action, Adventure, Indie, RPG",28
76561198009353718,1453790,The Serpent Rogue,0.0,"Action, Adventure, Indie, RPG",0
76561198009353718,1467920,A Guidebook of Babel,0.0,"Adventure, Indie",0
76561198009353718,1496790,Gotham Knights,1.55,"Action, Adventure, RPG",1
76561198009353718,1509820,Cloud Climber,0.11666666666666667,"Adventure, Casual, Indie, Free To Play",0
76561198009353718,1511460,InfraSpace,0.0,"Indie, Simulation, Strategy",0
76561198009353718,1511780,Last Call BBS,0.0,"Indie, Simulation",0
76561198009353718,609920,Hotshot Racing,0.0,"Action, Indie, Racing",0
76561198009353718,1013310,Peaky Blinders: Mastermind,0.0,"Adventure, Indie, Strategy",0
76561198009353718,1522870,Supraland Six Inches Under,18.216666666666665,Adventure,47
76561198009353718,1532690,BLACKTAIL,0.0,"Action, Adventure, RPG",0
76561198009353718,616560,Ultimate Epic Battle Simulator,0.9166666666666666,"Action, Adventure, Indie, Simulation, Strategy",0
76561198009353718,870780,Control Ultimate Edition,19.216666666666665,"Action, Adventure",47
76561198009353718,1562420,FOREWARNED,8.133333333333333,"Action, Adventure, Indie",5
76561198009353718,1571440,Lunch Lady,2.0166666666666666,"Action, Adventure, Indie",19
76561198009353718,1577320,Somewhere in the Shadow,1.05,"Adventure, Indie, Massively Multiplayer",0
76561198009353718,1578650,Citizen Sleeper,0.0,"Adventure, Indie, RPG",0
76561198009353718,1583230,High On Life,0.0,"Action, Adventure",0
76561198009353718,1592110,Spirit of the Island,0.0,"Action, Adventure, Casual, Indie, RPG, Simulation, Strategy",0
76561198009353718,1593500,God of War,0.13333333333333333,"Action, Adventure, RPG",0
76561198009353718,1602080,Soulstice,0.0,"Action, Adventure",0
76561198009353718,1196590,Resident Evil Village,15.566666666666666,Action,27
76561198009353718,1236300,Resident Evil Re:Verse,0.0,Action,0
76561198009353718,1627840,Universe For Sale,0.0,"Adventure, Casual, Indie",0
76561198009353718,1628130,Who Pressed Mute on Uncle Marcus?,0.0,Adventure,0
76561198009353718,1644490,Occult,4.566666666666666,"Action, Adventure, Indie, Massively Multiplayer",10
76561198009353718,1649010,Miasma Chronicles,0.0,"Action, Strategy",0
76561198009353718,424840,Little Nightmares,0.13333333333333333,Adventure,4
76561198009353718,1701520,Afterimage,0.0,"Action, Adventure, Indie",0
76561198009353718,1703340,The Stanley Parable: Ultra Deluxe,11.55,"Adventure, Casual, Indie",10
76561198009353718,1240440,Halo Infinite,1.8333333333333333,"Action, Free To Play",1
76561198009353718,921800,Encased: A Sci-Fi Post-Apocalyptic RPG,0.0,"Adventure, Indie, RPG, Strategy",0
76561198009353718,1252330,DEATHLOOP,21.516666666666666,Action,31
76561198009353718,1755830,Astrea: Six-Sided Oracles,0.0,"Casual, Indie, Strategy",0
76561198009353718,1782210,Crab Game,2.533333333333333,"Action, Casual, Free To Play, Indie, Racing",0
76561198009353718,1815570,Aces & Adventures,0.0,"Adventure, RPG, Strategy",0
76561198009353718,1843090,[Chilla's Art] The Closing Shift | 閉店事件,1.8833333333333333,"Action, Adventure, Casual, Indie, Simulation, Strategy",0
76561198009353718,1868140,DAVE THE DIVER,31.133333333333333,"Adventure, Casual, RPG, Simulation",37
76561198009353718,1190170,OlliOlli World,0.0,"Action, Indie, Sports",0
76561198009353718,920210,LEGO® Star Wars™: The Skywalker Saga,49.11666666666667,"Action, Adventure",23
76561198009353718,1920780,Stray Gods: The Roleplaying Musical,0.0,Adventure,0
76561198009353718,1943950,Escape the Backrooms,7.533333333333333,"Indie, Early Access",1
76561198009353718,1966720,Lethal Company,34.31666666666667,"Action, Adventure, Indie, Early Access",0
76561198009353718,1987080,Inside the Backrooms,10.733333333333333,"Adventure, Indie, Early Access",14
76561198009353718,1151050,Golf Gang,0.0,"Action, Casual, Racing, Sports",0
76561198009353718,2001120,Split Fiction,13.283333333333333,"Action, Adventure",11
76561198009353718,1577120,The Quarry,3.433333333333333,Adventure,8
76561198009353718,1907720,Autonauts vs Piratebots,0.0,"Casual, Indie, Simulation, Strategy",0
76561198009353718,1286680,Tiny Tina's Wonderlands,53.68333333333333,"Action, Adventure, RPG",44
76561198009353718,1502190,From Space,0.0,"Action, Indie",0
76561198009353718,1454970,New Tales from the Borderlands,0.0,Adventure,0
76561198009353718,2138710,Sifu,0.0,"Action, Indie",0
76561198009353718,2141730,Backrooms: Escape Together,7.25,"Action, Adventure, Casual, Indie, Early Access",7
76561198009353718,797400,Railroad Corporation,0.0,"Simulation, Strategy",0
76561198009353718,1182900,A Plague Tale: Requiem,0.0,"Action, Adventure",0
76561198009353718,2181610,Heretic's Fork,0.0,"Action, Strategy",0
76561198009353718,2229830,Command & Conquer™ and The Covert Operations™,0.0,"Action, Strategy",0
76561198009353718,2229840,"Command & Conquer Red Alert™, Counterstrike™ and The Aftermath™",0.0,"Action, RPG, Strategy",0
76561198009353718,2229850,Command & Conquer Red Alert™ 2 and Yuri’s Revenge™,0.8666666666666667,"Action, Strategy",0
76561198009353718,2229870,Command & Conquer™ Generals,0.7333333333333333,"Action, Strategy",0
76561198009353718,2229880,Command & Conquer™ Tiberian Sun™ and Firestorm™,0.0,"Action, Strategy",0
76561198009353718,2229890,Command & Conquer Renegade™,0.4666666666666667,"Action, Adventure, Strategy",0
76561198009353718,990080,Hogwarts Legacy,54.18333333333333,"Action, Adventure, RPG",35
76561198009353718,2296990,We Were Here Expeditions: The FriendShip,1.6166666666666667,"Adventure, Casual, Indie",8
76561198009353718,2303350,Sticky Business,0.0,"Casual, Simulation",0
76561198009353718,1888930,The Last of Us™ Part I,8.866666666666667,"Action, Adventure",12
76561198009353718,1347970,Patch Quest,0.0,"Action, Adventure, Indie",0
76561198009353718,1324130,Stranded: Alien Dawn,0.0,"Simulation, Strategy",0
76561198009353718,1580520,Lost Eidolons,0.0,"Casual, Indie, RPG, Strategy",0
76561198009353718,820520,Deceive Inc.,0.0,"Action, Indie, Strategy",0
76561198009353718,1549970,Aliens: Fireteam Elite,1.9166666666666667,"Action, RPG",4
76561198009353718,1451810,LEGO® 2K Drive,0.0,Racing,0
76561198009353718,1088850,Marvel's Guardians of the Galaxy,0.0,"Action, Adventure",0
76561198009353718,1143810,Black Skylands,0.0,"Action, Adventure, Indie, RPG",0
76561198009353718,742420,Saints Row,15.2,"Action, Adventure",17
76561198009353718,1844380,Warhammer Age of Sigmar: Realms of Ruin,0.0,"Action, Strategy",0
76561198009353718,2567870,Chained Together,3.4833333333333334,"Adventure, Casual, Indie, Simulation",13
76561198009353718,837880,You Suck at Parking® - Complete Edition,0.0,"Action, Indie, Racing, Sports",0
76561198009353718,2668510,Red Dead Redemption,21.533333333333335,Action,17
76561198009353718,1659040,HITMAN World of Assassination,0.0,"Action, Adventure",0
76561198009353718,2732960,Command & Conquer™ Generals Zero Hour,0.0,"Action, Adventure, RPG, Strategy, Free To Play",0
76561198009353718,1325200,Nioh 2 – The Complete Edition,0.0,"Action, RPG",0
76561198009353718,2881650,Content Warning,2.45,"Action, Adventure, Indie",0
76561198009353718,2144740,Ghostrunner 2,0.0,"Action, Adventure, Strategy",0
76561198009353718,3164500,Schedule I,9.683333333333334,"Action, Indie, Simulation, Strategy, Early Access",6
76561198009353718,3241660,R.E.P.O.,5.316666666666666,"Action, Early Access",0
76561198009353718,582660,Black Desert,0.0,"Action, Adventure, Massively Multiplayer, RPG, Simulation, Strategy",0
76561198011803825,240,Counter-Strike: Source,29.6,Action,43
76561198011803825,300,Day of Defeat: Source,5.316666666666666,Action,2
76561198011803825,320,Half-Life 2: Deathmatch,3.716666666666667,Action,0
76561198011803825,20,Team Fortress Classic,0.36666666666666664,Action,0
76561198011803825,50,Half-Life: Opposing Force,3.1666666666666665,Action,0
76561198011803825,70,Half-Life,8.016666666666667,Action,0
76561198011803825,130,Half-Life: Blue Shift,0.0,Action,0
76561198011803825,1200,Red Orchestra: Ostfront 41-45,0.0,Action,0
76561198011803825,1230,Mare Nostrum,0.0,Action,0
76561198011803825,1280,Darkest Hour: Europe '44-'45,0.0,"Action, Simulation",0
76561198011803825,3830,Psychonauts,0.0,Action,0
76561198011803825,4000,Garry's Mod,226.93333333333334,"Casual, Indie, Simulation",8
76561198011803825,220,Half-Life 2,51.93333333333333,Action,31
76561198011803825,360,Half-Life Deathmatch: Source,0.0,Action,0
76561198011803825,400,Portal,41.71666666666667,Action,10
76561198011803825,12110,Grand Theft Auto: Vice City,1.0666666666666667,Action,0
76561198011803825,12240,Unknown,0.0,,0
76561198011803825,12140,Max Payne,2.5833333333333335,Action,0
76561198011803825,12150,Max Payne 2: The Fall of Max Payne,0.016666666666666666,Action,0
76561198011803825,12900,AudioSurf,12.4,Indie,8
76561198011803825,500,Left 4 Dead,315.75,Action,62
76561198011803825,12200,Bully: Scholarship Edition,0.0,"Action, Adventure",0
76561198011803825,22300,Fallout 3,5.35,RPG,0
76561198011803825,4500,S.T.A.L.K.E.R.: Shadow of Chernobyl,0.4666666666666667,"Action, RPG",0
76561198011803825,17470,Dead Space (2008),21.266666666666666,"Action, Adventure",0
76561198011803825,24740,Burnout Paradise: The Ultimate Box,2.7333333333333334,Racing,0
76561198011803825,26800,Braid,3.8333333333333335,"Casual, Indie, Strategy",11
76561198011803825,23490,Tropico 3,0.0,"Simulation, Strategy",0
76561198011803825,550,Left 4 Dead 2,228.48333333333332,Action,56
76561198011803825,15500,The Wonderful End of the World,0.0,"Casual, Indie",0
76561198011803825,15520,AaAaAA!!! - A Reckless Disregard for Gravity,1.4166666666666667,"Action, Indie, Sports",1
76561198011803825,10680,Aliens vs. Predator™,1.6,Action,2
76561198011803825,8190,Just Cause 2,0.0,"Action, Adventure",0
76561198011803825,42120,Lead and Gold: Gangs of the Wild West,5.166666666666667,Action,10
76561198011803825,49600,Beat Hazard,7.6,"Action, Casual, Indie",24
76561198011803825,42500,DogFighter,0.6166666666666667,"Action, Indie",0
76561198011803825,33910,ARMA 2,0.016666666666666666,"Action, Simulation, Strategy",0
76561198011803825,33930,Arma 2: Operation Arrowhead,0.06666666666666667,"Action, Simulation, Strategy",0
76561198011803825,17410,Mirror's Edge™,4.416666666666667,"Action, Adventure",0
76561198011803825,22600,Worms Reloaded,10.95,Strategy,4
76561198011803825,9500,Gish,0.1,"Action, Adventure, Indie",0
76561198011803825,22000,World of Goo,0.23333333333333334,Indie,0
76561198011803825,22180,Penumbra Overture,4.316666666666666,"Action, Adventure, Indie",0
76561198011803825,24420,Aquaria,0.0,Indie,0
76561198011803825,25010,Lugaru HD,0.5833333333333334,Action,0
76561198011803825,40720,Samorost 2,0.05,"Adventure, Casual, Indie",0
76561198011803825,45740,Dead Rising® 2,2.566666666666667,"Action, Adventure",0
76561198011803825,62100,Chime,2.2666666666666666,Casual,5
76561198011803825,31280,Poker Night at the Inventory,11.183333333333334,"Casual, Sports",17
76561198011803825,57300,Amnesia: The Dark Descent,2.033333333333333,"Action, Adventure, Indie",0
76561198011803825,8930,Sid Meier's Civilization® V,17.0,Strategy,19
76561198011803825,41000,Serious Sam HD: The First Encounter,1.0166666666666666,"Action, Indie",1
76561198011803825,41010,Unknown,0.0,,0
76561198011803825,41050,Serious Sam Classic: The First Encounter,0.0,"Action, Indie",0
76561198011803825,41060,Serious Sam Classic: The Second Encounter,0.0,"Action, Indie",0
76561198011803825,227780,Serious Sam Classics: Revolution,0.0,"Action, Indie",0
76561198011803825,564310,Serious Sam Fusion 2017 (beta),0.0,"Action, Indie",0
76561198011803825,67000,The Polynomial - Space of the music,1.4166666666666667,"Action, Casual, Indie",4
76561198011803825,22380,Fallout: New Vegas,3.0833333333333335,"Action, RPG",1
76561198011803825,12210,Grand Theft Auto IV: The Complete Edition,2.4166666666666665,"Action, Adventure",0
76561198011803825,63700,BIT.TRIP BEAT,7.133333333333334,"Action, Casual, Indie",15
76561198011803825,61600,Zen Bound 2,1.3666666666666667,"Indie, Casual",2
76561198011803825,40800,Super Meat Boy,25.383333333333333,Indie,10
76561198011803825,1250,Killing Floor,51.46666666666667,Action,50
76561198011803825,35420,Defence Alliance 2,0.0,Action,0
76561198011803825,29180,Osmos,0.0,"Casual, Indie",0
76561198011803825,40700,Machinarium,0.0,"Adventure, Indie",0
76561198011803825,93200,Revenge of the Titans,0.0,"Action, Indie, Strategy",0
76561198011803825,47780,Dead Space™ 2,38.666666666666664,"Action, Adventure",0
76561198011803825,21100,F.E.A.R. 3,0.0,Action,0
76561198011803825,63200,Monday Night Combat,10.533333333333333,"Action, Strategy, Indie, Sports",14
76561198011803825,620,Portal 2,36.55,"Action, Adventure",39
76561198011803825,2500,Shadowgrounds,0.0,Action,0
76561198011803825,11200,Shadowgrounds Survivor,0.0,Action,0
76561198011803825,35700,Trine Enchanted Edition,7.083333333333333,"Action, Adventure, Indie",5
76561198011803825,63710,BIT.TRIP RUNNER,7.75,"Action, Indie",14
76561198011803825,70000,Dino D-Day,0.0,"Action, Indie",0
76561198011803825,42910,Magicka,13.4,"Action, RPG",25
76561198011803825,20920,The Witcher 2: Assassins of Kings Enhanced Edition,0.0,RPG,0
76561198011803825,105600,Terraria,2.5166666666666666,"Action, Adventure, Indie, RPG",8
76561198011803825,104600,Portal 2 - The Final Hours,1.2,,0
76561198011803825,91700,E.Y.E: Divine Cybermancy,0.0,"Action, Indie, RPG",0
76561198011803825,21090,F.E.A.R.,0.8,Action,0
76561198011803825,21110,F.E.A.R.,0.0,Action,0
76561198011803825,21120,F.E.A.R.,0.0,Action,0
76561198011803825,16450,F.E.A.R. 2: Project Origin,0.0,Action,0
76561198011803825,18700,And Yet It Moves,0.4,"Action, Indie",4
76561198011803825,26500,Cogs,0.0,"Indie, Casual",0
76561198011803825,26900,Crayon Physics Deluxe,0.05,"Casual, Indie",0
76561198011803825,41100,Hammerfight,0.0,"Action, Indie",0
76561198011803825,55040,Atom Zombie Smasher,0.8666666666666667,"Indie, Strategy",3
76561198011803825,70300,VVVVVV,7.216666666666667,"Action, Indie",2
76561198011803825,96200,Steel Storm: Burning Retribution,0.0,"Action, Indie",0
76561198011803825,35450,Red Orchestra 2: Heroes of Stalingrad with Rising Storm,0.31666666666666665,"Action, Massively Multiplayer, Simulation",1
76561198011803825,236830,Unknown,0.0,,0
76561198011803825,48000,LIMBO,1.8666666666666667,"Action, Adventure, Indie",1
76561198011803825,32800,Lord of the Rings: War in the North,0.0,"Action, RPG",0
76561198011803825,107100,Bastion,7.833333333333333,"Action, Indie, RPG",8
76561198011803825,70600,Worms Ultimate Mayhem,2.1666666666666665,Strategy,0
76561198011803825,102840,Shank 2,0.0,"Action, Adventure, Indie",1
76561198011803825,55230,Saints Row: The Third,6.916666666666667,Action,8
76561198011803825,71340,Sonic Generations Collection,4.866666666666666,Action,15
76561198011803825,110800,L.A. Noire,8.633333333333333,"Adventure, Strategy",10
76561198011803825,38700,Toki Tori,0.0,"Casual, Indie",0
76561198011803825,38720,RUSH,0.9333333333333333,"Casual, Indie, Strategy",4
76561198011803825,38740,EDGE,3.6333333333333333,"Action, Indie",14
76561198011803825,35720,Trine 2: Complete Story,1.3333333333333333,"Action, Adventure, Indie",4
76561198011803825,203810,Dear Esther,1.3166666666666667,"Adventure, Casual, Indie",0
76561198011803825,520720,Dear Esther: Landmark Edition,0.0,"Adventure, Casual, Indie, Free To Play",0
76561198011803825,1510,Uplink,0.16666666666666666,"Indie, Strategy",0
76561198011803825,65300,Dustforce DX,0.36666666666666664,"Action, Indie",0
76561198011803825,207170,Legend of Grimrock,0.6666666666666666,"Adventure, Indie, RPG",0
76561198011803825,207570,English Country Tune,0.21666666666666667,"Indie, Casual",0
76561198011803825,108710,Alan Wake,1.8666666666666667,"Action, Adventure",6
76561198011803825,204060,Superbrothers: Sword & Sworcery EP,0.0,"Adventure, Indie",0
76561198011803825,207610,The Walking Dead,30.333333333333332,Adventure,47
76561198011803825,205350,Mortal Kombat Kollection,0.0,Action,0
76561198011803825,211360,Offspring Fling!,0.016666666666666666,"Adventure, Indie",0
76561198011803825,200260,Batman: Arkham City - Game of the Year Edition,0.0,"Action, Adventure",0
76561198011803825,212680,FTL: Faster Than Light,1.1833333333333333,"Indie, Simulation, Strategy",0
76561198011803825,202750,Alan Wake's American Nightmare,0.0,"Action, Adventure",0
76561198011803825,108800,Crysis 2 - Maximum Edition,0.0,Action,0
76561198011803825,204100,Max Payne 3,46.6,Action,25
76561198011803825,207080,Indie Game: The Movie,0.0,Indie,0
76561198011803825,210170,Spirits,0.0,"Action, Indie, Strategy",0
76561198011803825,50300,Spec Ops: The Line,3.0833333333333335,"Action, Adventure",15
76561198011803825,206440,To the Moon,0.1,"Adventure, Indie, RPG",0
76561198011803825,211420,DARK SOULS™: Prepare To Die™ Edition,98.83333333333333,"Action, RPG",21
76561198011803825,35140,Batman: Arkham Asylum Game of the Year Edition,0.0,"Action, Adventure",0
76561198011803825,113200,The Binding of Isaac,12.016666666666667,"Action, Adventure, Indie, RPG",15
76561198011803825,207650,A Virus Named TOM,0.0,"Action, Indie, Strategy",0
76561198011803825,204220,Snapshot,0.5,"Adventure, Casual, Indie",4
76561198011803825,209080,Guns of Icarus Online,0.0,"Action, Adventure, Indie, Simulation",0
76561198011803825,730,Counter-Strike 2,39.53333333333333,"Action, Free To Play",1
76561198011803825,214790,The Basement Collection,0.6833333333333333,"Adventure, Indie, Strategy",3
76561198011803825,215670,Home,1.0666666666666667,"Adventure, Indie",0
76561198011803825,72000,Closure,0.13333333333333333,Indie,0
76561198011803825,204360,Castle Crashers®,2.05,"Action, Adventure, Casual, Indie, RPG",0
76561198011803825,220860,McPixel,0.7,"Action, Adventure, Indie",0
76561198011803825,49520,Borderlands 2,40.083333333333336,"Action, RPG",33
76561198011803825,221260,Little Inferno,7.133333333333334,"Adventure, Casual, Indie",9
76561198011803825,200710,Torchlight II,0.38333333333333336,"Action, Adventure, Indie, RPG",2
76561198011803825,214560,Mark of the Ninja,1.7333333333333334,"Action, Adventure, Indie",5
76561198011803825,218680,Scribblenauts Unlimited,0.3,"Adventure, Casual, Strategy",3
76561198011803825,219150,Hotline Miami,12.466666666666667,"Action, Indie",24
76561198011803825,218740,Pid,0.0,"Adventure, Indie",0
76561198011803825,220240,Far Cry 3,10.15,"Action, Adventure",0
76561198011803825,220780,Thomas Was Alone,4.466666666666667,Indie,32
76561198011803825,221640,Super Hexagon,0.4,"Action, Indie",1
76561198011803825,4560,Company of Heroes - Legacy Edition,0.0,"Action, Strategy",0
76561198011803825,9340,Company of Heroes: Opposing Fronts,0.0,"Action, Strategy",0
76561198011803825,20540,Company of Heroes: Tales of Valor,0.0,Strategy,0
76561198011803825,43110,Metro 2033,1.95,Action,2
76561198011803825,50620,Darksiders™,1.0666666666666667,"Action, Adventure",4
76561198011803825,55110,Red Faction®: Armageddon™,0.0,Action,1
76561198011803825,228200,Company of Heroes,0.0,"Action, Strategy",0
76561198011803825,462780,Darksiders Warmastered Edition,0.0,"Action, Adventure, RPG",0
76561198011803825,2280,DOOM + DOOM II,2.8666666666666667,Action,2
76561198011803825,2290,Final DOOM,0.0,Action,0
76561198011803825,2300,DOOM II,0.16666666666666666,Action,0
76561198011803825,9160,Master Levels for Doom II,0.0,Action,0
76561198011803825,65800,Dungeon Defenders,0.5,"Action, Indie, RPG, Strategy",0
76561198011803825,200900,Cave Story+,0.75,"Action, Adventure, Indie",1
76561198011803825,212480,Sonic & All-Stars Racing Transformed Collection,12.7,"Racing, Sports",27
76561198011803825,219680,Proteus,0.5,"Adventure, Casual, Indie",0
76561198011803825,219890,Antichamber,4.95,"Adventure, Indie",0
76561198011803825,223850,3DMark,0.016666666666666666,Utilities,0
76561198011803825,247750,The Stanley Parable Demo,2.55,"Adventure, Indie",0
76561198011803825,224580,Arma II: DayZ Mod,0.13333333333333333,"Action, Simulation, Strategy",0
76561198011803825,224540,Ace of Spades: Battle Builder,1.3833333333333333,"Action, Indie",7
76561198011803825,225260,Brutal Legend,0.0,"Action, Adventure, Strategy",0
76561198011803825,203160,Tomb Raider,2.4166666666666665,"Action, Adventure",2
76561198011803825,221380,Age of Empires II (Retired),16.366666666666667,Strategy,15
76561198011803825,222660,Retro/Grade,1.3833333333333333,"Action, Indie",0
76561198011803825,230050,DLC Quest,0.8166666666666667,Indie,6
76561198011803825,230700,La-Mulana,0.15,"Action, Adventure, Indie",1
76561198011803825,225140,Unknown,0.6666666666666666,,1
76561198011803825,6850,Hitman 2: Silent Assassin,0.0,Action,0
76561198011803825,6860,Hitman: Blood Money,0.016666666666666666,Action,0
76561198011803825,6900,Hitman: Codename 47,0.016666666666666666,Action,0
76561198011803825,203140,Hitman: Absolution™,0.0,Action,0
76561198011803825,205930,Unknown,0.0,,0
76561198011803825,233720,Surgeon Simulator,2.95,"Action, Indie, Simulation",17
76561198011803825,234710,Poker Night 2,3.8833333333333333,"Casual, Sports",8
76561198011803825,113020,Monaco: What's Yours Is Mine,3.0833333333333335,"Action, Adventure, Casual, Indie, Strategy",2
76561198011803825,224760,FEZ,0.0,Indie,0
76561198011803825,234190,Receiver,2.216666666666667,"Action, Indie, Simulation",0
76561198011803825,233270,Far Cry 3 - Blood Dragon,0.06666666666666667,"Action, Adventure",0
76561198011803825,31100,Wallace & Gromit’s Grand Adventures,0.0,"Adventure, Casual",0
76561198011803825,31110,"Wallace & Gromit’s Grand Adventures, Episode 2: The Last Resort",0.0,Adventure,0
76561198011803825,31120,"Wallace & Gromit’s Grand Adventures, Episode 3: Muzzled!",0.0,Adventure,0
76561198011803825,31130,"Wallace & Gromit’s Grand Adventures, Episode 4: The Bogey Man",0.0,Adventure,0
76561198011803825,31220,Sam & Max 301: The Penal Zone,0.48333333333333334,"Action, Adventure",0
76561198011803825,31230,Sam & Max 302: The Tomb of Sammun-Mak,0.0,Adventure,0
76561198011803825,31240,Sam & Max 303: They Stole Max's Brain!,0.0,Adventure,0
76561198011803825,31250,Sam & Max 304: Beyond the Alley of the Dolls,0.0,Adventure,0
76561198011803825,31260,Sam & Max 305: The City That Dares Not Sleep,0.0,Adventure,0
76561198011803825,31270,Puzzle Agent,3.716666666666667,"Action, Adventure, Casual",0
76561198011803825,31290,Back to the Future: The Game,1.85,Adventure,0
76561198011803825,94500,Back to the Future: Ep 2 - Get Tannen!,0.0,,0
76561198011803825,94510,Back to the Future: Ep 3 - Citizen Brown,0.0,,0
76561198011803825,94520,Back to the Future: Ep 4 - Double Visions,0.0,,0
76561198011803825,94530,Back to the Future: Ep 5 - OUTATIME,0.0,,0
76561198011803825,94590,Puzzle Agent 2,0.0,"Action, Adventure, Casual",0
76561198011803825,94600,Hector: Episode 1,0.21666666666666667,"Action, Adventure, Casual",0
76561198011803825,94610,Hector: Episode 2,0.0,"Action, Adventure, Casual, RPG",0
76561198011803825,94620,Hector: Badge of Carnage - Full Series,0.0,"Adventure, Casual",0
76561198011803825,238210,System Shock® 2 (Classic),0.6333333333333333,"Action, RPG",0
76561198011803825,236090,Dust: An Elysian Tail,0.8166666666666667,"Action, Adventure, Indie, RPG",6
76561198011803825,231160,The Swapper,7.35,"Action, Adventure, Indie",0
76561198011803825,241600,Rogue Legacy,1.7833333333333334,"Action, Adventure, Indie, RPG",4
76561198011803825,39140,FINAL FANTASY VII,2.9833333333333334,RPG,5
76561198011803825,246900,Viscera Cleanup Detail,2.3666666666666667,"Indie, Simulation",2
76561198011803825,255520,Viscera Cleanup Detail: Shadow Warrior,0.0,"Indie, Simulation",0
76561198011803825,265210,Viscera Cleanup Detail: Santa's Rampage,0.0,"Gore, Indie, Simulation",0
76561198011803825,214770,Guacamelee! Gold Edition,0.0,"Action, Adventure, Indie",0
76561198011803825,275390,Guacamelee! Super Turbo Championship Edition,0.0,"Action, Adventure, Indie",0
76561198011803825,225080,Brothers - A Tale of Two Sons,3.183333333333333,"Action, Adventure, Indie",4
76561198011803825,239030,"Papers, Please",9.7,"Adventure, Indie",2
76561198011803825,205090,BIT.TRIP FLUX,1.65,"Action, Casual, Indie",10
76561198011803825,248820,Risk of Rain (2013),0.75,"Action, Indie, RPG",2
76561198011803825,239350,Spelunky,0.7333333333333333,Indie,1
76561198011803825,233840,Worms Clan Wars,0.13333333333333333,Strategy,1
76561198011803825,47790,Medal of Honor™,0.0,Action,0
76561198011803825,47830,Medal of Honor™,0.0,Action,0
76561198011803825,239820,Game Dev Tycoon,4.3,"Casual, Indie, Simulation, Strategy",8
76561198011803825,239200,Amnesia: A Machine for Pigs,1.4666666666666666,"Action, Adventure, Indie",0
76561198011803825,250260,Jazzpunk: Director's Cut,1.4666666666666666,"Adventure, Indie",9
76561198011803825,250320,The Wolf Among Us,13.216666666666667,"Action, Adventure, Casual",32
76561198011803825,250760,Shovel Knight: Treasure Trove,5.083333333333333,"Action, Adventure, Indie",3
76561198011803825,4570,"Warhammer 40,000: Dawn of War - Anniversary Edition",0.0,Strategy,0
76561198011803825,4580,"Warhammer® 40,000: Dawn of War® - Dark Crusade",0.0,Strategy,0
76561198011803825,9310,"Warhammer® 40,000: Dawn of War® – Winter Assault",0.0,Strategy,0
76561198011803825,9450,"Warhammer® 40,000: Dawn of War® - Soulstorm",0.0,Strategy,0
76561198011803825,250900,The Binding of Isaac: Rebirth,487.03333333333336,Action,570
76561198011803825,252490,Rust,2.85,"Action, Adventure, Indie, Massively Multiplayer, RPG",0
76561198011803825,252950,Rocket League®,2.9833333333333334,"Action, Indie, Racing, Sports",15
76561198011803825,253030,Race The Sun,2.45,"Action, Indie, Racing",8
76561198011803825,253230,A Hat in Time,1.2,"Adventure, Indie",3
76561198011803825,236450,PAC-MAN™ Championship Edition DX+,0.6,Action,5
76561198011803825,205100,Dishonored,8.2,"Action, Adventure",4
76561198011803825,235800,Audiosurf 2,1.7333333333333334,Indie,3
76561198011803825,221910,The Stanley Parable,3.283333333333333,"Adventure, Indie",7
76561198011803825,261030,The Walking Dead: Season Two,8.716666666666667,Adventure,40
76561198011803825,246580,The Typing of The Dead: Overkill,0.3333333333333333,Action,3
76561198011803825,261570,Ori and the Blind Forest,0.0,Action,0
76561198011803825,262060,Darkest Dungeon®,1.5833333333333333,"Indie, RPG, Strategy",6
76561198011803825,266110,Tower of Guns,0.0,"Action, Indie",0
76561198011803825,25000,Overgrowth,0.0,"Action, Indie",0
76561198011803825,268910,Cuphead,27.35,"Action, Indie",30
76561198011803825,269170,Sports Bar VR,1.2166666666666666,"Casual, Indie, Simulation, Sports, Strategy",0
76561198011803825,235460,METAL GEAR RISING: REVENGEANCE,1.5,Action,1
76561198011803825,271590,Grand Theft Auto V Legacy,49.36666666666667,"Action, Adventure",13
76561198011803825,3240220,Grand Theft Auto V Enhanced,0.0,"Action, Adventure, Racing",0
76561198011803825,236430,DARK SOULS™ II,65.01666666666667,"Action, RPG",25
76561198011803825,224480,Octodad: Dadliest Catch,0.0,"Action, Adventure, Indie",0
76561198011803825,274310,Always Sometimes Monsters,2.15,"Indie, RPG",3
76561198011803825,222880,Insurgency,1.5166666666666666,"Action, Indie, Strategy",2
76561198011803825,48700,Mount & Blade: Warband,0.0,"Action, RPG",0
76561198011803825,246620,Plague Inc: Evolved,0.7833333333333333,"Casual, Indie, Simulation, Strategy",5
76561198011803825,282140,SOMA,0.95,"Action, Adventure, Indie",1
76561198011803825,247000,Talisman: Digital Classic Edition,0.0,"Indie, RPG, Strategy",0
76561198011803825,287700,METAL GEAR SOLID V: THE PHANTOM PAIN,84.71666666666667,"Action, Adventure",25
76561198011803825,287980,Mini Metro,0.65,"Indie, Simulation, Strategy",1
76561198011803825,289760,ROCKETSROCKETSROCKETS,0.13333333333333333,"Action, Casual, Indie, Sports, Strategy",0
76561198011803825,290040,Retro Game Crunch,0.0,"Action, Adventure, Indie",0
76561198011803825,266840,Age of Mythology: Extended Edition,3.6333333333333333,"Simulation, Strategy",1
76561198011803825,201810,Wolfenstein: The New Order,14.483333333333333,Action,25
76561198011803825,286160,Tabletop Simulator,30.7,"Casual, Indie, RPG, Simulation, Strategy",9
76561198011803825,296870,Dreaming Sarah,0.0,"Adventure, Casual, Indie",0
76561198011803825,238460,BattleBlock Theater®,15.166666666666666,"Action, Adventure, Casual, Indie",16
76561198011803825,237930,Transistor,0.0,"Action, Indie, RPG",0
76561198011803825,209650,Call of Duty®: Advanced Warfare - Gold Edition,6.683333333333334,Action,23
76561198011803825,209660,Call of Duty®: Advanced Warfare - Gold Edition,8.15,Action,0
76561198011803825,203730,Q.U.B.E.,0.0,"Action, Indie, Simulation",0
76561198011803825,239430,Q.U.B.E: Director's Cut,0.48333333333333334,"Action, Adventure, Indie",4
76561198011803825,304430,INSIDE,3.65,"Action, Adventure, Indie",2
76561198011803825,63380,Sniper Elite V2,0.016666666666666666,Action,0
76561198011803825,65930,The Bureau: XCOM Declassified,0.0,Action,0
76561198011803825,200510,XCOM: Enemy Unknown,2.5833333333333335,Strategy,7
76561198011803825,310380,Unknown,0.0,,0
76561198011803825,311340,METAL GEAR SOLID V: GROUND ZEROES,5.666666666666667,"Action, Adventure",3
76561198011803825,311690,Enter the Gungeon,0.6333333333333333,"Action, Adventure, Indie",1
76561198011803825,312530,Duck Game,1.3833333333333333,"Action, Indie",1
76561198011803825,247080,Crypt of the NecroDancer,8.066666666666666,"Action, Indie, RPG",4
76561198011803825,274900,Murder Miners,0.0,"Action, Casual, Indie",0
76561198011803825,317400,Portal Stories: Mel,1.3333333333333333,"Action, Adventure, Free To Play",3
76561198011803825,322500,SUPERHOT,2.933333333333333,"Action, Indie",12
76561198011803825,690040,SUPERHOT: MIND CONTROL DELETE,1.5833333333333333,"Action, Indie",7
76561198011803825,322770,Vanishing Realms™,1.5333333333333334,"Action, Adventure, RPG",0
76561198011803825,220440,DmC: Devil May Cry,0.85,"Action, Adventure",2
76561198011803825,323320,Grow Home,0.4666666666666667,"Adventure, Casual, Indie",2
76561198011803825,323850,Move or Die,4.433333333333334,"Action, Indie",29
76561198011803825,214490,Alien: Isolation,2.5833333333333335,Action,11
76561198011803825,24240,PAYDAY™ The Heist,1.3333333333333333,Action,2
76561198011803825,330830,Tales from the Borderlands,6.05,Adventure,14
76561198011803825,282070,This War of Mine,1.1333333333333333,"Adventure, Indie, Simulation",4
76561198011803825,335300,DARK SOULS™ II: Scholar of the First Sin,18.683333333333334,"Action, RPG",6
76561198011803825,335670,LISA: The Painful,0.36666666666666664,"Adventure, Indie, RPG",1
76561198011803825,257510,The Talos Principle,24.133333333333333,"Action, Adventure, Indie",27
76561198011803825,242680,Nuclear Throne,3.533333333333333,"Action, Indie, RPG",8
76561198011803825,339800,HuniePop,1.3833333333333333,"Indie, RPG, Simulation, Strategy",1
76561198011803825,341800,Keep Talking and Nobody Explodes,5.633333333333334,Indie,3
76561198011803825,342180,Arizona Sunshine®,3.15,"Action, Adventure, Indie",8
76561198011803825,348250,Google Earth VR,2.75,"Adventure, Casual, Free To Play, Simulation",0
76561198011803825,291650,Pillars of Eternity,3.2333333333333334,RPG,0
76561198011803825,350080,Wolfenstein: The Old Blood,0.9333333333333333,Action,2
76561198011803825,255710,Cities: Skylines,0.6833333333333333,"Simulation, Strategy",1
76561198011803825,356400,Thumper,5.016666666666667,"Action, Indie",6
76561198011803825,357340,Cobalt,0.18333333333333332,"Action, Adventure, Indie",6
76561198011803825,359320,Elite Dangerous,114.16666666666667,"Action, Adventure, Massively Multiplayer, RPG, Simulation, Strategy",0
76561198011803825,360740,Downwell,0.7166666666666667,"Action, Adventure, Indie",3
76561198011803825,362890,Black Mesa,13.133333333333333,"Action, Adventure, Indie",7
76561198011803825,232090,Killing Floor 2,37.88333333333333,Action,77
76561198011803825,329460,JumpJet Rex,0.38333333333333336,"Action, Adventure, Indie, Racing",3
76561198011803825,367520,Hollow Knight,37.85,"Action, Adventure, Indie",48
76561198011803825,368730,No Time To Explain Remastered,0.55,"Action, Adventure, Casual, Indie",0
76561198011803825,243970,"Invisible, Inc.",0.0,"Action, Indie, Strategy",0
76561198011803825,322330,Don't Starve Together,2.433333333333333,"Action, Adventure, Indie, RPG, Simulation, Strategy",0
76561198011803825,375820,Human Resource Machine,0.0,"Casual, Indie, Simulation",0
76561198011803825,380220,Hover Junkers,2.6166666666666667,"Action, Adventure, Indie",2
76561198011803825,380670,Final Approach,0.4166666666666667,"Action, Casual, Indie, Simulation, Strategy",5
76561198011803825,481420,Final Approach: Pilot Edition,0.0,Simulation,0
76561198011803825,384190,ABZU,0.45,"Adventure, Casual, Indie, Simulation",2
76561198011803825,387290,Ori and the Blind Forest: Definitive Edition,14.75,Action,24
76561198011803825,388210,Day of the Tentacle Remastered,0.0,Adventure,0
76561198011803825,389730,TEKKEN 7,5.216666666666667,"Action, Sports",17
76561198011803825,391540,Undertale,34.95,"Indie, RPG",0
76561198011803825,397460,The Jackbox Party Pack 2,2.2666666666666666,"Casual, Indie, Strategy",4
76561198011803825,400940,Budget Cuts,0.8333333333333334,"Action, Adventure, Indie",4
76561198011803825,405640,Pony Island,1.7,Indie,14
76561198011803825,409160,"Dr. Langeskov, The Tiger, and The Terribly Cursed Emerald: A Whirlwind Heist",0.3,"Free To Play, Indie",1
76561198011803825,412050,HordeZ,0.38333333333333336,"Action, Indie",0
76561198011803825,412740,Audioshield,2.466666666666667,Indie,0
76561198011803825,413150,Stardew Valley,18.766666666666666,"Indie, RPG, Simulation",6
76561198011803825,418650,Space Pirate Trainer,1.5333333333333334,Action,2
76561198011803825,420530,OneShot,5.75,"Adventure, Casual, Indie",7
76561198011803825,420840,BLARP!,0.18333333333333332,"Casual, Indie",0
76561198011803825,425580,The Room Two,2.6166666666666667,"Adventure, Indie",7
76561198011803825,425720,Cloudlands : VR Minigolf,1.5,"Casual, Sports",4
76561198011803825,427240,Cosmic Trip,0.0,"Action, Adventure, Indie, Strategy",0
76561198011803825,210970,The Witness,12.033333333333333,"Adventure, Indie",0
76561198011803825,359550,Tom Clancy's Rainbow Six® Siege,1063.7666666666667,Action,0
76561198011803825,623990,Unknown,0.0,,0
76561198011803825,239140,Dying Light,12.7,"Action, RPG",10
76561198011803825,433340,Slime Rancher,1.8166666666666667,"Action, Adventure, Indie, Simulation",6
76561198011803825,436320,Raw Data,1.1,"Action, Indie, Strategy",0
76561198011803825,436820,Waltz of the Wizard (Legacy demo),0.6333333333333333,"Adventure, Indie, Simulation",0
76561198011803825,438100,VRChat,52.11666666666667,"Adventure, Casual, Massively Multiplayer, Simulation, Sports, Free To Play, Early Access",0
76561198011803825,374320,DARK SOULS™ III,53.21666666666667,Action,28
76561198011803825,446750,Portal Stories: VR,0.4666666666666667,Adventure,0
76561198011803825,327140,Tilt Brush,1.2666666666666666,"Free To Play, Design & Illustration",0
76561198011803825,386690,Fantastic Contraption,1.1666666666666667,"Indie, Simulation, Strategy",1
76561198011803825,448280,Job Simulator,4.566666666666666,"Action, Casual, Indie, Simulation",0
76561198011803825,447530,VA-11 Hall-A: Cyberpunk Bartender Action,11.55,"Adventure, Indie, Simulation",12
76561198011803825,448510,Overcooked,4.0,"Action, Casual, Indie, Simulation",6
76561198011803825,450390,The Lab,8.366666666666667,Free To Play,0
76561198011803825,450540,"Hot Dogs, Horseshoes & Hand Grenades",8.583333333333334,"Action, Simulation, Early Access",0
76561198011803825,451520,theBlu,1.8166666666666667,"Adventure, Casual, Indie, Simulation",0
76561198011803825,2217730,theBlu,0.0,"Adventure, Casual, Indie, Simulation",0
76561198011803825,452710,Realities,0.21666666666666667,"Adventure, Free To Play, Simulation",0
76561198011803825,457420,Surgeon Simulator VR: Meet The Medic,0.6666666666666666,"Action, Indie, Simulation, Free To Play",0
76561198011803825,457550,Bigscreen Beta,2.0166666666666666,"Action, Free To Play, Simulation",0
76561198011803825,457960,Holopoint,0.6,"Action, Indie, Simulation, Sports",3
76561198011803825,460700,Song of the Deep,0.0,Adventure,0
76561198011803825,207140,SpeedRunners,0.21666666666666667,"Action, Casual, Indie, Racing, Sports",2
76561198011803825,465240,Serious Sam VR: The Last Hope,0.11666666666666667,"Action, Indie",1
76561198011803825,465430,Vertigo,0.13333333333333333,"Action, Adventure, Indie",0
76561198011803825,1318090,Vertigo Remastered,0.26666666666666666,"Action, Adventure, Indie",1
76561198011803825,379720,DOOM,27.916666666666668,Action,23
76561198011803825,468700,NVIDIA® VR Funhouse,0.4,"Casual, Free To Play",0
76561198011803825,453170,Unknown,0.6833333333333333,,0
76561198011803825,470220,UNO,0.6,Casual,0
76561198011803825,471710,Rec Room,6.25,"Adventure, Casual, Massively Multiplayer, Free To Play",0
76561198011803825,477160,Human Fall Flat,2.033333333333333,"Adventure, Casual, Indie, Simulation",17
76561198011803825,481510,Night in the Woods,9.816666666666666,Adventure,13
76561198011803825,50130,Mafia II (Classic),0.0,Action,0
76561198011803825,1030830,Mafia II: Definitive Edition,0.0,"Action, Adventure",0
76561198011803825,484870,Battle Dome,1.7833333333333334,Action,0
76561198011803825,488310,Eleven Table Tennis,0.26666666666666666,"Casual, Simulation, Sports",0
76561198011803825,273350,Evolve Stage 2,1.4166666666666667,"Action, Free To Play",0
76561198011803825,234630,Project CARS,0.7333333333333333,"Racing, Simulation, Sports",1
76561198011803825,292030,The Witcher 3: Wild Hunt,1.8166666666666667,RPG,0
76561198011803825,530350,Smashbox Arena,0.0,"Action, Indie",0
76561198011803825,533970,Blocks by Google,0.08333333333333333,"Free To Play, Design & Illustration",0
76561198011803825,115800,Owlboy,1.0666666666666667,"Action, Adventure, Indie",0
76561198011803825,546560,Half-Life: Alyx,33.03333333333333,"Action, Adventure",35
76561198011803825,548430,Deep Rock Galactic,1.45,Action,0
76561198011803825,552440,The Talos Principle VR,0.8666666666666667,"Action, Adventure, Indie",4
76561198011803825,555160,Pavlov,117.86666666666666,"Action, Indie",0
76561198011803825,578080,PUBG: BATTLEGROUNDS,9.033333333333333,"Action, Adventure, Massively Multiplayer, Free To Play",0
76561198011803825,578620,GORN,0.3333333333333333,"Action, Indie",0
76561198011803825,584980,Late Shift,1.5666666666666667,"Adventure, Indie",3
76561198011803825,378540,The Surge,0.8333333333333334,"Action, RPG",5
76561198011803825,610180,The Jackbox Party Pack 4,8.016666666666667,"Casual, Indie, Strategy",9
76561198011803825,617830,SUPERHOT VR,6.45,"Action, Indie",14
76561198011803825,620980,Beat Saber,14.5,Indie,10
76561198011803825,629730,Blade and Sorcery,0.3333333333333333,"Action, Adventure, Indie, RPG, Simulation",0
76561198011803825,632360,Risk of Rain 2,23.783333333333335,"Action, Indie",37
76561198011803825,632470,Disco Elysium - The Final Cut,6.033333333333333,RPG,0
76561198011803825,638230,Journey,1.5833333333333333,"Adventure, Indie",4
76561198011803825,966330,Flower,0.3333333333333333,"Adventure, Casual",1
76561198011803825,646570,Slay the Spire,1.6666666666666667,"Indie, Strategy",1
76561198011803825,612880,Wolfenstein II: The New Colossus,14.5,Action,24
76561198011803825,218620,PAYDAY 2,0.0,"Action, RPG",0
76561198011803825,653530,Return of the Obra Dinn,14.933333333333334,"Adventure, Indie",15
76561198011803825,678950,DRAGON BALL FighterZ,9.066666666666666,Action,8
76561198011803825,698780,Doki Doki Literature Club!,2.3666666666666667,"Casual, Free To Play, Indie",0
76561198011803825,233130,Shadow Warrior,1.5,"Action, Adventure",8
76561198011803825,435150,Divinity: Original Sin 2 - Definitive Edition,1.2166666666666666,"Adventure, RPG, Strategy",3
76561198011803825,731490,Crash Bandicoot™ N. Sane Trilogy,7.133333333333334,Action,24
76561198011803825,753640,Outer Wilds,7.2,"Action, Adventure",3
76561198011803825,768100,GizmoVR Video Player,0.26666666666666666,Utilities,0
76561198011803825,773370,Exo One,1.0833333333333333,"Adventure, Casual, Indie, Simulation",1
76561198011803825,782330,DOOM Eternal,17.45,Action,23
76561198011803825,813230,ANIMAL WELL,5.583333333333333,"Action, Adventure, Indie",11
76561198011803825,813780,Age of Empires II: Definitive Edition,6.2,Strategy,5
76561198011803825,814380,Sekiro™: Shadows Die Twice - GOTY Edition,35.733333333333334,"Action, Adventure",19
76561198011803825,552500,Warhammer: Vermintide 2,4.066666666666666,"Action, Indie, RPG",6
76561198011803825,843380,Super Animal Royale,3.466666666666667,"Action, Adventure, Casual, Indie, Massively Multiplayer, Free To Play",0
76561198011803825,846470,Moss,1.4833333333333334,"Action, Adventure, Casual, Indie",9
76561198011803825,868020,Aperture Hand Lab,1.0833333333333333,Adventure,0
76561198011803825,480490,Prey,3.8333333333333335,"Action, Adventure",2
76561198011803825,741820,Prey: Typhon Hunter,0.0,Action,0
76561198011803825,638970,Yakuza 0,2.15,"Action, Adventure, RPG",2
76561198011803825,886250,Vegas Infinite by PokerStars,11.483333333333333,"Casual, Strategy, Free To Play",3
76561198011803825,892970,Valheim,0.0,"Action, Adventure, Indie, RPG, Early Access",0
76561198011803825,894020,Death's Door,1.3,"Action, Adventure, Indie, RPG",0
76561198011803825,908520,fpsVR,53.81666666666667,"Indie, Utilities",0
76561198011803825,945360,Among Us,11.45,Casual,3
76561198011803825,960090,Bloons TD 6,3.316666666666667,Strategy,4
76561198011803825,967490,Microsoft Maquette,0.15,"Casual, Free To Play",0
76561198011803825,972660,Spiritfarer®: Farewell Edition,4.25,"Adventure, Indie, Simulation",5
76561198011803825,583950,Artifact,2.55,Strategy,0
76561198011803825,1269260,Artifact Foundry,1.6166666666666667,Strategy,0
76561198011803825,986800,AVICII Invector,0.65,"Casual, Indie",7
76561198011803825,1003590,Tetris® Effect: Connected,6.8,"Casual, Indie",15
76561198011803825,1016920,Unrailed!,0.5333333333333333,"Action, Casual, Indie",0
76561198011803825,1057090,Ori and the Will of the Wisps,16.95,Action,28
76561198011803825,1059990,Trombone Champ,0.4166666666666667,"Casual, Indie",3
76561198011803825,1082430,Before Your Eyes,1.7833333333333334,"Adventure, Indie",5
76561198011803825,1091500,Cyberpunk 2077,1.9166666666666667,RPG,2
76561198011803825,1092790,Inscryption,12.033333333333333,"Adventure, Indie, Strategy",11
76561198011803825,1093330,Conscious Existence - A Journey Within,0.21666666666666667,Indie,0
76561198011803825,1098490,Explore Fushimi Inari,0.016666666666666666,"Adventure, Casual, Indie, Simulation, Free To Play",0
76561198011803825,1046930,Dota Underlords,2.2,"Casual, Strategy, Free To Play",0
76561198011803825,976730,Halo: The Master Chief Collection,94.08333333333333,Action,187
76561198011803825,1135690,Unpacking,4.816666666666666,"Casual, Indie, Simulation",19
76561198011803825,617290,Remnant: From the Ashes,8.083333333333334,"Action, Adventure, RPG",17
76561198011803825,310560,DiRT Rally,0.0,"Racing, Simulation, Sports",0
76561198011803825,1172470,Apex Legends™,338.46666666666664,"Action, Adventure, Free To Play",12
76561198011803825,1172620,Sea of Thieves: 2025 Edition,2.3666666666666667,"Action, Adventure",11
76561198011803825,1172380,STAR WARS Jedi: Fallen Order™,3.033333333333333,"Action, Adventure",3
76561198011803825,1145360,Hades,36.016666666666666,"Action, Indie, RPG",12
76561198011803825,1217060,Gunfire Reborn,1.4,"Action, Adventure, Indie, RPG",16
76561198011803825,916840,The Walking Dead: Saints & Sinners,2.8333333333333335,"Action, Adventure, Indie, RPG, Simulation, Strategy",4
76561198011803825,1233570,Mirror's Edge™ Catalyst,3.0166666666666666,"Action, Adventure",0
76561198011803825,1245620,ELDEN RING,210.7,"Action, RPG",35
76561198011803825,1238860,Battlefield 4™,3.066666666666667,Action,0
76561198011803825,442070,Drawful 2,0.0,"Casual, Indie, Strategy",0
76561198011803825,1300600,Blind Drive,0.8666666666666667,"Action, Indie",6
76561198011803825,1332010,Stray,1.15,"Adventure, Indie",5
76561198011803825,1361700,Half-Life: Alyx - Final Hours,2.316666666666667,Action,0
76561198011803825,1363430,Propagation VR,0.15,Action,0
76561198011803825,34270,SEGA Mega Drive and Genesis Classics,0.23333333333333334,"Action, Adventure, Casual, RPG",0
76561198011803825,1454400,Cookie Clicker,377.75,"Casual, Indie, Simulation, Strategy",548
76561198011803825,1504980,It Takes Two Friend's Pass,1.7333333333333334,,0
76561198011803825,616560,Ultimate Epic Battle Simulator,0.2,"Action, Adventure, Indie, Simulation, Strategy",0
76561198011803825,582660,Black Desert,0.0,"Action, Adventure, Massively Multiplayer, RPG, Simulation, Strategy",0
76561198011803825,1180660,Tell Me Why,0.0,"Adventure, Free To Play",0
76561198011803825,1582170,Knockout City™ Trial,0.0,,0
76561198011803825,351510,Quiplash,0.0,"Casual, Indie, Strategy",0
76561198011803825,1593500,God of War,9.283333333333333,"Action, Adventure, RPG",8
76561198011803825,1623730,Palworld,7.433333333333334,"Action, Adventure, Indie, RPG, Early Access",3
76561198011803825,1088850,Marvel's Guardians of the Galaxy,13.666666666666666,"Action, Adventure",23
76561198011803825,424840,Little Nightmares,0.0,Adventure,0
76561198011803825,613900,Museum of Other Realities,0.13333333333333333,"Casual, Simulation",0
76561198011803825,1687950,Persona 5 Royal,99.08333333333333,RPG,44
76561198011803825,1703340,The Stanley Parable: Ultra Deluxe,6.516666666666667,"Adventure, Casual, Indie",6
76561198011803825,1240440,Halo Infinite,91.21666666666667,"Action, Free To Play",92
76561198011803825,1794680,Vampire Survivors,23.35,"Action, Casual, Indie, RPG",99
76561198011803825,1809540,Nine Sols,3.5166666666666666,"Action, Adventure, Indie",3
76561198011803825,1817230,Hi-Fi RUSH,25.9,Action,36
76561198011803825,1849900,Among Us 3D: VR,3.7666666666666666,Casual,4
76561198011803825,3168600,Among Us 3D,0.0,Casual,0
76561198011803825,1985690,The Looker,1.05,Indie,6
76561198011803825,1989270,Slay the Princess — The Pristine Cut,3.1,"Adventure, Indie, RPG, Simulation",25
76561198011803825,2012840,Portal with RTX,0.9833333333333333,Action,3
76561198011803825,1313140,Cult of the Lamb,19.866666666666667,"Action, Adventure, Indie, Strategy",28
76561198011803825,2113850,Spirit City: Lofi Sessions,28.466666666666665,"Casual, Indie, Simulation",28
76561198011803825,1222670,The Sims™ 4,0.016666666666666666,"Adventure, Casual, Simulation, Free To Play",0
76561198011803825,1938090,Call of Duty®,1.5333333333333334,Action,0
76561198011803825,2050650,Resident Evil 4,28.666666666666668,"Action, Adventure",24
76561198011803825,2231450,Pizza Tower,29.8,"Action, Indie",21
76561198011803825,1693980,Dead Space,26.616666666666667,"Action, Adventure",36
76561198011803825,2379780,Balatro,86.21666666666667,"Casual, Indie, Strategy",22
76561198011803825,1086940,Baldur's Gate 3,164.36666666666667,"Adventure, RPG, Strategy",30
76561198011803825,2653790,The Exit 8,0.5,"Adventure, Indie, Simulation",1
76561198011803825,1422450,Deadlock,6.55,Action,0
76561198011803825,3330250,Ithya: Magic Studies,0.1,Casual,1
76561198060315786,20,Team Fortress Classic,0.0,Action,0
76561198060315786,50,Half-Life: Opposing Force,0.0,Action,0
76561198060315786,70,Half-Life,0.0,Action,0
76561198060315786,130,Half-Life: Blue Shift,0.0,Action,0
76561198060315786,220,Half-Life 2,0.0,Action,0
76561198060315786,320,Half-Life 2: Deathmatch,0.0,Action,0
76561198060315786,360,Half-Life Deathmatch: Source,0.0,Action,0
76561198060315786,280,Half-Life: Source,16.333333333333332,Action,0
76561198060315786,6910,Deus Ex: Game of the Year Edition,0.0,Action,0
76561198060315786,6920,Deus Ex: Invisible War,0.0,Action,0
76561198060315786,7000,Tomb Raider: Legend,0.0,"Action, Adventure",0
76561198060315786,8000,Tomb Raider: Anniversary,0.0,"Action, Adventure",0
76561198060315786,7670,BioShock™,0.0,"Action, RPG",0
76561198060315786,409710,BioShock™ Remastered,21.766666666666666,"Action, RPG",31
76561198060315786,8140,Tomb Raider: Underworld,0.0,"Action, Adventure",0
76561198060315786,20900,The Witcher: Enhanced Edition Director's Cut,37.13333333333333,"Action, RPG",0
76561198060315786,550,Left 4 Dead 2,7.866666666666666,Action,7
76561198060315786,70000,Dino D-Day,0.0,"Action, Indie",0
76561198060315786,620,Portal 2,3.8833333333333333,"Action, Adventure",4
76561198060315786,20920,The Witcher 2: Assassins of Kings Enhanced Edition,1.9166666666666667,RPG,2
76561198060315786,204100,Max Payne 3,15.85,Action,13
76561198060315786,219950,NiGHTS Into Dreams,0.0,Adventure,0
76561198060315786,238960,Path of Exile,2.5833333333333335,"Action, Adventure, Indie, Massively Multiplayer, RPG, Free To Play",0
76561198060315786,203160,Tomb Raider,0.0,"Action, Adventure",0
76561198060315786,258180,Deus Ex: The Fall,0.0,"Action, Adventure, RPG",0
76561198060315786,292120,FINAL FANTASY® XIII,0.0,RPG,0
76561198060315786,292140,FINAL FANTASY® XIII-2,0.0,RPG,0
76561198060315786,38400,Fallout: A Post Nuclear Role Playing Game,0.0,RPG,0
76561198060315786,38410,Fallout 2: A Post Nuclear Role Playing Game,0.0,RPG,0
76561198060315786,38420,Fallout Tactics: Brotherhood of Steel,0.0,Strategy,0
76561198060315786,63380,Sniper Elite V2,0.0,Action,0
76561198060315786,238010,Deus Ex: Human Revolution - Director's Cut,0.0,"Action, RPG",0
76561198060315786,221040,Resident Evil 6,24.583333333333332,"Action, Adventure",33
76561198060315786,730,Counter-Strike 2,17.383333333333333,"Action, Free To Play",1
76561198060315786,335240,Transformice,0.016666666666666666,"Free To Play, Indie, Massively Multiplayer",0
76561198060315786,21690,Resident Evil 5,14.083333333333334,"Action, Adventure",31
76561198060315786,329050,Devil May Cry 4 Special Edition,0.0,Action,0
76561198060315786,8850,BioShock® 2,0.0,Action,0
76561198060315786,409720,BioShock™ 2 Remastered,19.183333333333334,"Action, RPG",35
76561198060315786,460790,Bayonetta,0.0,"Action, Adventure",0
76561198060315786,379720,DOOM,0.0,Action,0
76561198060315786,470220,UNO,13.2,Casual,0
76561198060315786,489830,The Elder Scrolls V: Skyrim Special Edition,0.0,RPG,0
76561198060315786,319630,Life is Strange - Episode 1,3.6333333333333333,"Action, Adventure",2
76561198060315786,292030,The Witcher 3: Wild Hunt,1.1,RPG,0
76561198060315786,8870,BioShock Infinite,27.2,Action,36
76561198060315786,287700,METAL GEAR SOLID V: THE PHANTOM PAIN,0.0,"Action, Adventure",0
76561198060315786,311340,METAL GEAR SOLID V: GROUND ZEROES,0.0,"Action, Adventure",0
76561198060315786,632470,Disco Elysium - The Final Cut,0.0,RPG,0
76561198060315786,739630,Phasmophobia,12.133333333333333,"Action, Indie, Early Access",4
76561198060315786,337000,Deus Ex: Mankind Divided,0.0,"Action, RPG",0
76561198060315786,310950,Street Fighter V,0.0,Action,0
76561198060315786,945360,Among Us,52.516666666666666,Casual,8
76561198060315786,12210,Grand Theft Auto IV: The Complete Edition,60.93333333333333,"Action, Adventure",19
76561198060315786,1274570,DEVOUR,15.216666666666667,Indie,18
76561198060315786,638230,Journey,1.8333333333333333,"Adventure, Indie",1
76561198060315786,532210,Life is Strange 2,0.0,Adventure,0
76561198060315786,1453490,Deducto,0.1,"Casual, Free To Play, Indie, Simulation, Strategy",0
76561198060315786,1269260,Artifact Foundry,0.0,Strategy,0
76561198060315786,583950,Artifact,0.0,Strategy,0
76561198060315786,1574360,Uncharted Waters Origin,0.0,"Adventure, Massively Multiplayer, RPG, Simulation, Strategy, Free To Play",0
76561198060315786,1180660,Tell Me Why,0.0,"Adventure, Free To Play",0
76561198060315786,464920,Surviving Mars,0.0,"Simulation, Strategy",0
76561198060315786,489520,Minion Masters,0.0,"Action, Adventure, Indie, RPG, Strategy, Free To Play",0
76561198060315786,475150,Titan Quest Anniversary Edition,0.0,"Action, RPG",0
76561198060315786,283270,Jagged Alliance 1: Gold Edition,0.0,"Action, RPG, Strategy",0
76561198060315786,46500,Syberia,0.0,"Adventure, Casual",0
76561198060315786,46510,Syberia II,0.0,Adventure,0
76561198060315786,241930,Middle-earth™: Shadow of Mordor™,0.0,,0
76561198060315786,356190,Middle-earth™: Shadow of War™,0.0,"Action, Adventure, RPG",0
76561198060315786,204450,Call of Juarez: Gunslinger,0.0,Action,0
76561198060315786,578080,PUBG: BATTLEGROUNDS,0.0,"Action, Adventure, Massively Multiplayer, Free To Play",0
76561198060315786,1938800,Alone in the Dark Prologue,0.0,Adventure,0
76561198060315786,1515950,Capcom Arcade Stadium,0.0,"Action, Free To Play",0
76561198060315786,346110,ARK: Survival Evolved,0.0,"Action, Adventure, Indie, Massively Multiplayer, RPG",0
76561198060315786,407530,ARK: The Survival Of The Fittest,0.0,"Action, Adventure, Indie, Massively Multiplayer, RPG, Strategy",0
76561198060315786,699920,Despotism 3k,0.0,"Indie, Simulation, Strategy",0
76561198060315786,552500,Warhammer: Vermintide 2,0.0,"Action, Indie, RPG",0
76561198060315786,40990,Mafia,0.0,"Action, Adventure",0
76561198060315786,2170420,Starsiege: Deadzone,0.0,"Action, Early Access",0
76561198060315786,1294660,Divine Knockout (DKO),0.0,Action,0
76561198060315786,2324650,The Murder of Sonic the Hedgehog,0.0,"Casual, Free To Play, Indie, Simulation",0
76561198060315786,582660,Black Desert,0.0,"Action, Adventure, Massively Multiplayer, RPG, Simulation, Strategy",0
76561198060315786,1144770,SLUDGE LIFE,0.0,"Adventure, Indie",0
76561198060315786,544610,Battlestar Galactica Deadlock,0.0,Strategy,0
76561198060315786,2484110,FINAL FANTASY VII EVER CRISIS,0.0,"Adventure, RPG",0
76561198060315786,933110,Age of Empires III: Definitive Edition,0.0,"Free To Play, Strategy",0
76561198060315786,383180,Dead Island: Riptide Definitive Edition,3.9166666666666665,Action,2
76561198060315786,2963870,Metal Slug: Awakening,0.18333333333333332,"Action, Adventure, Casual, Massively Multiplayer, RPG, Free To Play",0
76561198060315786,2016590,Dark and Darker,4.716666666666667,"Action, RPG, Free To Play, Early Access",0
76561198060315786,585690,Minimalism,0.0,"Action, Adventure, Casual, Indie",0
76561198060315786,286690,Metro 2033 Redux,0.0,Action,0
76561198108773562,240,Counter-Strike: Source,21.75,Action,45
76561198108773562,2400,The Ship: Murder Party,0.4,"Action, Indie, RPG",0
76561198108773562,2420,The Ship: Single Player,0.7666666666666667,"Action, Indie, RPG",0
76561198108773562,2430,Unknown,0.0,,0
76561198108773562,2100,Dark Messiah of Might & Magic,5.433333333333334,"Action, RPG",0
76561198108773562,2130,Dark Messiah of Might & Magic,0.06666666666666667,"Action, RPG",0
76561198108773562,4000,Garry's Mod,682.2833333333333,"Casual, Indie, Simulation",10
76561198108773562,2990,FlatOut 2,4.633333333333334,Racing,0
76561198108773562,6860,Hitman: Blood Money,0.2833333333333333,Action,0
76561198108773562,2600,Vampire: The Masquerade - Bloodlines,0.5833333333333334,Action,0
76561198108773562,6980,Thief: Deadly Shadows,2.6,Action,0
76561198108773562,220,Half-Life 2,11.616666666666667,Action,15
76561198108773562,320,Half-Life 2: Deathmatch,0.18333333333333332,Action,0
76561198108773562,360,Half-Life Deathmatch: Source,0.0,Action,0
76561198108773562,400,Portal,1.0166666666666666,Action,1
76561198108773562,11450,Overlord™,1.0166666666666666,RPG,0
76561198108773562,12120,Grand Theft Auto: San Andreas,3.9166666666666665,Action,0
76561198108773562,12250,Grand Theft Auto: San Andreas,0.0,,0
76561198108773562,4570,"Warhammer 40,000: Dawn of War - Anniversary Edition",0.0,Strategy,0
76561198108773562,4580,"Warhammer® 40,000: Dawn of War® - Dark Crusade",0.0,Strategy,0
76561198108773562,9310,"Warhammer® 40,000: Dawn of War® – Winter Assault",0.0,Strategy,0
76561198108773562,9450,"Warhammer® 40,000: Dawn of War® - Soulstorm",3.533333333333333,Strategy,0
76561198108773562,22000,World of Goo,0.11666666666666667,Indie,0
76561198108773562,10090,Call of Duty: World at War,20.416666666666668,Action,0
76561198108773562,9480,Saints Row 2,1.9833333333333334,Action,0
76561198108773562,10500,Total War: EMPIRE – Definitive Edition,0.16666666666666666,Strategy,0
76561198108773562,17410,Mirror's Edge™,6.0,"Action, Adventure",0
76561198108773562,1250,Killing Floor,1.65,Action,16
76561198108773562,35420,Defence Alliance 2,0.0,Action,0
76561198108773562,16720,Velvet Assassin,0.5,Action,0
76561198108773562,33910,ARMA 2,0.48333333333333334,"Action, Simulation, Strategy",0
76561198108773562,22330,The Elder Scrolls IV: Oblivion® Game of the Year Edition (2009),17.066666666666666,RPG,0
76561198108773562,35700,Trine Enchanted Edition,5.016666666666667,"Action, Adventure, Indie",8
76561198108773562,6060,"STAR WARS™ Battlefront II (Classic, 2005)",5.85,Action,0
76561198108773562,21670,Bionic Commando,0.4166666666666667,"Action, Adventure",0
76561198108773562,6830,Commandos 2: Men of Courage,0.36666666666666664,Strategy,0
76561198108773562,13570,Tom Clancy's Splinter Cell Chaos Theory®,13.366666666666667,Action,0
76561198108773562,20500,Red Faction Guerrilla Steam Edition,2.6333333333333333,Action,1
76561198108773562,667720,Red Faction Guerrilla Re-Mars-tered,0.18333333333333332,,1
76561198108773562,6020,STAR WARS™ Jedi Knight - Jedi Academy™,0.6333333333333333,Action,0
76561198108773562,17450,Dragon Age: Origins,3.6,RPG,0
76561198108773562,47810,Dragon Age: Origins - Ultimate Edition,2.45,RPG,0
76561198108773562,550,Left 4 Dead 2,15.766666666666667,Action,10
76561198108773562,33620,Crash Time 3,0.7666666666666667,"Action, Racing",0
76561198108773562,32430,STAR WARS™ - The Force Unleashed™ Ultimate Sith Edition,0.3333333333333333,Action,0
76561198108773562,45700,Devil May Cry 4,7.016666666666667,"Action, Adventure",0
76561198108773562,24980,Mass Effect 2 (2010 Edition),0.35,RPG,0
76561198108773562,2362420,Mass Effect 2 (2010) Edition,0.0,RPG,0
76561198108773562,8190,Just Cause 2,7.483333333333333,"Action, Adventure",12
76561198108773562,33220,Tom Clancy's Splinter Cell Conviction™,2.9,Action,0
76561198108773562,33930,Arma 2: Operation Arrowhead,9.766666666666667,"Action, Simulation, Strategy",0
76561198108773562,8930,Sid Meier's Civilization® V,115.56666666666666,Strategy,51
76561198108773562,12210,Grand Theft Auto IV: The Complete Edition,80.23333333333333,"Action, Adventure",17
76561198108773562,55140,MX vs. ATV Reflex,0.31666666666666665,Racing,2
76561198108773562,31280,Poker Night at the Inventory,0.0,"Casual, Sports",0
76561198108773562,23450,Grand Ages: Rome,0.13333333333333333,"Simulation, Strategy",0
76561198108773562,40380,nail'd,0.4,Racing,0
76561198108773562,4560,Company of Heroes - Legacy Edition,0.0,"Action, Strategy",0
76561198108773562,228200,Company of Heroes,0.06666666666666667,"Action, Strategy",0
76561198108773562,21100,F.E.A.R. 3,2.0,Action,4
76561198108773562,91200,Anomaly: Warzone Earth,0.0,"Action, Indie, Strategy",0
76561198108773562,105600,Terraria,132.4,"Action, Adventure, Indie, RPG",73
76561198108773562,31270,Puzzle Agent,0.0,"Action, Adventure, Casual",0
76561198108773562,91700,E.Y.E: Divine Cybermancy,0.5333333333333333,"Action, Indie, RPG",6
76561198108773562,55110,Red Faction®: Armageddon™,1.15,Action,3
76561198108773562,7760,X-COM: UFO Defense,0.0,Strategy,0
76561198108773562,97000,Solar 2,4.166666666666667,"Action, Adventure, Casual, Indie, Simulation",1
76561198108773562,91600,Sanctum,0.9833333333333333,"Action, Casual, Indie, Strategy",4
76561198108773562,50130,Mafia II (Classic),17.9,Action,32
76561198108773562,1030830,Mafia II: Definitive Edition,9.25,"Action, Adventure",29
76561198108773562,8980,Borderlands Game of the Year,38.38333333333333,"Action, RPG",56
76561198108773562,729040,Borderlands Game of the Year Enhanced,3.0,"Action, RPG",31
76561198108773562,65790,ARMA: Cold War Assault,5.116666666666666,"Action, Simulation, Strategy",0
76561198108773562,9350,Supreme Commander,0.1,Strategy,0
76561198108773562,9420,Supreme Commander: Forged Alliance,0.11666666666666667,Strategy,0
76561198108773562,3830,Psychonauts,0.4,Action,0
76561198108773562,9200,RAGE,3.566666666666667,Action,2
76561198108773562,110800,L.A. Noire,14.116666666666667,"Adventure, Strategy",24
76561198108773562,71340,Sonic Generations Collection,0.0,Action,0
76561198108773562,32800,Lord of the Rings: War in the North,2.15,"Action, RPG",7
76561198108773562,72850,The Elder Scrolls V: Skyrim,72.45,RPG,33
76561198108773562,94200,Jamestown,0.9333333333333333,"Action, Indie",0
76561198108773562,41070,Serious Sam 3: BFE,2.2333333333333334,"Action, Indie",5
76561198108773562,564310,Serious Sam Fusion 2017 (beta),0.0,"Action, Indie",0
76561198108773562,201570,Really Big Sky,0.13333333333333333,"Action, Indie",0
76561198108773562,202200,Galactic Civilizations® II: Ultimate Edition,0.016666666666666666,"Indie, Strategy",0
76561198108773562,4700,Total War: MEDIEVAL II – Definitive Edition,1.5,Strategy,0
76561198108773562,204030,Fable - The Lost Chapters,2.716666666666667,"Action, Adventure, RPG",0
76561198108773562,94590,Puzzle Agent 2,0.0,"Action, Adventure, Casual",0
76561198108773562,67370,The Darkness II,3.683333333333333,Action,7
76561198108773562,203770,Crusader Kings II,15.666666666666666,"RPG, Simulation, Strategy, Free To Play",0
76561198108773562,7730,X-COM: Interceptor,0.0,Strategy,0
76561198108773562,22380,Fallout: New Vegas,82.73333333333333,"Action, RPG",45
76561198108773562,203560,Containment: The Zombie Puzzler,0.0,"Casual, Indie",0
76561198108773562,207170,Legend of Grimrock,0.9333333333333333,"Adventure, Indie, RPG",0
76561198108773562,7520,Two Worlds II HD,12.866666666666667,RPG,5
76561198108773562,207250,Cubemen,0.06666666666666667,"Indie, Strategy",4
76561198108773562,105800,PixelJunk™ Eden,0.18333333333333332,"Action, Casual, Indie",3
76561198108773562,207610,The Walking Dead,7.116666666666666,Adventure,25
76561198108773562,50300,Spec Ops: The Line,3.05,"Action, Adventure",29
76561198108773562,205350,Mortal Kombat Kollection,0.26666666666666666,Action,0
76561198108773562,7670,BioShock™,0.9,"Action, RPG",0
76561198108773562,409710,BioShock™ Remastered,3.95,"Action, RPG",12
76561198108773562,7660,X-COM: Apocalypse,0.0,Strategy,0
76561198108773562,7770,X-COM: Enforcer,0.15,Strategy,0
76561198108773562,7650,X-COM: Terror From the Deep,0.0,Strategy,0
76561198108773562,12750,Unknown,0.0,,0
76561198108773562,214830,Half Minute Hero: Super Mega Neo Climax Ultimate Boy,0.016666666666666666,"Action, Casual, RPG",0
76561198108773562,209080,Guns of Icarus Online,4.266666666666667,"Action, Adventure, Indie, Simulation",6
76561198108773562,8330,Telltale Texas Hold ‘Em,0.0,Casual,0
76561198108773562,94600,Hector: Episode 1,0.0,"Action, Adventure, Casual",0
76561198108773562,94610,Hector: Episode 2,0.0,"Action, Adventure, Casual, RPG",0
76561198108773562,94620,Hector: Badge of Carnage - Full Series,0.0,"Adventure, Casual",0
76561198108773562,8200,Sam & Max 101: Culture Shock,0.0,"Action, Adventure",0
76561198108773562,8210,Sam & Max 102: Situation: Comedy,0.0,"Action, Adventure",0
76561198108773562,8220,"Sam & Max 103: The Mole, the Mob and the Meatball",0.0,"Action, Adventure",0
76561198108773562,8230,Sam & Max 104: Abe Lincoln Must Die!,0.0,"Action, Adventure",0
76561198108773562,8240,Sam & Max 105: Reality 2.0,0.0,"Action, Adventure",0
76561198108773562,8250,Sam & Max 106: Bright Side of the Moon,0.0,"Action, Adventure",0
76561198108773562,8260,Sam & Max 201: Ice Station Santa,0.0,Adventure,0
76561198108773562,8270,Sam & Max 202: Moai Better Blues,0.0,Adventure,0
76561198108773562,8280,Sam & Max 203: Night of the Raving Dead,0.0,Adventure,0
76561198108773562,8290,Sam & Max 204: Chariots of the Dogs,0.0,Adventure,0
76561198108773562,8300,Sam & Max 205: What's New Beelzebub?,0.0,Adventure,0
76561198108773562,31220,Sam & Max 301: The Penal Zone,0.0,"Action, Adventure",0
76561198108773562,31230,Sam & Max 302: The Tomb of Sammun-Mak,0.0,Adventure,0
76561198108773562,31240,Sam & Max 303: They Stole Max's Brain!,0.0,Adventure,0
76561198108773562,31250,Sam & Max 304: Beyond the Alley of the Dolls,0.0,Adventure,0
76561198108773562,31260,Sam & Max 305: The City That Dares Not Sleep,0.0,Adventure,0
76561198108773562,8310,Bone: Out From Boneville,0.0,Adventure,0
76561198108773562,8320,Bone: The Great Cow Race,0.0,Adventure,0
76561198108773562,27400,Dangerous High School Girls in Trouble!™,0.0,"RPG, Indie, Casual",0
76561198108773562,730,Counter-Strike 2,1270.3333333333333,"Action, Free To Play",1
76561198108773562,200260,Batman: Arkham City - Game of the Year Edition,3.533333333333333,"Action, Adventure",6
76561198108773562,220780,Thomas Was Alone,0.2833333333333333,Indie,2
76561198108773562,204360,Castle Crashers®,5.05,"Action, Adventure, Casual, Indie, RPG",4
76561198108773562,49520,Borderlands 2,111.95,"Action, RPG",41
76561198108773562,202970,Call of Duty®: Black Ops II,2.35,Action,2
76561198108773562,202990,Call of Duty®: Black Ops II,1.75,Action,1
76561198108773562,212910,Call of Duty: Black Ops II - Zombies,17.316666666666666,,9
76561198108773562,205190,Rocksmith™,0.0,"Casual, Simulation",0
76561198108773562,203140,Hitman: Absolution™,3.5833333333333335,Action,13
76561198108773562,219150,Hotline Miami,1.6833333333333333,"Action, Indie",5
76561198108773562,205100,Dishonored,19.85,"Action, Adventure",24
76561198108773562,211160,Viking: Battle for Asgard,0.1,"Action, Adventure",0
76561198108773562,219640,Chivalry: Medieval Warfare,56.71666666666667,"Action, Indie",9
76561198108773562,211400,Deadlight,1.2166666666666666,"Action, Adventure, Indie",8
76561198108773562,33670,Disciples III - Renaissance Steam Special Edition,0.13333333333333333,"RPG, Strategy",0
76561198108773562,200670,Disciples III - Resurrection,0.0,Strategy,0
76561198108773562,23400,Imperium Romanum Gold Edition,0.06666666666666667,"Simulation, Strategy",0
76561198108773562,219950,NiGHTS Into Dreams,0.0,Adventure,0
76561198108773562,1930,Two Worlds Epic Edition,0.7333333333333333,RPG,0
76561198108773562,223470,POSTAL 2,15.533333333333333,"Action, Adventure, Indie",30
76561198108773562,55230,Saints Row: The Third,13.15,Action,12
76561198108773562,208480,Assassin’s Creed® III,7.016666666666667,Adventure,0
76561198108773562,220240,Far Cry 3,16.816666666666666,"Action, Adventure",24
76561198108773562,221260,Little Inferno,16.45,"Adventure, Casual, Indie",0
76561198108773562,201790,Orcs Must Die! 2,4.316666666666666,"Action, Adventure, Indie, RPG, Strategy",1
76561198108773562,71230,Crazy Taxi,0.5333333333333333,"Action, Racing",0
76561198108773562,71240,SEGA Bass Fishing,0.03333333333333333,"Simulation, Sports",0
76561198108773562,71250,Sonic Adventure DX,0.03333333333333333,,0
76561198108773562,71260,Space Channel 5: Part 2,0.0,Action,0
76561198108773562,205950,Jet Set Radio,0.6666666666666666,Action,2
76561198108773562,201490,Airline Tycoon 2,0.15,"Simulation, Strategy",0
76561198108773562,220440,DmC: Devil May Cry,8.833333333333334,"Action, Adventure",21
76561198108773562,50620,Darksiders™,0.016666666666666666,"Action, Adventure",0
76561198108773562,50650,Darksiders II,0.9833333333333333,"Action, Adventure, RPG",2
76561198108773562,388410,Darksiders II Deathinitive Edition,2.0833333333333335,"Action, Adventure, RPG",4
76561198108773562,462780,Darksiders Warmastered Edition,4.183333333333334,"Action, Adventure, RPG",8
76561198108773562,227300,Euro Truck Simulator 2,35.666666666666664,"Indie, Simulation",7
76561198108773562,17080,Tribes: Ascend,0.2833333333333333,"Action, Free To Play",0
76561198108773562,47410,Stronghold Kingdoms,0.18333333333333332,"Massively Multiplayer, Strategy, Free To Play",0
76561198108773562,51100,Unknown,0.0,,0
76561198108773562,99900,Spiral Knights,0.23333333333333334,"Action, Adventure, Casual, Free To Play, Indie, Massively Multiplayer, RPG",1
76561198108773562,109600,Neverwinter,12.316666666666666,"Action, Adventure, Massively Multiplayer, RPG, Free To Play",0
76561198108773562,113400,APB Reloaded,7.083333333333333,"Action, Massively Multiplayer, Free To Play",0
76561198108773562,113420,Fallen Earth Classic,0.0,"Free To Play, Massively Multiplayer, RPG",0
76561198108773562,208090,Loadout,4.4,"Action, Free To Play, Indie",6
76561198108773562,211500,RaceRoom Racing Experience,0.21666666666666667,"Racing, Simulation, Sports, Free To Play",0
76561198108773562,218230,PlanetSide 2,16.766666666666666,"Action, Massively Multiplayer, Free To Play",0
76561198108773562,1083500,PlanetSide 2 - Test,0.0,"Action, Free To Play, Massively Multiplayer",0
76561198108773562,230410,Warframe,593.3833333333333,"Action, RPG, Free To Play",159
76561198108773562,236390,War Thunder,131.58333333333334,"Action, Massively Multiplayer, Simulation, Free To Play",17
76561198108773562,238960,Path of Exile,5.183333333333334,"Action, Adventure, Indie, Massively Multiplayer, RPG, Free To Play",1
76561198108773562,39000,Moonbase Alpha,0.5,"Adventure, Simulation, Strategy",0
76561198108773562,214420,Gear Up,0.45,"Action, Free To Play, Indie",0
76561198108773562,218470,Unknown,0.0,,0
76561198108773562,223710,Cry of Fear,2.7666666666666666,"Action, Adventure, Indie",0
76561198108773562,248570,Toribash,4.0,"Action, Indie, Strategy, Free To Play",2
76561198108773562,265630,Fistful of Frags,0.11666666666666667,"Action, Free To Play, Indie",1
76561198108773562,42160,Unknown,0.6166666666666667,,1
76561198108773562,223750,DCS World Steam Edition,0.0,"Simulation, Free To Play",0
76561198108773562,224260,No More Room in Hell,12.4,"Action, Indie, Free To Play",7
76561198108773562,239220,Unknown,0.6166666666666667,,0
76561198108773562,224580,Arma II: DayZ Mod,0.45,"Action, Simulation, Strategy",0
76561198108773562,204240,The Bridge,0.2833333333333333,"Adventure, Casual, Indie, Strategy",1
76561198108773562,221040,Resident Evil 6,23.383333333333333,"Action, Adventure",24
76561198108773562,233150,LUFTRAUSERS,0.6166666666666667,"Action, Indie, Simulation",3
76561198108773562,203160,Tomb Raider,6.883333333333334,"Action, Adventure",2
76561198108773562,225420,Cities in Motion 2,0.0,"Simulation, Strategy",0
76561198108773562,8870,BioShock Infinite,18.5,Action,30
76561198108773562,233720,Surgeon Simulator,0.8666666666666667,"Action, Indie, Simulation",5
76561198108773562,228440,Cubemen 2,0.0,"Indie, Strategy",0
76561198108773562,44350,GRID 2,8.7,"Racing, Sports",10
76561198108773562,210770,Sanctum 2,0.0,"Action, Indie, Strategy",0
76561198108773562,222480,Resident Evil Revelations,1.0833333333333333,"Action, Adventure",2
76561198108773562,113020,Monaco: What's Yours Is Mine,0.6166666666666667,"Action, Adventure, Casual, Indie, Strategy",0
76561198108773562,3910,Sid Meier's Civilization® III Complete,0.05,Strategy,0
76561198108773562,216250,Unknown,5.316666666666666,,4
76561198108773562,224760,FEZ,0.8333333333333334,Indie,1
76561198108773562,12140,Max Payne,0.5833333333333334,Action,0
76561198108773562,12150,Max Payne 2: The Fall of Max Payne,0.0,Action,0
76561198108773562,204100,Max Payne 3,36.53333333333333,Action,21
76561198108773562,236730,Anomaly 2,0.016666666666666666,"Action, Indie, Strategy",0
76561198108773562,234710,Poker Night 2,0.0,"Casual, Sports",0
76561198108773562,65930,The Bureau: XCOM Declassified,0.6,Action,0
76561198108773562,228300,Remember Me,0.3333333333333333,"Action, Adventure",1
76561198108773562,206190,Gunpoint,1.6333333333333333,"Action, Indie, Strategy",7
76561198108773562,231160,The Swapper,2.45,"Action, Adventure, Indie",0
76561198108773562,241600,Rogue Legacy,0.7666666666666667,"Action, Adventure, Indie, RPG",0
76561198108773562,242760,The Forest,20.266666666666666,"Action, Adventure, Indie, Simulation",11
76561198108773562,244850,Space Engineers,1.8333333333333333,"Action, Indie, Simulation, Strategy",0
76561198108773562,10,Counter-Strike,0.03333333333333333,Action,0
76561198108773562,20,Team Fortress Classic,0.05,Action,0
76561198108773562,30,Day of Defeat,0.06666666666666667,Action,0
76561198108773562,40,Deathmatch Classic,0.0,Action,0
76561198108773562,50,Half-Life: Opposing Force,0.0,Action,0
76561198108773562,60,Ricochet,0.11666666666666667,Action,0
76561198108773562,70,Half-Life,0.0,Action,0
76561198108773562,80,Counter-Strike: Condition Zero,0.16666666666666666,Action,0
76561198108773562,100,Counter-Strike: Condition Zero,0.0,Action,0
76561198108773562,130,Half-Life: Blue Shift,0.0,Action,0
76561198108773562,280,Half-Life: Source,0.0,Action,0
76561198108773562,300,Day of Defeat: Source,2.4166666666666665,Action,2
76561198108773562,500,Left 4 Dead,0.48333333333333334,Action,4
76561198108773562,620,Portal 2,15.266666666666667,"Action, Adventure",12
76561198108773562,107410,Arma 3,136.36666666666667,"Action, Simulation, Strategy",10
76561198108773562,239030,"Papers, Please",3.7666666666666666,"Adventure, Indie",1
76561198108773562,221680,Rocksmith® 2014 Edition REMASTERED LEARN & PLAY,841.7166666666667,"Casual, Simulation",26
76561198108773562,244210,Assetto Corsa,306.35,"Indie, Racing, Simulation, Sports",8
76561198108773562,239070,Hammerwatch,6.35,"Action, Adventure, Indie, RPG",4
76561198108773562,222940,THE KING OF FIGHTERS XIII STEAM EDITION,2.3666666666666667,Action,1
76561198108773562,218620,PAYDAY 2,14.133333333333333,"Action, RPG",26
76561198108773562,249650,Blackguards,0.5833333333333334,"Action, Adventure, Indie, RPG, Strategy",1
76561198108773562,209000,Batman™: Arkham Origins,4.833333333333333,"Action, Adventure",2
76561198108773562,239820,Game Dev Tycoon,2.0,"Casual, Indie, Simulation, Strategy",5
76561198108773562,245280,ENSLAVED™: Odyssey to the West™ Premium Edition,0.7166666666666667,"Action, Adventure",1
76561198108773562,225280,Full Mojo Rampage,0.016666666666666666,"Action, Indie, RPG",0
76561198108773562,238320,Outlast,14.3,"Action, Adventure, Indie",8
76561198108773562,250320,The Wolf Among Us,18.016666666666666,"Action, Adventure, Casual",31
76561198108773562,251060,Wargame: Red Dragon,0.0,"Indie, Simulation, Strategy",0
76561198108773562,251870,Go! Go! Nippon! ~My First Trip to Japan~,1.1166666666666667,Adventure,0
76561198108773562,252310,Syder Arcade,0.0,"Action, Indie",0
76561198108773562,252410,SteamWorld Dig,0.1,"Action, Adventure, Indie",1
76561198108773562,252490,Rust,85.81666666666666,"Action, Adventure, Indie, Massively Multiplayer, RPG",0
76561198108773562,252950,Rocket League®,13.316666666666666,"Action, Indie, Racing, Sports",24
76561198108773562,253030,Race The Sun,0.7333333333333333,"Action, Indie, Racing",6
76561198108773562,253370,Axis Game Factory's AGFPRO v3,0.0,"Animation & Modeling, Design & Illustration, Education, Software Training, Utilities, Game Development",0
76561198108773562,253980,Enclave,0.016666666666666666,"Action, RPG",0
76561198108773562,254060,KnightShift,0.0,"RPG, Strategy",0
76561198108773562,255370,KickBeat Steam Edition,0.0,"Action, Indie",0
76561198108773562,8850,BioShock® 2,1.7833333333333334,Action,2
76561198108773562,409720,BioShock™ 2 Remastered,0.43333333333333335,"Action, RPG",2
76561198108773562,244810,Foul Play,0.26666666666666666,"Action, Adventure, Casual, Indie",0
76561198108773562,234670,NARUTO SHIPPUDEN: Ultimate Ninja STORM 3 Full Burst HD,0.0,"Action, Adventure",0
76561198108773562,259780,Nimble Quest,3.283333333333333,"Action, Casual, Indie",0
76561198108773562,212480,Sonic & All-Stars Racing Transformed Collection,0.9666666666666667,"Racing, Sports",3
76561198108773562,94400,Nidhogg,3.9166666666666665,"Action, Indie, Sports",3
76561198108773562,261030,The Walking Dead: Season Two,9.783333333333333,Adventure,40
76561198108773562,261110,Killer is Dead - Nightmare Edition,0.5333333333333333,Action,2
76561198108773562,261550,Mount & Blade II: Bannerlord,90.0,"Action, Indie, RPG, Simulation, Strategy",23
76561198108773562,242700,Injustice: Gods Among Us Ultimate Edition,0.38333333333333336,Action,0
76561198108773562,264140,Pixel Piracy,3.4,"Adventure, Indie, RPG, Simulation",9
76561198108773562,215530,The Incredible Adventures of Van Helsing,0.4666666666666667,"Action, Adventure, Indie, RPG",3
76561198108773562,265210,Viscera Cleanup Detail: Santa's Rampage,3.7666666666666666,"Gore, Indie, Simulation",5
76561198108773562,265930,Goat Simulator,7.183333333333334,"Casual, Indie, Simulation",12
76561198108773562,266310,GameGuru Classic,0.6666666666666666,"Animation & Modeling, Design & Illustration, Education, Software Training, Utilities, Game Development",0
76561198108773562,221100,DayZ,125.9,"Action, Adventure, Massively Multiplayer",3
76561198108773562,268910,Cuphead,10.466666666666667,"Action, Indie",7
76561198108773562,235460,METAL GEAR RISING: REVENGEANCE,8.766666666666667,Action,16
76561198108773562,271500,Sniper Art of Victory,0.7833333333333333,Action,0
76561198108773562,271590,Grand Theft Auto V Legacy,437.01666666666665,"Action, Adventure",37
76561198108773562,3240220,Grand Theft Auto V Enhanced,0.65,"Action, Adventure, Racing",23
76561198108773562,57300,Amnesia: The Dark Descent,2.716666666666667,"Action, Adventure, Indie",0
76561198108773562,239200,Amnesia: A Machine for Pigs,1.7333333333333334,"Action, Adventure, Indie",0
76561198108773562,274310,Always Sometimes Monsters,0.016666666666666666,"Indie, RPG",0
76561198108773562,222880,Insurgency,30.2,"Action, Indie, Strategy",23
76561198108773562,274520,Darkwood,4.4,"Action, Adventure, Indie, RPG",1
76561198108773562,225840,Sven Co-op,13.466666666666667,"Action, Casual, Indie, Free To Play",0
76561198108773562,277870,Diehard Dungeon,2.1,"Action, Adventure, Indie, RPG",10
76561198108773562,48700,Mount & Blade: Warband,225.1,"Action, RPG",40
76561198108773562,278570,Labyrinthine Dreams,0.1,"Adventure, Casual, Indie",0
76561198108773562,239160,Thief,12.0,"Action, Adventure",10
76561198108773562,279990,Bridge Constructor Playground,1.2833333333333334,"Casual, Indie, RPG, Simulation",6
76561198108773562,280200,Eterium,0.0,"Action, Indie",0
76561198108773562,254700,Resident Evil 4 (2005),1.45,"Action, Adventure",1
76561198108773562,235210,STRIDER™ / ストライダー飛竜®,0.11666666666666667,"Action, Adventure",1
76561198108773562,281640,The Banner Saga 2,0.0,"Indie, RPG, Strategy",0
76561198108773562,43160,Unknown,8.083333333333334,,11
76561198108773562,285160,LEGO® The Hobbit™,1.2666666666666666,"Action, Adventure",0
76561198108773562,286160,Tabletop Simulator,12.366666666666667,"Casual, Indie, RPG, Simulation, Strategy",3
76561198108773562,236430,DARK SOULS™ II,103.65,"Action, RPG",22
76561198108773562,286690,Metro 2033 Redux,3.8833333333333333,Action,1
76561198108773562,231430,Company of Heroes 2,0.38333333333333336,Strategy,0
76561198108773562,233290,Murdered: Soul Suspect,5.733333333333333,"Action, Adventure, RPG",28
76561198108773562,228400,Ace Combat Assault Horizon - Enhanced Edition,0.0,"Action, Simulation",0
76561198108773562,261510,Tesla Effect: A Tex Murphy Adventure,0.5666666666666667,"Adventure, Indie",0
76561198108773562,295110,Just Survive,45.516666666666666,"Action, Adventure, Massively Multiplayer",0
76561198108773562,362300,Just Survive Test Server,0.0,Massively Multiplayer,0
76561198108773562,433850,Z1 Battle Royale,10.583333333333334,"Action, Adventure, Free To Play, Massively Multiplayer",0
76561198108773562,439700,Z1 Battle Royale: Test Server,0.0,Massively Multiplayer,0
76561198108773562,222900,Dead Island: Epidemic,0.65,"Action, Free To Play, Early Access",3
76561198108773562,238460,BattleBlock Theater®,4.366666666666666,"Action, Adventure, Casual, Indie",7
76561198108773562,301520,Robocraft,0.7666666666666667,"Action, Indie, Massively Multiplayer, RPG, Simulation, Free To Play",0
76561198108773562,301680,Psichodelya,0.0,"Action, Indie",0
76561198108773562,301700,Numba Deluxe,0.016666666666666666,Casual,0
76561198108773562,304050,Trove,12.2,"Action, Adventure, Casual, Massively Multiplayer, RPG, Free To Play",0
76561198108773562,304890,Unknown,0.23333333333333334,,0
76561198108773562,304930,Unturned,1.2833333333333334,"Action, Adventure, Casual, Indie, Free To Play",4
76561198108773562,238090,Sniper Elite 3,0.18333333333333332,"Action, Adventure",0
76561198108773562,202090,Unknown,0.18333333333333332,,0
76561198108773562,63380,Sniper Elite V2,7.25,Action,13
76561198108773562,307290,Velvet Sundown,0.0,"Adventure, Casual, Free To Play, Indie, RPG",0
76561198108773562,308000,Gold Rush! Classic,0.0,"Action, Adventure",0
76561198108773562,13520,Far Cry®,9.183333333333334,Action,0
76561198108773562,19900,Far Cry® 2,0.3333333333333333,Action,0
76561198108773562,233270,Far Cry 3 - Blood Dragon,7.966666666666667,"Action, Adventure",0
76561198108773562,310560,DiRT Rally,12.85,"Racing, Simulation, Sports",13
76561198108773562,9900,Star Trek Online,1.65,"Massively Multiplayer, RPG, Free To Play",0
76561198108773562,312280,Simply Chess,1.45,"Casual, Free To Play, Indie, Strategy",0
76561198108773562,215080,WAKFU,0.0,"Action, Adventure, Casual, Indie, Massively Multiplayer, RPG, Strategy, Free To Play",0
76561198108773562,268420,Aura Kingdom,0.0,"Adventure, Casual, Free To Play, Massively Multiplayer, RPG",0
76561198108773562,227940,Heroes & Generals,23.516666666666666,"Action, Free To Play, Indie, Massively Multiplayer, Strategy",0
76561198108773562,232430,Gone Home,4.666666666666667,"Adventure, Indie",1
76561198108773562,206420,Saints Row IV: Re-Elected,13.683333333333334,"Action, Adventure",13
76561198108773562,315640,Unknown,0.0,,0
76561198108773562,317360,Double Action: Boogaloo,0.7666666666666667,"Action, Indie, Free To Play",0
76561198108773562,318600,The Flame in the Flood,0.11666666666666667,"Action, Adventure, Indie",0
76561198108773562,238010,Deus Ex: Human Revolution - Director's Cut,2.8,"Action, RPG",3
76561198108773562,8080,Kane and Lynch: Dead Men™,0.15,Action,0
76561198108773562,28000,Kane & Lynch 2: Dog Days,0.0,Action,0
76561198108773562,250400,How to Survive,0.2833333333333333,"Action, Adventure, RPG",1
76561198108773562,322190,SteamWorld Heist,0.0,"RPG, Strategy",0
76561198108773562,226720,LOST PLANET® 3,1.0166666666666666,Action,7
76561198108773562,302510,Ryse: Son of Rome,2.15,Action,15
76561198108773562,241930,Middle-earth™: Shadow of Mordor™,12.05,,32
76561198108773562,238590,Unknown,0.0,,0
76561198108773562,324800,Shadow Warrior 2,1.2,"Action, Adventure",3
76561198108773562,35450,Red Orchestra 2: Heroes of Stalingrad with Rising Storm,14.75,"Action, Massively Multiplayer, Simulation",19
76561198108773562,236830,Unknown,0.8166666666666667,,1
76561198108773562,326460,ShellShock Live,1.7333333333333334,"Action, Casual, Indie, Massively Multiplayer, Strategy",3
76561198108773562,261640,Borderlands: The Pre-Sequel,0.03333333333333333,"Action, RPG",0
76561198108773562,211420,DARK SOULS™: Prepare To Die™ Edition,38.96666666666667,"Action, RPG",20
76561198108773562,330830,Tales from the Borderlands,0.25,Adventure,0
76561198108773562,330840,Game of Thrones - A Telltale Games Series,13.033333333333333,Adventure,48
76561198108773562,17570,"Pirates, Vikings, and Knights II",0.06666666666666667,"Action, Free To Play, Indie",0
76561198108773562,331870,AER Memories of Old,0.5333333333333333,"Adventure, Indie",3
76561198108773562,234630,Project CARS,3.6,"Racing, Simulation, Sports",7
76561198108773562,333860,Unknown,0.2833333333333333,,0
76561198108773562,333930,Dirty Bomb®,2.25,"Action, Free To Play",0
76561198108773562,249050,Dungeon of the ENDLESS™,1.3333333333333333,"Adventure, Indie, RPG, Strategy",1
76561198108773562,333950,Medieval Engineers,1.85,"Action, Indie, Simulation, Strategy",0
76561198108773562,334230,Town of Salem,2.6666666666666665,"Action, Casual, RPG, Strategy",4
76561198108773562,276810,Mordheim: City of the Damned,0.06666666666666667,"RPG, Strategy",0
76561198108773562,335330,Brick-Force,0.0,"Action, Free To Play",0
76561198108773562,322330,Don't Starve Together,12.883333333333333,"Action, Adventure, Indie, RPG, Simulation, Strategy",0
76561198108773562,250900,The Binding of Isaac: Rebirth,67.45,Action,124
76561198108773562,319630,Life is Strange - Episode 1,4.05,"Action, Adventure",3
76561198108773562,340490,Subterrain,0.0,Indie,0
76561198108773562,342200,MechWarrior Online™ Legends,0.0,"Action, Massively Multiplayer, Simulation, Strategy, Free To Play",0
76561198108773562,334040,Down To One,0.08333333333333333,Action,0
76561198108773562,344760,Reign Of Kings,28.733333333333334,"Action, Adventure, Indie, RPG, Simulation",0
76561198108773562,307780,Mortal Kombat X,16.533333333333335,Action,20
76561198108773562,348250,Google Earth VR,0.0,"Adventure, Casual, Free To Play, Simulation",0
76561198108773562,298630,The Escapists,0.06666666666666667,"Action, Adventure, Indie, Simulation, Strategy",0
76561198108773562,287290,Resident Evil Revelations 2,0.7333333333333333,"Action, Adventure",0
76561198108773562,339280,Strife®,0.03333333333333333,"Action, RPG, Strategy, Free To Play",0
76561198108773562,351510,Quiplash,13.783333333333333,"Casual, Indie, Strategy",6
76561198108773562,355180,Codename CURE,0.4,"Action, Free To Play",0
76561198108773562,355530,Last Word,0.0,"Adventure, Casual, Indie, RPG",0
76561198108773562,235540,Warhammer: End Times - Vermintide,2.1,"Action, Indie",11
76561198108773562,45740,Dead Rising® 2,1.1666666666666667,"Action, Adventure",1
76561198108773562,21690,Resident Evil 5,17.55,"Action, Adventure",18
76561198108773562,360010,Remnants Of Isolation,0.03333333333333333,"Casual, Indie, RPG",0
76561198108773562,232090,Killing Floor 2,4.65,Action,12
76561198108773562,360830,Yooka-Laylee,0.05,"Action, Adventure, Indie",0
76561198108773562,47780,Dead Space™ 2,1.05,"Action, Adventure",0
76561198108773562,363970,Clicker Heroes,0.05,"Adventure, Casual, Indie, RPG, Simulation, Strategy, Free To Play",3
76561198108773562,365300,Transmissions: Element 120,0.7333333333333333,"Action, Free To Play, Indie",7
76561198108773562,365450,Hacknet,0.06666666666666667,"Indie, Simulation",0
76561198108773562,365960,rFactor 2,4.683333333333334,"Racing, Simulation, Sports",8
76561198108773562,367500,Dragon's Dogma: Dark Arisen,37.5,"Action, Adventure, RPG",30
76561198108773562,367520,Hollow Knight,2.783333333333333,"Action, Adventure, Indie",2
76561198108773562,369200,Unknown,0.25,,0
76561198108773562,374320,DARK SOULS™ III,116.93333333333334,Action,35
76561198108773562,377360,Western Press,0.0,"Action, Indie",0
76561198108773562,381210,Dead by Daylight,231.48333333333332,Action,57
76561198108773562,384190,ABZU,0.3,"Adventure, Casual, Indie, Simulation",0
76561198108773562,383870,Firewatch,0.7333333333333333,"Adventure, Indie",0
76561198108773562,386070,Planetary Annihilation: TITANS,1.8,"Action, Indie, Strategy",0
76561198108773562,386360,SMITE®,315.3,"Action, Adventure, Casual, Massively Multiplayer, RPG, Strategy, Free To Play",72
76561198108773562,858460,Unknown,0.0,,0
76561198108773562,386620,"Cook, Serve, Delicious! 2!!",0.03333333333333333,"Action, Indie, Simulation, Strategy",1
76561198108773562,386940,Ultimate Chicken Horse,13.983333333333333,"Action, Casual, Indie",14
76561198108773562,291550,Brawlhalla,4.383333333333334,"Action, Indie, Free To Play",2
76561198108773562,387840,Alpha Runner,0.016666666666666666,"Adventure, Casual, Indie",6
76561198108773562,390710,Acceleration of SUGURI 2,0.0,"Action, Indie",0
76561198108773562,389570,Mitos.is: The Game,0.03333333333333333,"Casual, Simulation, Free To Play",0
76561198108773562,394690,Tower Unite,15.483333333333333,"Action, Adventure, Casual, Indie, Massively Multiplayer, Racing",35
76561198108773562,396350,Bleed 2,0.0,"Action, Indie",0
76561198108773562,397900,Business Tour - Board Game with Online Multiplayer,4.166666666666667,"Adventure, Casual, Indie, Massively Multiplayer, Simulation, Strategy, Free To Play",1
76561198108773562,400040,ShareX,0.0,"Free To Play, Audio Production, Design & Illustration, Photo Editing, Utilities, Video Production, Web Publishing",0
76561198108773562,400180,Okhlos: Omega,0.0,"Action, Indie, Strategy",0
76561198108773562,234140,Mad Max,3.9,"Action, Adventure",7
76561198108773562,403120,THE GAME OF LIFE,1.0666666666666667,"Adventure, Casual, Simulation",2
76561198108773562,351970,Tales of Zestiria,0.36666666666666664,RPG,0
76561198108773562,236110,Dungeon Defenders II,1.9833333333333334,"Action, Indie, RPG, Strategy, Free To Play",2
76561198108773562,410900,Forts,0.0,"Action, Indie, Strategy",0
76561198108773562,230230,Divinity: Original Sin (Classic),0.0,"Adventure, Indie, RPG, Strategy",0
76561198108773562,373420,Divinity: Original Sin - Enhanced Edition,11.166666666666666,"Adventure, Indie, RPG, Strategy",4
76561198108773562,414700,Outlast 2,3.5166666666666666,"Action, Adventure, Indie",1
76561198108773562,416600,Full Metal Furies,0.0,"Action, Adventure, Indie, RPG",0
76561198108773562,417860,Emily is Away,1.05,"Adventure, Casual, Free To Play, Indie, Simulation",5
76561198108773562,418460,Rising Storm 2: Vietnam,166.45,"Action, Massively Multiplayer, Simulation, Strategy",61
76561198108773562,420290,Blackwake,0.15,"Action, Casual, Indie, Strategy, Free To Play",0
76561198108773562,208650,Batman™: Arkham Knight,43.15,"Action, Adventure",67
76561198108773562,314000,Pool Nation FX Lite,0.0,"Casual, Free To Play, Indie, Simulation, Sports, Strategy",0
76561198108773562,423230,Furi,0.8333333333333334,"Action, Indie",2
76561198108773562,423580,Project Highrise,0.0,"Simulation, Strategy",0
76561198108773562,391220,Rise of the Tomb Raider™,2.183333333333333,"Action, Adventure",3
76561198108773562,268500,XCOM® 2,1.3666666666666667,Strategy,1
76561198108773562,427520,Factorio,17.083333333333332,"Casual, Indie, Simulation, Strategy",6
76561198108773562,317060,Attractio,0.0,Action,0
76561198108773562,428550,Momodora: Reverie Under The Moonlight,0.0,"Action, Adventure, Indie",0
76561198108773562,239140,Dying Light,19.466666666666665,"Action, RPG",21
76561198108773562,429570,The Walking Dead: Michonne - A Telltale Miniseries,0.0,Adventure,0
76561198108773562,429790,AdventureQuest 3D,0.1,"Action, Adventure, Casual, Free To Play, Indie, Massively Multiplayer, RPG",0
76561198108773562,427730,Who's Your Daddy?!,2.05,"Action, Casual, Indie",5
76561198108773562,431240,Golf With Your Friends,5.433333333333334,"Casual, Indie, Sports",9
76561198108773562,431960,Wallpaper Engine,158.01666666666668,"Casual, Indie, Animation & Modeling, Design & Illustration, Photo Editing, Utilities",8
76561198108773562,394160,ARCADE GAME SERIES: PAC-MAN,0.016666666666666666,Action,0
76561198108773562,403400,ARCADE GAME SERIES: DIG DUG,0.0,Action,0
76561198108773562,403430,ARCADE GAME SERIES: GALAGA,0.0,Action,0
76561198108773562,434460,Rock of Ages 2: Bigger & Boulder™,0.0,"Action, Indie, Racing, Strategy",0
76561198108773562,436110,Medusa's Labyrinth,0.2,"Action, Adventure, Free To Play, Indie",0
76561198108773562,438100,VRChat,10.283333333333333,"Adventure, Casual, Massively Multiplayer, Simulation, Sports, Free To Play, Early Access",0
76561198108773562,444090,Paladins®,4.066666666666666,"Action, Adventure, Massively Multiplayer, Strategy, Free To Play",5
76561198108773562,596350,Unknown,0.0,,0
76561198108773562,444640,Bloons TD Battles,0.0,"Action, Free To Play, Strategy",0
76561198108773562,451130,Khan: Absolute Power,0.06666666666666667,"Action, Adventure, Free To Play, Massively Multiplayer, RPG",0
76561198108773562,455400,PAC-MAN 256,0.03333333333333333,Action,0
76561198108773562,310380,Unknown,3.1666666666666665,,3
76561198108773562,464060,RUINER,13.016666666666667,"Action, Indie",15
76561198108773562,377160,Fallout 4,71.9,RPG,30
76561198108773562,471710,Rec Room,1.7,"Adventure, Casual, Massively Multiplayer, Free To Play",0
76561198108773562,475190,Scanner Sombre,0.05,"Adventure, Indie",0
76561198108773562,477160,Human Fall Flat,16.416666666666668,"Adventure, Casual, Indie, Simulation",31
76561198108773562,394360,Hearts of Iron IV,0.0,"Simulation, Strategy",0
76561198108773562,383150,Dead Island Definitive Edition,2.9,Action,4
76561198108773562,488730,God's Trigger,1.5333333333333334,"Action, Indie",4
76561198108773562,327030,Worms W.M.D,1.6,"Action, Strategy",0
76561198108773562,489520,Minion Masters,0.0,"Action, Adventure, Indie, RPG, Strategy, Free To Play",0
76561198108773562,48000,LIMBO,2.6,"Action, Adventure, Indie",3
76561198108773562,361230,Super Daryl Deluxe,0.0,"Action, Indie, RPG",0
76561198108773562,403640,Dishonored 2,15.366666666666667,Action,28
76561198108773562,375230,"Warhammer 40,000: Eternal Crusade",0.0,"Action, Adventure, Free To Play, Massively Multiplayer",0
76561198108773562,491950,Orwell: Keeping an Eye On You,0.0,"Adventure, Indie, Simulation",0
76561198108773562,493480,ERISLE,0.0,"Action, RPG, Early Access",0
76561198108773562,493520,GTFO,3.05,Action,0
76561198108773562,314010,Boid,0.016666666666666666,"Action, Casual, Indie, Strategy, Free To Play",0
76561198108773562,311210,Call of Duty®: Black Ops III,35.85,"Action, Adventure",8
76561198108773562,496240,Onward,3.1666666666666665,"Action, Indie, Simulation, Strategy",0
76561198108773562,442080,Riders of Icarus,1.5166666666666666,"Adventure, Massively Multiplayer, RPG, Free To Play",0
76561198108773562,499890,Aaero,0.0,"Action, Indie",0
76561198108773562,443080,Unknown,0.016666666666666666,,0
76561198108773562,273350,Evolve Stage 2,2.3333333333333335,"Action, Free To Play",0
76561198108773562,501320,The Shrouded Isle,0.0,"Indie, Simulation",0
76561198108773562,427460,Unknown,0.0,,0
76561198108773562,504370,Battlerite,23.116666666666667,"Action, Free To Play",0
76561198108773562,508530,HackyZack,0.08333333333333333,"Action, Indie, Sports",0
76561198108773562,509980,BIGFOOT,0.85,"Action, Adventure, Indie, Early Access",0
76561198108773562,513560,Hunger Dungeon,0.9666666666666667,"Action, Adventure, Free To Play, Indie, RPG, Strategy",0
76561198108773562,515220,F1™ 2017,30.183333333333334,"Racing, Simulation, Sports",22
76561198108773562,360430,Mafia III: Definitive Edition,12.1,"Action, Adventure",17
76561198108773562,289070,Sid Meier’s Civilization® VI,21.95,Strategy,27
76561198108773562,522210,Serial Cleaner,0.0,"Action, Indie",0
76561198108773562,519140,Minds Eyes,0.7,"Action, Adventure, Free To Play, Indie",0
76561198108773562,366640,Shiness: The Lightning Kingdom,0.0,"Action, Adventure, Indie, RPG",0
76561198108773562,292030,The Witcher 3: Wild Hunt,159.58333333333334,RPG,77
76561198108773562,527230,For The King,26.416666666666668,"Adventure, Indie, RPG, Strategy",27
76561198108773562,530620,Resident Evil 7 Teaser: Beginning Hour,2.3666666666666667,"Action, Adventure",0
76561198108773562,532190,Super Blood Hockey,0.9166666666666666,"Indie, Sports",3
76561198108773562,534550,Guacamelee! 2,0.0,"Action, Adventure, Indie",0
76561198108773562,287700,METAL GEAR SOLID V: THE PHANTOM PAIN,111.55,"Action, Adventure",32
76561198108773562,311340,METAL GEAR SOLID V: GROUND ZEROES,1.0333333333333334,"Action, Adventure",2
76561198108773562,541230,Alien Shooter TD,0.0,"Action, Indie, Strategy",0
76561198108773562,544920,Darwin Project,1.6666666666666667,"Action, Indie, Free To Play",0
76561198108773562,546560,Half-Life: Alyx,11.916666666666666,"Action, Adventure",26
76561198108773562,548430,Deep Rock Galactic,0.8666666666666667,Action,0
76561198108773562,489830,The Elder Scrolls V: Skyrim Special Edition,119.38333333333334,RPG,48
76561198108773562,550650,Black Squad,0.5833333333333334,"Action, Free To Play",6
76561198108773562,553310,Lethal League Blaze,7.516666666666667,"Action, Indie, Sports",4
76561198108773562,553850,HELLDIVERS™ 2,96.51666666666667,Action,32
76561198108773562,553960,Husk,0.26666666666666666,"Action, Adventure, Indie",0
76561198108773562,555160,Pavlov,68.48333333333333,"Action, Indie",0
76561198108773562,558420,Stories Untold,0.0,"Adventure, Indie",0
76561198108773562,559010,Cosmic Sugar VR,0.0,"Free To Play, Simulation",0
76561198108773562,560380,Unknown,0.0,,0
76561198108773562,447040,Watch_Dogs® 2,20.633333333333333,"Action, Adventure",0
76561198108773562,402560,Tabletopia,4.533333333333333,"Casual, Indie, RPG, Simulation, Strategy, Free To Play",0
76561198108773562,563560,Alien Swarm: Reactive Drop,0.0,"Action, Free To Play",0
76561198108773562,302590,Of Guards And Thieves,1.2833333333333334,"Action, Casual, Free To Play, Indie, Massively Multiplayer, Racing, Strategy, Early Access",0
76561198108773562,570460,Laser League: World Arena,0.13333333333333333,"Action, Indie, Sports",0
76561198108773562,578080,PUBG: BATTLEGROUNDS,201.9,"Action, Adventure, Massively Multiplayer, Free To Play",14
76561198108773562,582500,We Were Here,0.7833333333333333,"Action, Adventure, Indie, Free To Play",7
76561198108773562,582660,Black Desert,7.45,"Action, Adventure, Massively Multiplayer, RPG, Simulation, Strategy",0
76561198108773562,588430,Fallout Shelter,2.0,"RPG, Simulation, Free To Play",2
76561198108773562,355790,Styx: Shards of Darkness,0.31666666666666665,"Action, Adventure",0
76561198108773562,594650,Hunt: Showdown 1896,13.2,Action,9
76561198108773562,770720,Hunt: Showdown (Test Server),0.0,,0
76561198108773562,601150,Devil May Cry 5,12.883333333333333,Action,20
76561198108773562,607260,McOsu,1.25,Indie,0
76561198108773562,612880,Wolfenstein II: The New Colossus,9.85,Action,22
76561198108773562,617830,SUPERHOT VR,3.4833333333333334,"Action, Indie",14
76561198108773562,234270,Ken Follett's The Pillars of the Earth,0.0,"Adventure, Casual, Indie",0
76561198108773562,627270,Injustice™ 2,10.066666666666666,Action,9
76561198108773562,629730,Blade and Sorcery,57.88333333333333,"Action, Adventure, Indie, RPG, Simulation",0
76561198108773562,629760,MORDHAU,169.61666666666667,"Action, Indie",34
76561198108773562,632360,Risk of Rain 2,87.16666666666667,"Action, Indie",79
76561198108773562,632470,Disco Elysium - The Final Cut,14.25,RPG,4
76561198108773562,633460,Tannenberg,0.48333333333333334,"Action, Indie, Massively Multiplayer, Simulation, Strategy",7
76561198108773562,374040,Portal Knights,0.0,"Action, Adventure, RPG",0
76561198108773562,278910,Interplanetary,0.0,"Indie, Strategy",0
76561198108773562,650220,Interplanetary: Enhanced Edition,0.0,"Indie, Simulation, Strategy",0
76561198108773562,601430,The Evil Within 2,17.0,"Action, Adventure",33
76561198108773562,671860,BattleBit Remastered,83.83333333333333,"Action, Massively Multiplayer, Early Access",0
76561198108773562,674940,Stick Fight: The Game,26.65,"Action, Casual, Indie",23
76561198108773562,473690,Absolver,4.166666666666667,"Action, Adventure, Indie",6
76561198108773562,686600,Rapture Rejects,0.0,"Action, Indie, Massively Multiplayer, Early Access",0
76561198108773562,686810,Hell Let Loose,71.85,"Action, Indie, Massively Multiplayer, Simulation, Strategy",29
76561198108773562,414340,Hellblade: Senua's Sacrifice,3.1,"Action, Adventure, Indie",2
76561198108773562,747350,Hellblade: Senua's Sacrifice VR Edition,0.08333333333333333,"Action, Adventure, Indie",0
76561198108773562,240720,Getting Over It with Bennett Foddy,10.683333333333334,Action,1
76561198108773562,700330,SCP: Secret Laboratory,1.5666666666666667,"Action, Free To Play",6
76561198108773562,704270,Generation Zero®,1.6,"Action, Adventure",5
76561198108773562,466240,Deceit,5.8,"Action, Indie, Free To Play",6
76561198108773562,739630,Phasmophobia,7.5,"Action, Indie, Early Access",0
76561198108773562,751630,After the Fall®,3.533333333333333,"Action, Adventure",9
76561198108773562,475150,Titan Quest Anniversary Edition,0.0,"Action, RPG",0
76561198108773562,379430,Kingdom Come: Deliverance,6.483333333333333,"Action, Adventure, RPG",3
76561198108773562,55100,Homefront,0.3,Action,1
76561198108773562,774461,The Jackbox Party Pack 5,3.45,"Casual, Indie, Strategy",2
76561198108773562,805550,Assetto Corsa Competizione,196.51666666666668,"Racing, Simulation, Sports",0
76561198108773562,337000,Deus Ex: Mankind Divided,1.3333333333333333,"Action, RPG",0
76561198108773562,814380,Sekiro™: Shadows Die Twice - GOTY Edition,32.016666666666666,"Action, Adventure",21
76561198108773562,823130,Totally Accurate Battlegrounds,4.6,"Action, Indie, Free To Play",0
76561198108773562,552520,Far Cry® 5,48.766666666666666,"Action, Adventure",23
76561198108773562,570940,DARK SOULS™: REMASTERED,50.53333333333333,Action,20
76561198108773562,611500,Quake Champions,0.6166666666666667,"Action, Free To Play",2
76561198108773562,880940,Pummel Party,14.7,"Action, Casual, Indie",15
76561198108773562,356190,Middle-earth™: Shadow of War™,25.566666666666666,"Action, Adventure, RPG",19
76561198108773562,582010,Monster Hunter: World,35.666666666666664,Action,20
76561198108773562,892970,Valheim,20.866666666666667,"Action, Adventure, Indie, RPG, Early Access",0
76561198108773562,714010,Aimlabs,0.11666666666666667,"Action, Adventure, Casual, Indie, Simulation, Free To Play",3
76561198108773562,905340,Heave Ho,0.06666666666666667,"Adventure, Indie",0
76561198108773562,638970,Yakuza 0,4.55,"Action, Adventure, RPG",6
76561198108773562,412020,Metro Exodus,0.0,Action,0
76561198108773562,1449560,Metro Exodus,4.033333333333333,Action,4
76561198108773562,945360,Among Us,16.85,Casual,0
76561198108773562,960090,Bloons TD 6,13.733333333333333,Strategy,16
76561198108773562,961440,Unknown,0.5166666666666667,,5
76561198108773562,893180,Catherine Classic,1.3166666666666667,Adventure,3
76561198108773562,342180,Arizona Sunshine®,4.5,"Action, Adventure, Indie",26
76561198108773562,450390,The Lab,0.15,Free To Play,0
76561198108773562,1005300,The Jackbox Party Pack 6,10.0,"Casual, Indie, Strategy",4
76561198108773562,1020470,Evoland Legendary Edition,0.0,"Action, Adventure, Casual, Indie, RPG",0
76561198108773562,1030840,Mafia: Definitive Edition,5.033333333333333,"Action, Adventure",12
76561198108773562,1049590,Eternal Return,0.0,"Indie, Strategy, Free To Play",0
76561198108773562,976730,Halo: The Master Chief Collection,338.0833333333333,Action,247
76561198108773562,359320,Elite Dangerous,61.86666666666667,"Action, Adventure, Massively Multiplayer, RPG, Simulation, Strategy",0
76561198108773562,1091500,Cyberpunk 2077,177.33333333333334,RPG,34
76561198108773562,1141550,CUCKOLD SIMULATOR: Life as a Beta Male Cuck,1.0666666666666667,"Action, Adventure, Casual, Indie, Simulation, Early Access",6
76561198108773562,617290,Remnant: From the Ashes,31.783333333333335,"Action, Adventure, RPG",23
76561198108773562,1144200,Ready or Not,13.966666666666667,"Action, Adventure, Indie",1
76561198108773562,669290,Espire 1: VR Operative,1.75,"Action, Adventure, Strategy",4
76561198108773562,1172470,Apex Legends™,34.666666666666664,"Action, Adventure, Free To Play",6
76561198108773562,1174180,Red Dead Redemption 2,68.98333333333333,"Action, Adventure",11
76561198108773562,1145360,Hades,28.066666666666666,"Action, Indie, RPG",11
76561198108773562,1237970,Titanfall® 2,9.516666666666667,Action,13
76561198108773562,1258710,"BEAR, VODKA, FALL OF BERLIN! 🐻",0.2833333333333333,"Action, Adventure, Indie, Simulation",11
76561198108773562,1259420,Days Gone,58.233333333333334,"Action, Adventure",42
76561198108773562,1281930,tModLoader,3.25,"Action, Adventure, Indie, RPG, Free To Play",0
76561198108773562,1283220,Devolverland Expo,0.5833333333333334,"Action, Adventure, Free To Play, Indie",11
76561198108773562,1284210,Guild Wars 2,8.1,"Adventure, Massively Multiplayer, RPG, Free To Play",0
76561198108773562,1328670,Mass Effect™ Legendary Edition,37.25,"Action, RPG",58
76561198108773562,1347030,THE CORRIDOR,0.0,"Adventure, Indie",0
76561198108773562,408900,Unfortunate Spacemen,1.3333333333333333,"Action, Indie, Strategy, Free To Play",11
76561198108773562,1361210,"Warhammer 40,000: Darktide",40.21666666666667,"Action, Adventure, Indie",13
76561198108773562,1363430,Propagation VR,7.95,Action,0
76561198108773562,1066890,Automobilista 2,3.7666666666666666,"Action, Indie, Racing, Simulation, Sports",0
76561198108773562,1426210,It Takes Two,24.2,"Action, Adventure",8
76561198108773562,1139900,Ghostrunner,1.8,Action,3
76561198108773562,1454400,Cookie Clicker,254.98333333333332,"Casual, Indie, Simulation, Strategy",586
76561198108773562,1504980,It Takes Two Friend's Pass,0.0,,0
76561198108773562,1533390,Gorilla Tag,0.6166666666666667,"Action, Casual",0
76561198108773562,1562420,FOREWARNED,0.7333333333333333,"Action, Adventure, Indie",0
76561198108773562,1637320,Dome Keeper,10.283333333333333,"Action, Adventure, Indie, Simulation",26
76561198108773562,1240440,Halo Infinite,8.4,"Action, Free To Play",69
76561198108773562,55150,"Warhammer 40,000: Space Marine - Anniversary Edition",4.216666666666667,Action,10
76561198108773562,1782210,Crab Game,0.5166666666666667,"Action, Casual, Free To Play, Indie, Racing",0
76561198108773562,204450,Call of Juarez: Gunslinger,0.21666666666666667,Action,1
76561198108773562,1692250,F1® 22,11.966666666666667,"Racing, Sports",4
76561198108773562,1849900,Among Us 3D: VR,0.2,Casual,0
76561198108773562,3168600,Among Us 3D,0.0,Casual,0
76561198108773562,1966720,Lethal Company,8.783333333333333,"Action, Adventure, Indie, Early Access",0
76561198108773562,2012840,Portal with RTX,0.15,Action,0
76561198108773562,2108330,F1® 23,27.066666666666666,"Racing, Sports",12
76561198108773562,2075730,Unknown,0.0,,0
76561198108773562,2215430,Ghost of Tsushima DIRECTOR'S CUT,50.8,"Action, Adventure",40
76561198108773562,2050650,Resident Evil 4,20.383333333333333,"Action, Adventure",15
76561198108773562,1627720,Lies of P,6.666666666666667,"Action, Adventure, RPG",9
76561198108773562,1086940,Baldur's Gate 3,109.95,"Adventure, RPG, Strategy",26
76561198108773562,2567870,Chained Together,2.5833333333333335,"Adventure, Casual, Indie, Simulation",4
76561198108773562,2054970,Dragon's Dogma 2,46.93333333333333,"Action, RPG",23
76561198108773562,2051620,Enlisted,0.2833333333333333,"Action, Massively Multiplayer, Free To Play",0
76561198108773562,1422450,Deadlock,14.483333333333333,Action,0
76561198108773562,3164500,Schedule I,9.85,"Action, Indie, Simulation, Strategy, Early Access",5
76561198108773562,3241660,R.E.P.O.,6.25,"Action, Early Access",0
76561198108773562,2694490,Path of Exile 2,336.55,"Action, Adventure, Massively Multiplayer, RPG, Early Access",0
76561198127605984,6220,FlatOut,0.5833333333333334,"Action, Racing, Simulation",0
76561198127605984,12500,PuzzleQuest: Challenge of the Warlords,1.8833333333333333,Casual,0
76561198127605984,15170,Heroes of Might & Magic V,5.5,Strategy,0
76561198127605984,23310,The Last Remnant™,43.9,RPG,0
76561198127605984,23700,Puzzle Kingdoms,9.133333333333333,Casual,0
76561198127605984,70400,Recettear: An Item Shop's Tale,7.2,"RPG, Indie",0
76561198127605984,8930,Sid Meier's Civilization® V,1.5,Strategy,4
76561198127605984,38600,Faerie Solitaire,2.45,"Casual, Indie, RPG",8
76561198127605984,583930,Faerie Solitaire Remastered,0.0,Casual,0
76561198127605984,78000,Bejeweled® 3,11.95,"Casual, Strategy",31
76561198127605984,102200,Runespell: Overture,3.8833333333333333,"Adventure, Indie, RPG",11
76561198127605984,200960,Geneforge 1,0.4666666666666667,"Strategy, RPG, Indie",0
76561198127605984,200980,Geneforge 2,0.0,"Strategy, RPG, Indie",0
76561198127605984,200990,Geneforge 3,0.0,"Strategy, RPG, Indie",0
76561198127605984,201000,Geneforge 4: Rebellion,0.0,"Strategy, RPG, Indie",0
76561198127605984,201010,Geneforge 5: Overthrow,0.0,"Strategy, RPG, Indie",0
76561198127605984,214830,Half Minute Hero: Super Mega Neo Climax Ultimate Boy,0.8333333333333334,"Action, Casual, RPG",3
76561198127605984,204360,Castle Crashers®,1.0,"Action, Adventure, Casual, Indie, RPG",1
76561198127605984,216890,Blood Bowl: Chaos Edition,84.86666666666666,"Sports, Strategy",0
76561198127605984,218410,Defender's Quest: Valley of the Forgotten (DX edition),5.05,"Indie, RPG, Strategy",6
76561198127605984,215930,Jagged Alliance 2 - Wildfire,1.3666666666666667,"RPG, Strategy",0
76561198127605984,220700,RPG Maker VX Ace,5.0,"Adventure, RPG, Design & Illustration, Education, Web Publishing, Game Development",0
76561198127605984,234330,MARVEL Puzzle Quest,158.13333333333333,"Casual, RPG, Strategy, Free To Play",0
76561198127605984,248570,Toribash,2.5833333333333335,"Action, Indie, Strategy, Free To Play",6
76561198127605984,216150,MapleStory,0.5666666666666667,"Action, Adventure, Casual, Massively Multiplayer, RPG, Free To Play",0
76561198127605984,257730,Infinity Wars: Animated Trading Card Game,7.916666666666667,"Casual, Indie, Strategy, Free To Play",0
76561198127605984,232910,TrackMania² Stadium,10.883333333333333,"Racing, Sports",0
76561198127605984,217200,Worms Armageddon,0.55,Strategy,0
76561198127605984,44350,GRID 2,1.3666666666666667,"Racing, Sports",5
76561198127605984,238930,7 Grand Steps: What Ancients Begat,12.433333333333334,"Casual, Indie, Simulation, Strategy",0
76561198127605984,231740,Knights of Pen and Paper +1 Edition,3.15,"Indie, RPG",6
76561198127605984,240600,MotoGP™13,1.2833333333333334,"Racing, Simulation, Sports",5
76561198127605984,221680,Rocksmith® 2014 Edition REMASTERED LEARN & PLAY,4.616666666666666,"Casual, Simulation",2
76561198127605984,244730,Divekick,2.9833333333333334,"Action, Indie",1
76561198127605984,231670,Unknown,16.566666666666666,,3
76561198127605984,239820,Game Dev Tycoon,9.833333333333334,"Casual, Indie, Simulation, Strategy",17
76561198127605984,237890,Agarest: Generations of War,38.416666666666664,"Adventure, RPG, Strategy",9
76561198127605984,251150,The Legend of Heroes: Trails in the Sky,27.166666666666668,RPG,1
76561198127605984,251990,Long Live The Queen,1.1,"Indie, RPG, Simulation, Strategy",3
76561198127605984,252950,Rocket League®,0.7666666666666667,"Action, Indie, Racing, Sports",8
76561198127605984,208610,Unknown,0.0,,0
76561198127605984,245170,Skullgirls 2nd Encore,1.9333333333333333,"Action, Indie",0
76561198127605984,253940,Septerra Core,0.48333333333333334,RPG,0
76561198127605984,226620,Desktop Dungeons,4.016666666666667,"Adventure, Casual, Indie, RPG, Strategy",5
76561198127605984,1976950,Desktop Dungeons: Rewind,0.0,"Adventure, Indie, Strategy",0
76561198127605984,25850,Elven Legacy,0.016666666666666666,"RPG, Strategy",0
76561198127605984,42930,Elven Legacy: Magic,0.0,Strategy,0
76561198127605984,42940,Elven Legacy: Siege,0.0,Strategy,0
76561198127605984,42950,Elven Legacy: Ranger,0.0,Strategy,0
76561198127605984,258910,Citizens of Earth,0.7,RPG,0
76561198127605984,245470,Democracy 3,1.7,"Indie, Simulation, Strategy",0
76561198127605984,246580,The Typing of The Dead: Overkill,0.65,Action,3
76561198127605984,262060,Darkest Dungeon®,46.3,"Indie, RPG, Strategy",30
76561198127605984,262450,Dead Man's Draw,4.066666666666666,"Casual, Indie, Strategy",11
76561198127605984,262470,Rollers of the Realm,0.5833333333333334,"Action, Adventure, Casual, Indie, RPG",1
76561198127605984,262490,Manga Maker Comipo,4.416666666666667,"Animation & Modeling, Design & Illustration, Web Publishing",0
76561198127605984,262690,Little Racers STREET,1.3,"Casual, Indie, Racing",8
76561198127605984,263400,War of the Human Tanks,0.8166666666666667,"Adventure, Indie, Strategy",1
76561198127605984,264690,Coin Crypt,14.716666666666667,"Indie, RPG",36
76561198127605984,265400,FX Football - The Manager for Every Football Fan,0.18333333333333332,"Simulation, Sports, Strategy",0
76561198127605984,324090,Football Club Simulator - FCS #21,0.3333333333333333,"Casual, Simulation, Sports, Strategy",0
76561198127605984,266210,One Way Heroics,1.1166666666666667,"Indie, RPG",3
76561198127605984,266230,Last Dream,2.8,"Indie, RPG",2
76561198127605984,269730,The Golf Club,31.916666666666668,"Simulation, Sports",11
76561198127605984,270790,Etherlords II,1.0,"Adventure, Indie, RPG, Strategy",0
76561198127605984,271820,Card City Nights,25.35,"Adventure, Casual, Indie",5
76561198127605984,271970,Hero and Daughter+,94.76666666666667,"Indie, RPG",7
76561198127605984,271990,Dreamscape,2.65,"Adventure, Casual, Indie, RPG, Strategy",0
76561198127605984,237990,The Banner Saga,10.35,"Indie, RPG, Strategy",23
76561198127605984,272670,Unknown,4.133333333333334,,0
76561198127605984,277470,The Book of Legends,1.65,"Adventure, Indie, RPG",2
76561198127605984,278590,Heroes of Legionwood,3.033333333333333,"Casual, Indie, RPG",0
76561198127605984,280140,Millennium - A New Hope,3.0833333333333335,"Adventure, Casual, Indie, RPG",8
76561198127605984,280320,Adventurer Manager,14.8,"Casual, Indie, RPG",17
76561198127605984,282800,100% Orange Juice,46.05,"Indie, Strategy",24
76561198127605984,282900,Hyperdimension Neptunia Re;Birth1,2.966666666666667,"RPG, Strategy",7
76561198127605984,285050,Unknown,43.9,,0
76561198127605984,285800,Braveland,1.25,"Adventure, Casual, Indie, RPG, Strategy",7
76561198127605984,286120,QuestRun,1.65,RPG,5
76561198127605984,290460,Legionwood 2: Rise of the Eternal's Realm - Director's Cut,1.0166666666666666,"Casual, RPG",0
76561198127605984,291330,Final Slam 2,43.9,"Action, Casual, Indie, Sports",0
76561198127605984,291860,Pit People®,3.5,"Action, Indie, RPG, Strategy",6
76561198127605984,292370,DarkEnd,0.9666666666666667,"Indie, RPG",1
76561198127605984,293260,Card Hunter,0.7333333333333333,"RPG, Strategy, Free To Play",1
76561198127605984,294370,Crowntakers,4.866666666666666,"Indie, RPG, Strategy",6
76561198127605984,295590,Hero Generations,11.266666666666667,"Indie, RPG, Simulation, Strategy",0
76561198127605984,311690,Enter the Gungeon,10.65,"Action, Adventure, Indie",2
76561198127605984,312600,Rime Berta,5.416666666666667,"RPG, Strategy",17
76561198127605984,9880,Champions Online,0.85,"Massively Multiplayer, RPG, Free To Play",0
76561198127605984,316840,The Sacred Tears TRUE,16.083333333333332,"Indie, RPG",0
76561198127605984,317820,Guild of Dungeoneering Ultimate Edition,5.05,"Indie, RPG",0
76561198127605984,318090,DICETINY: The Lord of the Dice,1.6833333333333333,"Casual, Indie, Strategy",0
76561198127605984,321040,Unknown,1.15,,2
76561198127605984,322520,DYNASTY WARRIORS 8 Empires,39.333333333333336,Action,20
76561198127605984,323060,Tharsis,10.183333333333334,"Casual, Indie, RPG, Strategy",7
76561198127605984,324400,Pocket God vs Desert Ashes,1.65,"Indie, Strategy",1
76561198127605984,326460,ShellShock Live,9.7,"Action, Casual, Indie, Massively Multiplayer, Strategy",11
76561198127605984,327670,Ironcast,10.833333333333334,"Indie, RPG, Strategy",14
76561198127605984,329110,Gems of War - Puzzle RPG,5.116666666666666,"Action, Adventure, Casual, RPG, Strategy, Free To Play",7
76561198127605984,335190,200% Mixed Juice!,4.433333333333334,"Adventure, Indie, RPG",11
76561198127605984,250900,The Binding of Isaac: Rebirth,40.0,Action,57
76561198127605984,339400,Runestone Keeper,1.4833333333333334,"Casual, Indie, RPG, Strategy",11
76561198127605984,339800,HuniePop,9.216666666666667,"Indie, RPG, Simulation, Strategy",4
76561198127605984,343100,Overture,0.6166666666666667,"Action, Adventure, Casual, Indie, RPG, Strategy",0
76561198127605984,344800,World of Mixed Martial Arts 3,143.48333333333332,"Simulation, Sports",0
76561198127605984,345370,TyranoBuilder Visual Novel Studio,0.8,Utilities,0
76561198127605984,345890,NASCAR '15 Victory Edition,3.95,Racing,2
76561198127605984,346900,AdVenture Capitalist,170.61666666666667,"Casual, Indie, Free To Play",31
76561198127605984,347560,Terra Incognita Chapter One: The Descendant,1.0,"Adventure, Indie, RPG, Early Access",2
76561198127605984,349300,Littlewitch Romanesque: Editio Regia,7.15,"Casual, Simulation, Strategy",0
76561198127605984,349500,Cubicle Quest,3.7666666666666666,"Indie, RPG, Simulation",0
76561198127605984,349730,Popup Dungeon,88.3,"Indie, RPG, Strategy",7
76561198127605984,351510,Quiplash,0.5333333333333333,"Casual, Indie, Strategy",0
76561198127605984,222440,THE KING OF FIGHTERS 2002 UNLIMITED MATCH,4.066666666666666,Action,1
76561198127605984,347670,Karate Master 2 Knock Down Blow,0.8166666666666667,"Action, Indie, RPG, Sports",1
76561198127605984,357940,Telepath Tactics,3.65,"Indie, RPG, Strategy",0
76561198127605984,1849820,Telepath Tactics Liberated,0.0,"Indie, RPG, Strategy",0
76561198127605984,359920,Highlands,0.7666666666666667,"Indie, RPG, Strategy",1
76561198127605984,360740,Downwell,1.2166666666666666,"Action, Adventure, Indie",4
76561198127605984,361040,Doom & Destiny Advanced,8.316666666666666,"Indie, RPG",5
76561198127605984,361160,Steamalot: Epoch's Journey,2.1666666666666665,Strategy,8
76561198127605984,362090,Siralim,29.483333333333334,"Indie, RPG",89
76561198127605984,363600,Holy Potatoes! A Weapon Shop?!,5.616666666666666,"Indie, Simulation",2
76561198127605984,363970,Clicker Heroes,479.4,"Adventure, Casual, Indie, RPG, Simulation, Strategy, Free To Play",92
76561198127605984,364640,FreeCell Quest,2.816666666666667,"Casual, Indie, RPG, Strategy",0
76561198127605984,365360,Battle Brothers,15.866666666666667,"RPG, Simulation, Strategy",18
76561198127605984,240460,Unknown,5.35,,1
76561198127605984,370240,NBA 2K16,149.48333333333332,Sports,16
76561198127605984,370710,Last Heroes,2.5,"Adventure, Casual, Indie, RPG",0
76561198127605984,371570,Tap Heroes,30.966666666666665,"Action, Adventure, Casual, Indie, RPG",36
76561198127605984,375430,The Logomancer,2.6166666666666667,"Adventure, Indie, RPG",0
76561198127605984,380360,Tap Tap Infinity,34.06666666666667,"Action, Casual, Free To Play, Indie, RPG",54
76561198127605984,380560,Spandex Force: Champion Rising,2.4833333333333334,"Casual, Indie, RPG",0
76561198127605984,383080,Sakura Clicker,25.916666666666668,"Casual, Free To Play, Indie",0
76561198127605984,383720,Swords & Crossbones: An Epic Pirate Story,1.0833333333333333,"Adventure, RPG, Simulation, Strategy",1
76561198127605984,384980,Battle for Blood - Epic battles within 30 seconds!,5.216666666666667,"Casual, Free To Play, Indie, Strategy",10
76561198127605984,385590,Lethal RPG: War,1.1,"Indie, RPG",0
76561198127605984,294040,Loot Hero DX,3.0,"Action, Adventure, Casual, Indie, RPG",20
76561198127605984,388270,Baseball Mogul 2015,56.55,"Casual, Simulation, Sports, Strategy",0
76561198127605984,389730,TEKKEN 7,16.833333333333332,"Action, Sports",34
76561198127605984,389870,Mugen Souls,32.666666666666664,"Adventure, RPG, Strategy",20
76561198127605984,390880,Redemption: Eternal Quest,4.616666666666666,"Casual, Indie, RPG, Strategy",0
76561198127605984,391280,Epic Manager - Create Your Own Adventuring Agency!,8.633333333333333,"Adventure, Indie, RPG, Simulation, Strategy",0
76561198127605984,392620,Lucadian Chronicles,1.8,"Indie, RPG, Strategy",0
76561198127605984,385240,Ultimate Arena,8.066666666666666,Simulation,2
76561198127605984,393930,RoShamBo,1.1666666666666667,"Action, Casual, Free To Play, Indie, RPG, Sports, Early Access",5
76561198127605984,399670,Game Corp DX,0.6333333333333333,"Indie, Simulation",0
76561198127605984,400660,Reverse Crawl,4.483333333333333,"Action, Adventure, RPG, Strategy",10
76561198127605984,402310,Overfall,44.56666666666667,"Adventure, Indie, RPG, Strategy",2
76561198127605984,392940,Epic Quest of the 4 Crystals,2.75,"Adventure, Casual, Indie, RPG, Strategy",6
76561198127605984,402840,Crusaders of the Lost Idols,179.55,"Casual, Free To Play, Indie",12
76561198127605984,403940,Dungelot: Shattered Lands,20.733333333333334,"Action, Indie, RPG",42
76561198127605984,363890,RPG Maker MV,23.35,"RPG, Design & Illustration, Education, Web Publishing, Game Development",0
76561198127605984,408640,Code of Princess,5.733333333333333,"Action, Adventure, RPG",2
76561198127605984,409000,Mystery Chronicle: One Way Heroics,10.433333333333334,RPG,7
76561198127605984,409850,Criminal Girls: Invite Only,6.016666666666667,"RPG, Strategy",1
76561198127605984,409870,Phantom Brave PC,8.833333333333334,RPG,4
76561198127605984,410840,Rock God Tycoon,4.633333333333334,"Casual, Indie, Simulation",8
76561198127605984,413150,Stardew Valley,46.03333333333333,"Indie, RPG, Simulation",12
76561198127605984,414870,Super Mega Baseball 2,23.816666666666666,"Indie, Simulation, Sports",13
76561198127605984,415200,Motorsport Manager,78.73333333333333,"Racing, Simulation, Sports, Strategy",19
76561198127605984,415480,Hyperdevotion Noire: Goddess Black Heart (Neptunia),18.8,"RPG, Strategy",13
76561198127605984,419990,Ganbare! Super Strikers,2.5166666666666666,"RPG, Sports, Strategy",3
76561198127605984,421810,OH! RPG!,6.883333333333334,"Adventure, Casual, Indie, RPG, Strategy",5
76561198127605984,422130,Comic Book Hero: The Greatest Cape,4.566666666666666,"RPG, Simulation",0
76561198127605984,422140,Wrestling Spirit 3,1.2166666666666666,"Simulation, Sports",0
76561198127605984,424060,The Glow,1.6,"RPG, Strategy",1
76561198127605984,426000,HunieCam Studio,8.766666666666667,"Indie, Simulation",4
76561198127605984,429620,Dungeon Rushers,1.0166666666666666,"Indie, RPG, Strategy",1
76561198127605984,430080,Elysium: Blood Games,25.283333333333335,"Casual, Indie, Simulation, Sports, Strategy",0
76561198127605984,394310,Punch Club,9.116666666666667,"Indie, RPG, Strategy",30
76561198127605984,431960,Wallpaper Engine,0.0,"Casual, Indie, Animation & Modeling, Design & Illustration, Photo Editing, Utilities",0
76561198127605984,432350,Epic Battle Fantasy 5,13.083333333333334,"Adventure, RPG, Strategy",39
76561198127605984,434920,Last Heroes 2,0.0,"Adventure, Casual, Indie, RPG",0
76561198127605984,438040,Shakes and Fidget,124.23333333333333,"Adventure, Casual, Indie, Massively Multiplayer, RPG, Strategy, Free To Play",0
76561198127605984,440540,Ara Fell: Enhanced Edition,2.0833333333333335,"Action, Adventure, Casual, Indie, RPG",0
76561198127605984,442500,Age of Gladiators,13.9,"Casual, Indie, RPG, Simulation, Sports, Strategy",15
76561198127605984,443260,Hero Generations: ReGen,1.5333333333333334,"Indie, RPG, Simulation, Strategy",10
76561198127605984,448080,Fibbage XL,0.0,"Casual, Indie, Strategy",0
76561198127605984,452780,Unknown,12.433333333333334,,0
76561198127605984,458420,Last Heroes 3,0.0,"Adventure, Casual, Indie, RPG, Strategy",0
76561198127605984,458730,Conception II: Children of the Seven Stars,17.733333333333334,RPG,10
76561198127605984,459540,Cherry Tree High Girls' Fight,34.43333333333333,"Indie, Simulation, Sports",0
76561198127605984,459640,You... and who else?,2.5166666666666666,"Adventure, Casual, Indie, RPG, Simulation, Strategy",3
76561198127605984,459820,Crush Crush,36.233333333333334,"Casual, Indie, Free To Play",19
76561198127605984,461910,Forge of Gods (RPG),1.4,"Free To Play, Massively Multiplayer, RPG, Strategy",5
76561198127605984,463160,Super Dungeon Tactics,28.933333333333334,"Indie, RPG, Strategy",11
76561198127605984,463980,Solitairica,45.95,"Indie, RPG, Strategy",18
76561198127605984,464150,Regalia: Of Men and Monarchs,35.9,"Indie, RPG, Simulation, Strategy",28
76561198127605984,465710,Heroes Tactics,0.0,"Action, Adventure, Free To Play, Indie, RPG, Strategy",0
76561198127605984,466170,Idling to Rule the Gods,14.883333333333333,"Casual, Indie, Simulation, Strategy, Free To Play",3
76561198127605984,461820,Legionwood 1: Tale of the Two Swords,2.7,"Casual, Free To Play, RPG",0
76561198127605984,474750,Reigns,10.433333333333334,"Adventure, Indie, RPG, Simulation",3
76561198127605984,485620,Pick a Hero,0.4166666666666667,"Casual, Indie, Strategy",0
76561198127605984,486720,Bastard Bonds,5.516666666666667,"Indie, RPG, Strategy",0
76561198127605984,486860,MMORPG Tycoon 2,20.666666666666668,"Indie, Simulation, Strategy, Early Access",1
76561198127605984,488910,Astral Heroes,2.566666666666667,"Free To Play, Indie, Strategy",0
76561198127605984,489220,Unforgiving Trials: The Darkest Crusade,0.4166666666666667,"Adventure, Indie, RPG",0
76561198127605984,492800,Shonen Idle Z,359.53333333333336,Free To Play,105
76561198127605984,493370,Ragnarok Clicker,696.2166666666667,"Adventure, Casual, Free To Play, RPG, Simulation, Strategy",47
76561198127605984,494090,Dungeon Girl,3.4,Casual,7
76561198127605984,495280,Disgaea 2 PC,48.45,RPG,7
76561198127605984,496620,Monster Slayers,74.08333333333333,"Action, Indie",12
76561198127605984,497560,Crimson Sword Saga: The Peloran Wars,1.7,"Free To Play, Indie, RPG",0
76561198127605984,501030,Extravaganza Rising,5.0,"Adventure, Indie, RPG, Strategy",0
76561198127605984,502740,50 years,29.233333333333334,"Indie, Strategy",37
76561198127605984,508440,Totally Accurate Battle Simulator,3.0,"Indie, Simulation, Strategy",0
76561198127605984,510630,Soccer Manager 2017,2.566666666666667,"Free To Play, Indie, Sports, Strategy",0
76561198127605984,512250,Oh...Sir!! The Insult Simulator,13.35,"Indie, Simulation",7
76561198127605984,514200,Mythic Victory Arena,1.0833333333333333,"Casual, RPG, Strategy, Early Access",4
76561198127605984,517720,Epic Tavern,9.033333333333333,"Adventure, Indie, RPG, Strategy, Early Access",4
76561198127605984,510510,WWE 2K17,13.533333333333333,"Simulation, Sports",6
76561198127605984,527710,Crown Champion: Legends of the Arena,1.3,"Action, Adventure, Indie, RPG",2
76561198127605984,527990,Gladiator Trainer,0.5833333333333334,"Action, Adventure, Indie, RPG",0
76561198127605984,528190,Carpe Deal 'Em,2.316666666666667,"Simulation, Strategy",0
76561198127605984,529160,Moekuri: Adorable + Tactical SRPG,10.65,"Indie, RPG, Strategy",2
76561198127605984,533540,MONMUSU,12.1,"Casual, Free To Play, Indie",7
76561198127605984,544750,SOULCALIBUR VI,1.15,Action,2
76561198127605984,241300,Card City Nights 2,1.8833333333333333,"Adventure, Indie, Strategy",2
76561198127605984,547680,Guild Quest,106.06666666666666,"Casual, Free To Play, Indie, RPG, Simulation, Strategy, Early Access",70
76561198127605984,550170,RPG Fighter League,29.733333333333334,"Action, Indie, RPG",34
76561198127605984,557810,Clicker Guild,5.433333333333334,Free To Play,28
76561198127605984,557410,Dream Quest,33.916666666666664,RPG,0
76561198127605984,563750,World Boxing Manager,1.55,"Simulation, Sports, Strategy",0
76561198127605984,564230,Fire Pro Wrestling World,42.483333333333334,"Simulation, Sports",24
76561198127605984,564710,Soda Dungeon,187.88333333333333,"Casual, RPG, Free To Play",22
76561198127605984,571740,Golf It!,4.1,"Casual, Indie, Simulation, Sports",6
76561198127605984,574580,To The Capital,0.8,RPG,0
76561198127605984,575330,Oh...Sir! The Hollywood Roast,3.466666666666667,"Adventure, Indie, Simulation",11
76561198127605984,575550,Hell Girls,1.3833333333333333,"Adventure, Indie, RPG, Strategy",42
76561198127605984,578890,Selatria: Advent of the Dakk'rian Empire,1.7,"Adventure, Casual, Indie, RPG, Strategy",0
76561198127605984,587460,Knightfall: Rivals,0.45,"Casual, Free To Play, Strategy",3
76561198127605984,589870,Learn to Fly 3,11.416666666666666,"Action, Adventure, Casual, Free To Play, Indie, Simulation, Strategy",25
76561198127605984,596650,Tap Adventure: Time Travel,45.68333333333333,"Adventure, Free To Play",50
76561198127605984,597970,Age of Rivals,148.06666666666666,"Indie, Strategy",0
76561198127605984,598810,Carcassonne - Tiles & Tactics,0.45,"Casual, Strategy",0
76561198127605984,603750,- Arcane Raise -,1.8166666666666667,"Adventure, Casual, Indie, RPG, Strategy",37
76561198127605984,607020,Last Heroes 4,0.0,"Adventure, Casual, Indie, RPG, Strategy",0
76561198127605984,607050,Wargroove,1.6833333333333333,"Indie, Strategy",1
76561198127605984,610080,Realm Grinder,137.08333333333334,"Free To Play, RPG, Strategy",12
76561198127605984,612020,Zombidle : REMONSTERED,1.7166666666666666,"Casual, Free To Play, Indie, Strategy",9
76561198127605984,625140,Ragnarok Journey,473.0833333333333,"Casual, Free To Play, Massively Multiplayer, RPG",0
76561198127605984,625860,God Awe-full Clicker,1.7,"Action, Adventure, Casual, Free To Play, Indie, RPG, Simulation, Strategy",16
76561198127605984,627690,Idle Champions of the Forgotten Realms,50.21666666666667,"Action, Adventure, Indie, Strategy, Free To Play",7
76561198127605984,629910,Clicker Heroes 2,11.75,"Action, Adventure, Casual, Indie, RPG, Simulation, Strategy, Early Access",1
76561198127605984,554510,The Golf Club 2™,31.35,"Simulation, Sports",7
76561198127605984,646570,Slay the Spire,231.46666666666667,"Indie, Strategy",25
76561198127605984,506260,Cladun Returns: This Is Sengoku!,1.4333333333333333,"Action, RPG",3
76561198127605984,652980,Loading Screen Simulator,0.5833333333333334,"Casual, Free To Play, Indie, Simulation",7
76561198127605984,658160,ClickRaid,4.85,"Action, Adventure, Casual, Indie",21
76561198127605984,665330,Wrestling Revolution 3D,1.7,"Action, Indie, Simulation, Sports, Strategy",0
76561198127605984,666860,Bit Heroes Quest,25.016666666666666,"Adventure, Free To Play, Massively Multiplayer, RPG",12
76561198127605984,669500,Himeko Sutori,1.25,"Indie, RPG, Strategy",0
76561198127605984,236690,Blood Bowl 2,2.4,"Sports, Strategy",6
76561198127605984,602490,Blood Bowl: Death Zone,0.0,"Sports, Strategy",0
76561198127605984,679900,Swords & Souls: Neverseen,23.283333333333335,"Action, Adventure, Indie, RPG",24
76561198127605984,683600,Football Mogul 18,56.2,"Casual, Simulation, Sports, Strategy",6
76561198127605984,691980,Fortune's Tavern - Remastered,5.216666666666667,"Indie, RPG, Simulation",2
76561198127605984,699170,Fell Seal: Arbiter's Mark,0.0,"Indie, RPG, Strategy",0
76561198127605984,709670,Clarent Saga: Tactics,0.5,"Indie, RPG, Strategy",0
76561198127605984,567640,Danganronpa V3: Killing Harmony,9.25,Adventure,2
76561198127605984,733990,I Can't Believe It's Not Gambling,3.966666666666667,"Casual, Simulation",17
76561198127605984,754160,Defenders of Tetsoidea Academy,2.1,"Action, Adventure, Casual, Free To Play, Indie, RPG",0
76561198127605984,758190,Dragon Cliff,8.216666666666667,"Adventure, Casual, Indie, RPG, Simulation, Strategy",14
76561198127605984,760630,Tennis Elbow Manager 2,2.8666666666666667,"Simulation, Sports",17
76561198127605984,763890,Wildermyth,2.75,"Indie, RPG, Strategy",1
76561198127605984,764030,Realm Revolutions,62.65,Free To Play,0
76561198127605984,770100,One Deck Dungeon,12.933333333333334,"Adventure, Indie, RPG, Strategy",4
76561198127605984,783590,Age of Gladiators II: Rome,3.45,"Indie, RPG, Sports, Strategy",15
76561198127605984,786850,Roun,1.2833333333333334,"Free To Play, Indie, RPG",0
76561198127605984,797430,HD Poker: Texas Hold'em,37.916666666666664,"Casual, Free To Play, Massively Multiplayer, Simulation, Strategy",0
76561198127605984,806580,7th Deep,8.5,RPG,0
76561198127605984,469830,Fable Fortune,1.0166666666666666,"Free To Play, Strategy",0
76561198127605984,818610,The Great Gaias,1.5666666666666667,"Adventure, Indie, RPG",3
76561198127605984,821880,Idol Manager,29.066666666666666,"Indie, Simulation, Strategy",49
76561198127605984,836440,MonsterxMan: Inheritence To Lust,4.583333333333333,"Sexual Content, Nudity, Adventure, Free To Play, Indie, RPG",0
76561198127605984,840260,Endless World Idle RPG,4.283333333333333,"Action, Adventure, Casual, Free To Play, Indie, Massively Multiplayer, Racing, RPG, Strategy",4
76561198127605984,841770,Siralim 3,10.85,RPG,110
76561198127605984,842150,Wild West Saga: Idle Tycoon Clicker,1.95,"Casual, Free To Play, Indie, Simulation",4
76561198127605984,848030,Roundguard,13.75,"Casual, Indie, RPG, Strategy",46
76561198127605984,803600,Disgaea 5 Complete,32.2,"RPG, Strategy",11
76561198127605984,851110,Idle Racing GO: Clicker Tycoon,19.85,"Casual, Racing, Simulation, Early Access",45
76561198127605984,855010,270 | Two Seventy US Election,0.85,Strategy,0
76561198127605984,857320,SRPG Studio,1.2833333333333334,"Animation & Modeling, Design & Illustration, Education, Game Development",0
76561198127605984,861540,Dicey Dungeons,21.783333333333335,"Indie, Strategy",0
76561198127605984,867490,Remyadry,16.7,"Indie, RPG",0
76561198127605984,871200,FIGHTING EX LAYER,1.1833333333333333,Action,4
76561198127605984,872790,Football Manager 2019,94.95,"Simulation, Sports",14
76561198127605984,872820,Football Manager 2019 Touch,0.0,"Simulation, Sports",0
76561198127605984,310950,Street Fighter V,10.883333333333333,Action,18
76561198127605984,915310,SNKRX,1.25,"Action, Casual, Indie",3
76561198127605984,919220,Destiny or Fate,10.816666666666666,"Indie, RPG, Strategy",13
76561198127605984,919370,Overdungeon,9.55,"Action, Adventure, Casual, Indie, RPG, Strategy",9
76561198127605984,817130,WWE 2K19,4.816666666666666,"Simulation, Sports",0
76561198127605984,929010,Swag and Sorcery,25.316666666666666,"Adventure, Indie, RPG, Simulation, Strategy",32
76561198127605984,932980,Axis Football 2018,10.233333333333333,"Simulation, Sports",4
76561198127605984,939990,Boxing School,2.9833333333333334,"Indie, Simulation, Strategy",0
76561198127605984,946050,Soda Dungeon 2,72.31666666666666,"Casual, Indie, RPG, Free To Play",26
76561198127605984,948350,Royal Booty Quest,0.36666666666666664,"Casual, Indie, RPG, Simulation, Strategy",0
76561198127605984,960090,Bloons TD 6,14.366666666666667,Strategy,15
76561198127605984,978520,Legend of Keepers: Career of a Dungeon Manager,33.65,"Indie, RPG, Strategy",9
76561198127605984,988910,Super Mega Baseball 3,37.71666666666667,"Action, Indie, Simulation, Sports",9
76561198127605984,992070,Idle Wizard,5.133333333333334,"Indie, Free To Play",11
76561198127605984,994220,NEOVERSE,14.383333333333333,"Action, Adventure, Casual, Indie, RPG, Strategy",5
76561198127605984,994730,Banner of the Maid,2.5833333333333335,"Indie, RPG, Strategy",1
76561198127605984,998340,DragonFang - Drahn's Mystery Dungeon,0.2833333333333333,"Free To Play, RPG",2
76561198127605984,1002430,Victory Road,16.633333333333333,"Action, Indie, Simulation, Sports, Strategy, Early Access",1
76561198127605984,1010670,Dungeon Dreams,45.53333333333333,RPG,0
76561198127605984,1011510,Wizard And Minion Idle,904.05,"Free To Play, RPG, Strategy",32
76561198127605984,1013320,Firestone: Online Idle RPG,1.3333333333333333,"Action, Adventure, Casual, Indie, Massively Multiplayer, RPG, Simulation, Strategy, Free To Play",4
76561198127605984,1017100,Territory Idle,73.06666666666666,"Free To Play, Indie, Strategy",37
76561198127605984,838380,DEAD OR ALIVE 6,3.6666666666666665,Action,15
76561198127605984,1048370,Idle Skilling,4.433333333333334,"Casual, Indie, Simulation, Free To Play",0
76561198127605984,1049320,River City Girls,0.4,Action,3
76561198127605984,1055990,Erannorth Reborn,4.45,"Adventure, Indie, RPG, Strategy",6
76561198127605984,1066030,Heroland,8.05,RPG,2
76561198127605984,1073490,Monster X Monster,2.95,"Adventure, Indie, RPG, Strategy, Early Access",5
76561198127605984,1076200,Roguebook,7.533333333333333,"Adventure, Indie, RPG, Strategy",17
76561198127605984,1083880,Princess & Conquest,3.4166666666666665,"Action, Adventure, Indie, RPG",6
76561198127605984,1087330,Royal Merchant,9.25,"Adventure, Casual, Indie, RPG, Simulation, Sports, Strategy",0
76561198127605984,921570,OCTOPATH TRAVELER™,68.33333333333333,RPG,40
76561198127605984,1097150,Fall Guys,1.8833333333333333,"Action, Casual, Indie, Massively Multiplayer, Sports",8
76561198127605984,1097420,No-brainer Heroes 挂机吧！勇者,10.183333333333334,"Adventure, Casual, Indie, RPG, Simulation, Strategy",20
76561198127605984,1097530,Mortal Glory,2.4,"Indie, RPG, Simulation, Strategy",1
76561198127605984,1098210,Axis Football 2019,2.7333333333333334,"Indie, Simulation, Sports, Strategy",3
76561198127605984,1098610,Crush the Industry,2.3,"Indie, RPG, Strategy",3
76561198127605984,1100600,Football Manager 2020,4.366666666666666,"Simulation, Sports",2
76561198127605984,1100620,Football Manager 2020 Touch,0.0,"Simulation, Sports",0
76561198127605984,1102190,Monster Train,46.016666666666666,Strategy,26
76561198127605984,1106080,Princess Project,1.3,"Indie, RPG",0
76561198127605984,1106340,Legend Bowl,5.883333333333334,"Action, Indie, Simulation, Sports, Strategy",8
76561198127605984,1133760,CHRONO CROSS: THE RADICAL DREAMERS EDITION,5.716666666666667,"Adventure, RPG",1
76561198127605984,1134570,F1® 2021,1.7833333333333334,"Racing, Simulation, Sports",1
76561198127605984,1147690,NGU IDLE,239.2,"Adventure, Indie, Simulation, Free To Play",21
76561198127605984,1089350,NBA 2K20,8.8,"Simulation, Sports",1
76561198127605984,1160750,Grim Clicker,24.533333333333335,"Indie, RPG, Free To Play",30
76561198127605984,1163040,Billion Road,1.0666666666666667,"Casual, Strategy",7
76561198127605984,1178400,Pro Cycling Manager 2020,3.3,"Simulation, Sports, Strategy",6
76561198127605984,1184820,Poker Quest: Swords and Spades,6.866666666666666,"Adventure, Indie, RPG, Strategy",0
76561198127605984,1188260,Creature Card Idle,2.966666666666667,"Casual, Indie, RPG, Strategy",6
76561198127605984,1188930,Chrono Ark,26.533333333333335,"Adventure, Indie, RPG, Strategy",1
76561198127605984,1145360,Hades,3.3833333333333333,"Action, Indie, RPG",1
76561198127605984,1225330,NBA 2K21,48.983333333333334,"Simulation, Sports",18
76561198127605984,1227280,Despot's Game: Dystopian Battle Simulator,4.083333333333333,"Indie, RPG, Strategy",7
76561198127605984,1234940,Astronarch,2.1333333333333333,"Casual, Indie, RPG, Strategy",6
76561198127605984,1235110,Rising Star 2,31.283333333333335,"Indie, RPG, Simulation",55
76561198127605984,1251970,Gladiator Manager,1.4833333333333334,"Indie, Simulation, Sports, Strategy",10
76561198127605984,1255630,WWE 2K22,25.55,"Simulation, Sports",7
76561198127605984,1256670,Library Of Ruina,22.6,"Indie, RPG, Strategy",19
76561198127605984,1258780,B100X - Auto Dungeon RPG,0.9333333333333333,"Casual, RPG, Strategy, Free To Play",3
76561198127605984,1260590,Hadean Tactics,7.6,"Indie, Strategy",20
76561198127605984,1263850,Football Manager 2021,89.4,"Simulation, Sports",29
76561198127605984,1263860,Football Manager 2021 Touch,0.0,"Simulation, Sports",0
76561198127605984,1267910,Melvor Idle,1.5333333333333334,"Adventure, Casual, Indie, RPG",2
76561198127605984,1268110,ISEKAI QUEST,1.9666666666666666,"Adventure, Casual, Indie, RPG",9
76561198127605984,1268810,Doors of Insanity,6.983333333333333,"Adventure, RPG, Strategy",13
76561198127605984,2860020,Doors of Insanity: ReOpened,0.0,"Adventure, Casual, Indie, Strategy",0
76561198127605984,1239520,Madden NFL 21,36.56666666666667,"Simulation, Sports, Strategy",6
76561198127605984,442070,Drawful 2,0.0,"Casual, Indie, Strategy",0
76561198127605984,1278540,Esports Godfather,34.31666666666667,"Casual, Indie, RPG, Simulation, Sports, Strategy",32
76561198127605984,1281170,Pro Strategy Football 2021,2.2333333333333334,"Indie, Simulation, Sports, Strategy",0
76561198127605984,1282730,Loop Hero,22.8,"Indie, RPG, Strategy",22
76561198127605984,1286010,Godless Tactics,1.2333333333333334,"Adventure, Strategy",0
76561198127605984,1325860,VTube Studio,0.15,"Indie, Animation & Modeling, Video Production",0
76561198127605984,1332470,Gladiator Guild Manager: Prologue,0.9166666666666666,"Indie, Simulation, Strategy",3
76561198127605984,1313860,EA SPORTS™ FIFA 21,55.28333333333333,"Simulation, Sports",3
76561198127605984,1333350,Angel Legion,0.0,"Adventure, RPG, Strategy, Free To Play",0
76561198127605984,1342890,Who Needs a Hero?,2.6,"Adventure, Casual, Indie, RPG, Simulation",20
76561198127605984,1349540,DPS IDLE,19.0,"Casual, Indie, Free To Play",19
76561198127605984,1353300,Idle Slayer,80.75,"Casual, Indie, Strategy, Free To Play",373
76561198127605984,1359120,The Dungeon Beneath,5.033333333333333,"Indie, Strategy",7
76561198127605984,1371630,Incremental Adventures,17.283333333333335,"Casual, Free To Play, Indie, RPG",4
76561198127605984,1372810,Teamfight Manager,14.566666666666666,"Indie, Simulation, Sports",11
76561198127605984,1374840,Dark Deity,23.266666666666666,"Adventure, Indie, RPG, Strategy",23
76561198127605984,1393500,Time Break Chronicles,1.6333333333333333,"Indie, RPG, Strategy, Early Access",7
76561198127605984,1395850,Home and Dungeon,1.8166666666666667,RPG,3
76561198127605984,1401560,Kilta,1.7166666666666666,"Indie, RPG, Strategy",0
76561198127605984,1404850,Luck be a Landlord,5.033333333333333,"Indie, Simulation, Strategy",0
76561198127605984,1413480,Shin Megami Tensei III Nocturne HD Remaster,10.2,RPG,13
76561198127605984,1433990,NGU INDUSTRIES,0.5166666666666667,"Free To Play, Indie, Early Access",0
76561198127605984,1441840,FALL IN LABYRINTH,16.75,"Adventure, Indie, RPG",0
76561198127605984,1446930,Merge & Blade,3.5166666666666666,"Adventure, Casual, Indie, RPG, Simulation, Strategy",17
76561198127605984,1454400,Cookie Clicker,68.76666666666667,"Casual, Indie, Simulation, Strategy",75
76561198127605984,1476970,IdleOn - The Idle RPG,11.55,"Casual, Indie, Massively Multiplayer, RPG, Simulation, Free To Play, Early Access",10
76561198127605984,1482910,Idle Monster TD,11.283333333333333,"Casual, Free To Play, Indie, Strategy",4
76561198127605984,1487210,Super Mega Baseball™ 4,85.03333333333333,"Simulation, Sports",13
76561198127605984,1488200,Symphony of War: The Nephilim Saga,39.46666666666667,"Adventure, Indie, RPG, Strategy",9
76561198127605984,1506830,FIFA 22,1.65,"Simulation, Sports",0
76561198127605984,1519350,Madden NFL 22,77.73333333333333,"Casual, Simulation, Sports, Strategy",5
76561198127605984,1530340,Incremental Epic Hero,9.733333333333333,"Adventure, Free To Play, RPG, Strategy",1
76561198127605984,1535560,Farmer Against Potatoes Idle,1.25,"Casual, Free To Play, Indie, RPG, Simulation",11
76561198127605984,1540960,Underworld Idle,0.7166666666666667,"Free To Play, Indie, Strategy",1
76561198127605984,1546320,Your Chronicle,9.55,"RPG, Free To Play",5
76561198127605984,1565140,Godsbane Idle,2.216666666666667,"Free To Play, Indie, RPG, Early Access",16
76561198127605984,1569040,Football Manager 2022,2.1333333333333333,"Simulation, Sports",0
76561198127605984,1569090,Vivid Knight,24.183333333333334,"Simulation, Strategy",28
76561198127605984,1576280,Moviehouse – The Film Studio Tycoon,6.183333333333334,"Casual, Indie, Simulation, Strategy",0
76561198127605984,1582200,Sanctuary Saga,3.183333333333333,RPG,0
76561198127605984,1608040,Castle Morihisa,3.066666666666667,"Indie, Strategy",7
76561198127605984,1650860,Chambers of Devious Design,1.0333333333333334,"Casual, Indie, Strategy",1
76561198127605984,1652250,Tales & Tactics,17.983333333333334,"Adventure, RPG, Strategy",18
76561198127605984,1638390,Indies' Lies,7.116666666666666,"RPG, Strategy",6
76561198127605984,1664060,Idle Monster Frontier,0.9333333333333333,"Free To Play, Indie, RPG",0
76561198127605984,1669980,Volcano Princess,20.083333333333332,"Casual, Indie, RPG, Simulation, Strategy",106
76561198127605984,1674890,👑 Idle Calibur 👑（选王之剑）,6.233333333333333,"Adventure, Casual, Indie, RPG, Simulation, Strategy",10
76561198127605984,1689350,My life as an archeologist,1.3,Casual,0
76561198127605984,1691970,Danganronpa S: Ultimate Summer Camp,39.8,Adventure,21
76561198127605984,1705140,Final Profit: A Shop RPG,7.9,"Casual, Indie, RPG, Simulation",20
76561198127605984,1709920,Idle Pins,3.033333333333333,"Casual, Free To Play, Indie, RPG",6
76561198127605984,1714040,Super Auto Pets,74.06666666666666,"Free To Play, Strategy",0
76561198127605984,1644960,NBA 2K22,350.6666666666667,"Simulation, Sports",18
76561198127605984,1732060,Makai Kingdom: Reclaimed and Rebound,3.1166666666666667,RPG,2
76561198127605984,1732090,Words Can Kill,3.7,"Indie, RPG, Strategy",5
76561198127605984,1749750,Disgaea 6 Complete,15.266666666666667,"RPG, Strategy",8
76561198127605984,1753410,King of Kinks,1.1666666666666667,"RPG, Strategy, Free To Play",0
76561198127605984,1760250,Madden NFL 23,171.0,"Simulation, Sports",9
76561198127605984,1766390,FORWARD: Escape the Fold - Ultimate Edition,1.9333333333333333,"Casual, Indie, Strategy",0
76561198127605984,1772480,Jelle's Marble League,4.05,"Action, Simulation, Sports",0
76561198127605984,1775490,Slice & Dice,40.9,"Casual, Indie, RPG, Strategy",0
76561198127605984,1794400,Plinko Panic!,1.1333333333333333,"Casual, Simulation, Strategy, Early Access",0
76561198127605984,1794680,Vampire Survivors,4.833333333333333,"Action, Casual, Indie, RPG",27
76561198127605984,1803580,Bard Idle,14.183333333333334,"Indie, RPG, Strategy, Free To Play, Early Access",3
76561198127605984,1806700,Monster Girl Manager,2.8666666666666667,"Casual, Indie, RPG, Strategy",3
76561198127605984,1827980,Idle Spiral,49.15,"Casual, Indie, Simulation, Strategy, Free To Play",19
76561198127605984,1830970,The Last Flame,0.8166666666666667,"Adventure, Indie, RPG, Strategy",1
76561198127605984,1843470,Dungeon Dreams 2,17.883333333333333,RPG,0
76561198127605984,1843760,Rogue Tower,5.616666666666666,"Casual, Strategy",5
76561198127605984,1850510,TRIANGLE STRATEGY,64.35,"RPG, Simulation, Strategy",35
76561198127605984,1866120,Heartwood Heroes,2.7666666666666666,"Casual, Indie, RPG, Strategy",5
76561198127605984,1866980,Worlds of Aria,2.75,"Adventure, RPG",7
76561198127605984,1877960,Trimps,13.033333333333333,"Casual, Free To Play, Indie, Strategy",0
76561198127605984,1891700,Tap Ninja - Idle game,2.783333333333333,"Action, Casual, Indie, RPG, Free To Play",17
76561198127605984,1903970,World Championship Boxing Manager™ 2,6.95,"Simulation, Sports, Strategy",16
76561198127605984,1909420,Tinyfolks,1.3166666666666667,"Indie, RPG, Strategy",7
76561198127605984,1939940,Roll Player - The Board Game,7.2,"Casual, Indie, RPG, Strategy",0
76561198127605984,1940340,Darkest Dungeon® II,4.75,"Indie, RPG, Strategy",10
76561198127605984,1942900,VanillaBeast: Retro Knock-Out!,4.35,"Casual, Indie, Sports",9
76561198127605984,1948800,Yi Xian: The Cultivation Card Game,1.2833333333333334,"Casual, Indie, Strategy, Free To Play",0
76561198127605984,1954930,Stronghold’s Dungeon,1.35,"Indie, Strategy, Early Access",2
76561198127605984,1960800,Overrogue,40.266666666666666,"Adventure, RPG, Simulation, Strategy",19
76561198127605984,1981160,BANCHOU TACTICS,2.3833333333333333,Strategy,6
76561198127605984,2026000,Our Adventurer Guild,12.15,"Indie, RPG, Strategy",5
76561198127605984,1919590,NBA 2K23,43.45,"Simulation, Sports",18
76561198127605984,2092850,Krzyżacy - The Knights of the Cross,11.966666666666667,"Adventure, Indie, RPG",11
76561198127605984,1451090,Tactics Ogre: Reborn,7.316666666666666,"RPG, Simulation",2
76561198127605984,2103640,Axis Football 2023,15.016666666666667,"Indie, Simulation, Sports, Strategy",3
76561198127605984,1588010,PGA TOUR 2K23,53.483333333333334,"RPG, Simulation, Sports",16
76561198127605984,2140330,Madden NFL 24,124.3,"Simulation, Sports, Strategy",6
76561198127605984,2212330,Your Only Move Is HUSTLE,0.7666666666666667,"Action, Indie, Simulation, Strategy",1
76561198127605984,2216660,Mortal Glory 2,23.883333333333333,"Indie, RPG, Simulation, Strategy",4
76561198127605984,1942660,WWE 2K23,37.1,"Simulation, Sports",4
76561198127605984,2358770,Million Monster Militia,0.9166666666666666,Strategy,0
76561198127605984,2379780,Balatro,16.95,"Casual, Indie, Strategy",10
76561198127605984,2402710,DPS IDLE 2,9.766666666666667,"Indie, Strategy, Free To Play, Early Access",36
76561198127605984,2411910,miniBONG,2.7333333333333334,"Casual, Indie, RPG, Strategy",1
76561198127605984,2422090,Treasure Chest Clicker,1.0833333333333333,"Casual, Indie",21
76561198127605984,2422110,Axis Football 2024,20.6,"Indie, Simulation, Sports, Strategy",3
76561198127605984,2471100,Unnamed Space Idle,0.0,"Casual, Simulation, Free To Play, Early Access",2
76561198127605984,2338770,NBA 2K24,118.91666666666667,"Simulation, Sports",13
76561198127605984,2526380,Sword of Convallaria,31.5,"RPG, Strategy, Free To Play",0
76561198127605984,2560500,Astral Throne,6.05,"Indie, RPG, Strategy",2
76561198127605984,2582560,EA SPORTS™ Madden NFL 25,28.883333333333333,"Simulation, Sports, Strategy",3
76561198127605984,2605600,Facehand,1.6833333333333333,Strategy,1
76561198127605984,2622000,Astral Party ,0.31666666666666665,"Casual, Indie, RPG, Strategy",0
76561198127605984,2659970,Lucky Mayor,1.9,"Casual, Indie, Strategy",5
76561198127605984,2745800,Writer's Rush,1.7333333333333334,"Casual, Indie, Simulation, Strategy",18
76561198127605984,2864890,Magic Research 2,1.0833333333333333,"Indie, RPG, Simulation",1
76561198127605984,2941580,Journey of Wrestling,36.21666666666667,"Simulation, Sports",8
76561198245411354,10,Counter-Strike,0.0,Action,0
76561198245411354,80,Counter-Strike: Condition Zero,0.0,Action,0
76561198245411354,100,Counter-Strike: Condition Zero,0.0,Action,0
76561198245411354,300,Day of Defeat: Source,0.0,Action,5
76561198245411354,30,Day of Defeat,0.0,Action,0
76561198245411354,40,Deathmatch Classic,0.0,Action,0
76561198245411354,60,Ricochet,0.0,Action,0
76561198245411354,240,Counter-Strike: Source,0.0,Action,79
76561198245411354,2610,GUN™,0.0,Action,0
76561198245411354,2630,Call of Duty® 2,0.0,Action,0
76561198245411354,4000,Garry's Mod,0.0,"Casual, Indie, Simulation",19
76561198245411354,2620,Call of Duty® (2003),0.0,Action,0
76561198245411354,2640,Call of Duty: United Offensive,0.0,Action,0
76561198245411354,6860,Hitman: Blood Money,0.0,Action,0
76561198245411354,2280,DOOM + DOOM II,0.0,Action,0
76561198245411354,4500,S.T.A.L.K.E.R.: Shadow of Chernobyl,0.0,"Action, RPG",0
76561198245411354,400,Portal,0.0,Action,5
76561198245411354,7940,Call of Duty® 4: Modern Warfare® (2007),0.0,Action,0
76561198245411354,12100,Grand Theft Auto III,0.0,Action,0
76561198245411354,12230,Grand Theft Auto III,0.0,,0
76561198245411354,12120,Grand Theft Auto: San Andreas,0.0,Action,0
76561198245411354,12250,Grand Theft Auto: San Andreas,0.0,,0
76561198245411354,12140,Max Payne,0.0,Action,0
76561198245411354,12130,Manhunt,0.0,Action,0
76561198245411354,13520,Far Cry®,0.0,Action,0
76561198245411354,20,Team Fortress Classic,0.0,Action,0
76561198245411354,50,Half-Life: Opposing Force,0.0,Action,0
76561198245411354,70,Half-Life,0.0,Action,0
76561198245411354,130,Half-Life: Blue Shift,0.0,Action,0
76561198245411354,220,Half-Life 2,0.0,Action,22
76561198245411354,280,Half-Life: Source,0.0,Action,0
76561198245411354,320,Half-Life 2: Deathmatch,0.0,Action,0
76561198245411354,360,Half-Life Deathmatch: Source,0.0,Action,0
76561198245411354,19900,Far Cry® 2,0.0,Action,0
76561198245411354,20510,S.T.A.L.K.E.R.: Clear Sky,0.0,"Action, RPG",0
76561198245411354,500,Left 4 Dead,0.0,Action,15
76561198245411354,12200,Bully: Scholarship Edition,0.0,"Action, Adventure",0
76561198245411354,10090,Call of Duty: World at War,0.0,Action,0
76561198245411354,9480,Saints Row 2,0.0,Action,0
76561198245411354,21980,Call of Juarez: Bound in Blood,0.0,Action,0
76561198245411354,10180,Call of Duty®: Modern Warfare® 2 (2009),0.0,Action,45
76561198245411354,10190,Call of Duty®: Modern Warfare® 2 (2009),0.0,Action,0
76561198245411354,550,Left 4 Dead 2,0.0,Action,26
76561198245411354,41700,S.T.A.L.K.E.R.: Call of Pripyat,0.0,"Action, RPG",0
76561198245411354,22380,Fallout: New Vegas,0.0,"Action, RPG",25
76561198245411354,42700,Call of Duty®: Black Ops,0.0,Action,19
76561198245411354,42710,Call of Duty®: Black Ops,0.0,Action,0
76561198245411354,12210,Grand Theft Auto IV: The Complete Edition,0.0,"Action, Adventure",55
76561198245411354,620,Portal 2,0.0,"Action, Adventure",1
76561198245411354,105600,Terraria,0.0,"Action, Adventure, Indie, RPG",33
76561198245411354,42680,Call of Duty®: Modern Warfare® 3 (2011),0.0,Action,18
76561198245411354,42690,Unknown,0.0,,0
76561198245411354,41070,Serious Sam 3: BFE,0.0,"Action, Indie",8
76561198245411354,564310,Serious Sam Fusion 2017 (beta),0.0,"Action, Indie",0
76561198245411354,110800,L.A. Noire,0.0,"Adventure, Strategy",28
76561198245411354,213330,LEGO® Batman™ 2: DC Super Heroes,0.0,"Action, Adventure",0
76561198245411354,12110,Grand Theft Auto: Vice City,0.0,Action,0
76561198245411354,12170,Unknown,0.0,,0
76561198245411354,12180,Grand Theft Auto 2,0.0,Action,0
76561198245411354,12240,Unknown,0.0,,0
76561198245411354,219150,Hotline Miami,0.0,"Action, Indie",10
76561198245411354,223470,POSTAL 2,0.0,"Action, Adventure, Indie",21
76561198245411354,55230,Saints Row: The Third,0.0,Action,12
76561198245411354,220240,Far Cry 3,0.0,"Action, Adventure",0
76561198245411354,202970,Call of Duty®: Black Ops II,0.0,Action,35
76561198245411354,202990,Call of Duty®: Black Ops II,0.0,Action,0
76561198245411354,212910,Call of Duty: Black Ops II - Zombies,0.0,,0
76561198245411354,204100,Max Payne 3,0.0,Action,67
76561198245411354,223710,Cry of Fear,0.0,"Action, Adventure, Indie",0
76561198245411354,224260,No More Room in Hell,0.0,"Action, Indie, Free To Play",1
76561198245411354,220200,Kerbal Space Program,0.0,"Indie, Simulation",0
76561198245411354,242760,The Forest,0.0,"Action, Adventure, Indie, Simulation",12
76561198245411354,218620,PAYDAY 2,0.0,"Action, RPG",354
76561198245411354,206420,Saints Row IV: Re-Elected,0.0,"Action, Adventure",5
76561198245411354,107410,Arma 3,0.0,"Action, Simulation, Strategy",7
76561198245411354,108600,Project Zomboid,0.0,"Indie, RPG, Simulation, Early Access",0
76561198245411354,271590,Grand Theft Auto V Legacy,0.0,"Action, Adventure",65
76561198245411354,3240220,Grand Theft Auto V Enhanced,0.0,"Action, Adventure, Racing",0
76561198245411354,273110,Counter-Strike Nexon,0.0,"Action, Casual, Indie, Massively Multiplayer, Free To Play",0
76561198245411354,225840,Sven Co-op,0.0,"Action, Casual, Indie, Free To Play",0
76561198245411354,284160,BeamNG.drive,0.0,"Racing, Simulation, Early Access",0
76561198245411354,201810,Wolfenstein: The New Order,0.0,Action,15
76561198245411354,304930,Unturned,0.0,"Action, Adventure, Casual, Indie, Free To Play",11
76561198245411354,274170,Hotline Miami 2: Wrong Number,0.0,"Action, Indie",2
76561198245411354,307690,Sleeping Dogs: Definitive Edition,0.0,"Action, Adventure, Racing",0
76561198245411354,264710,Subnautica,0.0,"Adventure, Indie",2
76561198245411354,730,Counter-Strike 2,0.0,"Action, Free To Play",1
76561198245411354,298110,Far Cry® 4,0.0,"Action, Adventure",0
76561198245411354,332310,LEGO® Worlds,0.0,Adventure,17
76561198245411354,301910,Saints Row: Gat out of Hell,0.0,Action,18
76561198245411354,362890,Black Mesa,0.0,"Action, Adventure, Indie",7
76561198245411354,418460,Rising Storm 2: Vietnam,0.0,"Action, Massively Multiplayer, Simulation, Strategy",0
76561198245411354,427190,DEAD RISING®,0.0,"Action, Adventure",4
76561198245411354,434570,Blood and Bacon,0.0,"Action, Adventure, Casual",8
76561198245411354,438100,VRChat,0.0,"Adventure, Casual, Massively Multiplayer, Simulation, Sports, Free To Play, Early Access",0
76561198245411354,50130,Mafia II (Classic),0.0,Action,49
76561198245411354,1030830,Mafia II: Definitive Edition,0.0,"Action, Adventure",1
76561198245411354,360430,Mafia III: Definitive Edition,0.0,"Action, Adventure",37
76561198245411354,292030,The Witcher 3: Wild Hunt,0.0,RPG,0
76561198245411354,546560,Half-Life: Alyx,0.0,"Action, Adventure",9
76561198245411354,578310,BRAIN / OUT,0.0,"Action, Free To Play, Indie, Massively Multiplayer",1
76561198245411354,587650,Half-Life 2: DownFall,0.0,"Action, Free To Play",0
76561198245411354,590830,s&box,0.0,"Action, Casual, Simulation, Sports, Strategy, Free To Play",0
76561198245411354,447820,Day of Infamy,0.0,"Action, Indie, Strategy",28
76561198245411354,621060,PC Building Simulator,0.0,"Indie, Simulation",7
76561198245411354,629730,Blade and Sorcery,0.0,"Action, Adventure, Indie, RPG, Simulation",0
76561198245411354,386180,Crossout,0.0,"Action, Adventure, Massively Multiplayer, Racing, Free To Play",5
76561198245411354,655100,Oik 3,0.0,"Casual, Indie",16
76561198245411354,17500,Zombie Panic! Source,0.0,"Action, Adventure, Casual, Indie, Free To Play",0
76561198245411354,393080,Call of Duty®: Modern Warfare® Remastered (2017),0.0,Action,14
76561198245411354,393100,Unknown,0.0,,0
76561198245411354,476600,Call of Duty®: WWII,0.0,Action,0
76561198245411354,476620,Call of Duty®: WWII,0.0,Action,4
76561198245411354,722230,L.A. Noire: The VR Case Files,0.0,"Action, Adventure",4
76561198245411354,40990,Mafia,0.0,"Action, Adventure",0
76561198245411354,552520,Far Cry® 5,0.0,"Action, Adventure",0
76561198245411354,204450,Call of Juarez: Gunslinger,0.0,Action,19
76561198245411354,460930,Tom Clancy's Ghost Recon® Wildlands,0.0,"Action, Adventure",0
76561198245411354,945360,Among Us,0.0,Casual,0
76561198245411354,978300,Saints Row®: The Third™ Remastered,0.0,"Action, Adventure",38
76561198245411354,450390,The Lab,0.0,Free To Play,0
76561198245411354,1030840,Mafia: Definitive Edition,0.0,"Action, Adventure",43
76561198245411354,1091500,Cyberpunk 2077,0.0,RPG,1
76561198245411354,1144200,Ready or Not,0.0,"Action, Adventure, Indie",1
76561198245411354,1174180,Red Dead Redemption 2,0.0,"Action, Adventure",43
76561198245411354,1238840,Battlefield™ 1,0.0,"Action, Massively Multiplayer",0
76561198245411354,1238860,Battlefield 4™,0.0,Action,0
76561198245411354,1379630,RealRTCW,0.0,Action,14
76561198245411354,1238810,Battlefield™ V,0.0,Action,0
76561198245411354,1782210,Crab Game,0.0,"Action, Casual, Free To Play, Indie, Racing",0
76561198245411354,1985810,Call of Duty®: Black Ops Cold War,0.0,Action,5
76561198245411354,1938090,Call of Duty®,0.0,Action,21
76561198245411354,2270,Wolfenstein 3D,0.0,Action,0
76561198245411354,9010,Return to Castle Wolfenstein,0.0,Action,0
76561198245411354,1873030,Wolfenstein: Enemy Territory,0.0,Action,0
76561198245411354,2231380,Tom Clancy's Ghost Recon® Breakpoint,0.0,"Action, Adventure",0
76561198245411354,43160,Unknown,0.0,,0
76561198245411354,1272080,PAYDAY 3,0.0,"Action, Adventure, RPG",4
76561198245411354,2668510,Red Dead Redemption,0.0,Action,51
76561198405405706,10,Counter-Strike,0.016666666666666666,Action,0
76561198405405706,80,Counter-Strike: Condition Zero,0.0,Action,0
76561198405405706,100,Counter-Strike: Condition Zero,0.0,Action,0
76561198405405706,300,Day of Defeat: Source,0.1,Action,0
76561198405405706,20,Team Fortress Classic,0.0,Action,0
76561198405405706,30,Day of Defeat,0.0,Action,0
76561198405405706,40,Deathmatch Classic,0.0,Action,0
76561198405405706,50,Half-Life: Opposing Force,0.0,Action,0
76561198405405706,60,Ricochet,0.0,Action,0
76561198405405706,70,Half-Life,0.21666666666666667,Action,0
76561198405405706,130,Half-Life: Blue Shift,0.0,Action,0
76561198405405706,220,Half-Life 2,0.0,Action,0
76561198405405706,320,Half-Life 2: Deathmatch,0.0,Action,0
76561198405405706,360,Half-Life Deathmatch: Source,0.0,Action,0
76561198405405706,240,Counter-Strike: Source,0.95,Action,19
76561198405405706,280,Half-Life: Source,0.0,Action,0
76561198405405706,4000,Garry's Mod,6.683333333333334,"Casual, Indie, Simulation",5
76561198405405706,400,Portal,3.0833333333333335,Action,5
76561198405405706,500,Left 4 Dead,0.0,Action,0
76561198405405706,17390,SPORE™,11.0,"Action, Adventure, Casual, RPG, Simulation, Strategy",0
76561198405405706,17440,SPORE™ Creepy & Cute Parts Pack,0.0,Simulation,0
76561198405405706,24720,SPORE™ Galactic Adventures,0.0,"Action, Simulation",0
76561198405405706,550,Left 4 Dead 2,26.566666666666666,Action,25
76561198405405706,47890,The Sims™ 3,0.7,Simulation,0
76561198405405706,47800,RISK™: Factions,147.05,Strategy,9
76561198405405706,620,Portal 2,29.35,"Action, Adventure",32
76561198405405706,105600,Terraria,3.183333333333333,"Action, Adventure, Indie, RPG",7
76561198405405706,71420,London 2012: The Official Video Game of the Olympic Games,8.916666666666666,"Casual, Racing, Simulation, Sports",16
76561198405405706,104900,ORION: Prelude,3.55,"Action, Adventure, Indie, RPG",18
76561198405405706,206440,To the Moon,1.15,"Adventure, Indie, RPG",0
76561198405405706,224700,The Game of Life,0.1,"Casual, Strategy",0
76561198405405706,219890,Antichamber,2.033333333333333,"Adventure, Indie",0
76561198405405706,230410,Warframe,112.48333333333333,"Action, RPG, Free To Play",104
76561198405405706,233450,Prison Architect,2.066666666666667,"Indie, Simulation, Strategy",0
76561198405405706,218620,PAYDAY 2,64.63333333333334,"Action, RPG",173
76561198405405706,239820,Game Dev Tycoon,36.61666666666667,"Casual, Indie, Simulation, Strategy",31
76561198405405706,251570,7 Days to Die,66.86666666666666,"Action, Adventure, Indie, RPG, Simulation, Strategy",24
76561198405405706,252950,Rocket League®,50.36666666666667,"Action, Indie, Racing, Sports",54
76561198405405706,242700,Injustice: Gods Among Us Ultimate Edition,0.0,Action,0
76561198405405706,264200,One Finger Death Punch,10.283333333333333,"Action, Casual, Indie",94
76561198405405706,265930,Goat Simulator,2.8833333333333333,"Casual, Indie, Simulation",13
76561198405405706,266010,LYNE,5.033333333333333,"Casual, Indie",12
76561198405405706,271590,Grand Theft Auto V Legacy,18.783333333333335,"Action, Adventure",4
76561198405405706,3240220,Grand Theft Auto V Enhanced,0.0,"Action, Adventure, Racing",0
76561198405405706,246620,Plague Inc: Evolved,27.116666666666667,"Casual, Indie, Simulation, Strategy",49
76561198405405706,286160,Tabletop Simulator,0.9,"Casual, Indie, RPG, Simulation, Strategy",2
76561198405405706,312280,Simply Chess,13.283333333333333,"Casual, Free To Play, Indie, Strategy",7
76561198405405706,319510,Five Nights at Freddy's,2.283333333333333,"Indie, Simulation",0
76561198405405706,203160,Tomb Raider,36.5,"Action, Adventure",31
76561198405405706,323850,Move or Die,5.45,"Action, Indie",19
76561198405405706,326460,ShellShock Live,41.766666666666666,"Action, Casual, Indie, Massively Multiplayer, Strategy",24
76561198405405706,327410,A Bird Story,0.0,"Adventure, Indie, RPG",0
76561198405405706,730,Counter-Strike 2,1001.7666666666667,"Action, Free To Play",1
76561198405405706,334230,Town of Salem,62.56666666666667,"Action, Casual, RPG, Strategy",91
76561198405405706,339800,HuniePop,3.9166666666666665,"Indie, RPG, Simulation, Strategy",1
76561198405405706,343710,Kholat,4.083333333333333,"Adventure, Indie",1
76561198405405706,346110,ARK: Survival Evolved,51.06666666666667,"Action, Adventure, Indie, Massively Multiplayer, RPG",32
76561198405405706,407530,ARK: The Survival Of The Fittest,0.0,"Action, Adventure, Indie, Massively Multiplayer, RPG, Strategy",0
76561198405405706,298630,The Escapists,4.833333333333333,"Action, Adventure, Indie, Simulation, Strategy",5
76561198405405706,255710,Cities: Skylines,58.05,"Simulation, Strategy",22
76561198405405706,363970,Clicker Heroes,33.1,"Adventure, Casual, Indie, RPG, Simulation, Strategy, Free To Play",41
76561198405405706,374320,DARK SOULS™ III,0.3333333333333333,Action,0
76561198405405706,381210,Dead by Daylight,170.51666666666668,Action,92
76561198405405706,367580,Hook,1.4833333333333334,"Casual, Indie",1
76561198405405706,386940,Ultimate Chicken Horse,1.2,"Action, Casual, Indie",3
76561198405405706,391540,Undertale,1.5166666666666666,"Indie, RPG",0
76561198405405706,403120,THE GAME OF LIFE,14.416666666666666,"Adventure, Casual, Simulation",10
76561198405405706,406850,Crush Your Enemies,2.3666666666666667,"Action, Indie, Strategy",8
76561198405405706,413150,Stardew Valley,157.1,"Indie, RPG, Simulation",37
76561198405405706,431240,Golf With Your Friends,38.7,"Casual, Indie, Sports",47
76561198405405706,391220,Rise of the Tomb Raider™,57.61666666666667,"Action, Adventure",81
76561198405405706,470220,UNO,22.833333333333332,Casual,0
76561198405405706,474750,Reigns,1.6666666666666667,"Adventure, Indie, RPG, Simulation",1
76561198405405706,477160,Human Fall Flat,11.783333333333333,"Adventure, Casual, Indie, Simulation",58
76561198405405706,486860,MMORPG Tycoon 2,8.2,"Indie, Simulation, Strategy, Early Access",2
76561198405405706,319630,Life is Strange - Episode 1,2.033333333333333,"Action, Adventure",3
76561198405405706,512250,Oh...Sir!! The Insult Simulator,2.9833333333333334,"Indie, Simulation",5
76561198405405706,518790,theHunter: Call of the Wild™,13.416666666666666,"Adventure, Simulation, Sports",14
76561198405405706,312660,Sniper Elite 4,7.483333333333333,"Action, Adventure",6
76561198405405706,292030,The Witcher 3: Wild Hunt,28.3,RPG,10
76561198405405706,550010,Happy Room,19.816666666666666,"Action, Indie, Simulation",33
76561198405405706,337340,Finding Paradise,0.0,"Adventure, Indie, RPG",0
76561198405405706,562810,MONOPOLY® PLUS,3.716666666666667,Casual,0
76561198405405706,468070,90 Minute Fever - Online Football (Soccer) Manager,25.983333333333334,"Massively Multiplayer, Simulation, Sports",0
76561198405405706,524220,NieR:Automata™,46.3,"Action, RPG",31
76561198405405706,597220,West of Loathing,13.15,"Adventure, Indie, RPG",10
76561198405405706,597970,Age of Rivals,0.18333333333333332,"Indie, Strategy",0
76561198405405706,606490,Duck Life 6: Space,17.6,"Casual, Indie, Racing, Simulation, Sports",0
76561198405405706,611040,Tube Tycoon,35.53333333333333,"Casual, Indie, Simulation, Strategy",34
76561198405405706,615610,Orbt XL,2.466666666666667,"Action, Casual, Indie",31
76561198405405706,641990,The Escapists 2,7.95,"Indie, Simulation, Strategy",17
76561198405405706,648800,Raft,114.95,"Adventure, Indie, Simulation",91
76561198405405706,655370,Train Bandit,1.05,"Action, Indie",4
76561198405405706,674940,Stick Fight: The Game,2.05,"Action, Casual, Indie",10
76561198405405706,698780,Doki Doki Literature Club!,0.016666666666666666,"Casual, Free To Play, Indie",0
76561198405405706,711810,Never Split the Party,0.03333333333333333,"Action, Adventure, Indie, RPG, Simulation, Free To Play",0
76561198405405706,466240,Deceit,4.35,"Action, Indie, Free To Play",5
76561198405405706,739630,Phasmophobia,21.866666666666667,"Action, Indie, Early Access",8
76561198405405706,753640,Outer Wilds,18.183333333333334,"Action, Adventure",5
76561198405405706,822990,Spinnortality | cyberpunk management sim,11.583333333333334,"Indie, Simulation, Strategy",2
76561198405405706,843440,Pivot XL,1.4333333333333333,"Action, Casual, Indie",24
76561198405405706,853550,Equilinox,3.75,"Casual, Indie, Simulation",0
76561198405405706,750920,Shadow of the Tomb Raider: Definitive Edition,31.566666666666666,"Action, Adventure",60
76561198405405706,862570,Ding Dong XL,1.6,"Action, Casual, Indie",32
76561198405405706,872790,Football Manager 2019,215.7,"Simulation, Sports",60
76561198405405706,872820,Football Manager 2019 Touch,333.28333333333336,"Simulation, Sports",84
76561198405405706,823130,Totally Accurate Battlegrounds,0.18333333333333332,"Action, Indie, Free To Play",0
76561198405405706,945360,Among Us,59.21666666666667,Casual,16
76561198405405706,986130,Shadows of Doubt,7.75,"Action, Adventure, Indie, RPG",0
76561198405405706,1014810,Happy Words,0.75,"Casual, Indie, Strategy",4
76561198405405706,1016920,Unrailed!,4.783333333333333,"Action, Casual, Indie",5
76561198405405706,1081510,She Sees Red - Interactive Movie,0.6166666666666667,"Adventure, Indie",4
76561198405405706,1082430,Before Your Eyes,1.85,"Adventure, Indie",4
76561198405405706,1097150,Fall Guys,27.083333333333332,"Action, Casual, Indie, Massively Multiplayer, Sports",26
76561198405405706,976730,Halo: The Master Chief Collection,3.0833333333333335,Action,2
76561198405405706,1128000,Cube World,18.05,"Adventure, Indie, RPG",0
76561198405405706,1128810,RISK: Global Domination,9.3,"Casual, Strategy, Free To Play",18
76561198405405706,1085660,Destiny 2,0.05,"Action, Adventure, Free To Play",0
76561198405405706,1174180,Red Dead Redemption 2,35.333333333333336,"Action, Adventure",5
76561198405405706,1182620,Impostor Factory,0.0,"Adventure, Casual, Indie, RPG",0
76561198405405706,1206560,WorldBox - God Simulator,11.133333333333333,"Indie, Simulation, Early Access",32
76561198405405706,1222670,The Sims™ 4,80.65,"Adventure, Casual, Simulation, Free To Play",0
76561198405405706,1241510,The Test,0.4,"Adventure, Casual, Indie, RPG, Simulation",0
76561198405405706,1131720,PROP AND SEEK®,0.0,"Action, Casual, Massively Multiplayer, Strategy",0
76561198405405706,1263850,Football Manager 2021,128.88333333333333,"Simulation, Sports",60
76561198405405706,1263860,Football Manager 2021 Touch,263.06666666666666,"Simulation, Sports",78
76561198405405706,1313860,EA SPORTS™ FIFA 21,2.183333333333333,"Simulation, Sports",1
76561198405405706,1419170,My Singing Monsters,5.766666666666667,"Simulation, Free To Play",0
76561198405405706,1435790,Escape Simulator,1.2333333333333334,"Adventure, Casual, Indie, Simulation",6
76561198405405706,1449690,The Walking Dead: The Telltale Definitive Series,44.81666666666667,Adventure,19
76561198405405706,1455630,THE GAME OF LIFE 2,2.45,"Casual, Simulation, Strategy",1
76561198405405706,1569040,Football Manager 2022,235.2,"Simulation, Sports",53
76561198405405706,1180660,Tell Me Why,0.0,"Adventure, Free To Play",0
76561198405405706,1671340,Fears to Fathom - Home Alone,0.38333333333333336,"Adventure, Casual, Indie, Free To Play",3
76561198405405706,1714040,Super Auto Pets,9.5,"Free To Play, Strategy",0
76561198405405706,1186740,Kyle is Famous: Complete Edition,1.2166666666666666,"Adventure, Casual, Indie, Simulation",4
76561198405405706,1868140,DAVE THE DIVER,26.283333333333335,"Adventure, Casual, RPG, Simulation",29
76561198405405706,1904540,Football Manager 2023,815.25,"Simulation, Sports",61
76561198405405706,1966720,Lethal Company,41.166666666666664,"Action, Adventure, Indie, Early Access",0
76561198405405706,1284190,The Planet Crafter,79.91666666666667,Adventure,55
76561198405405706,2237980,Outpath: First Journey,0.43333333333333335,"Adventure, Casual, Indie",0
76561198405405706,1562430,DREDGE,13.6,"Adventure, RPG",31
76561198405405706,2324650,The Murder of Sonic the Hedgehog,0.4666666666666667,"Casual, Free To Play, Indie, Simulation",0
76561198405405706,2140510,Town of Salem 2,2.2,"Action, Casual, RPG, Strategy, Free To Play",4
76561198405405706,2696480,Nothing,0.03333333333333333,"Action, Adventure, Casual, Racing",0
76561198405405706,315210,Suicide Squad: Kill the Justice League,28.7,Action,32
76561198405405706,2881650,Content Warning,3.316666666666667,"Action, Adventure, Indie",0
76561198405405706,2920570,Dale & Dawson Stationery Supplies,1.3166666666666667,"Casual, RPG, Strategy",7
76561198405405706,3241660,R.E.P.O.,2.8333333333333335,"Action, Early Access",0
76561198961717161,10,Counter-Strike,0.8166666666666667,Action,0
76561198961717161,80,Counter-Strike: Condition Zero,0.18333333333333332,Action,0
76561198961717161,100,Counter-Strike: Condition Zero,2.75,Action,0
76561198961717161,300,Day of Defeat: Source,0.6166666666666667,Action,0
76561198961717161,20,Team Fortress Classic,0.0,Action,0
76561198961717161,30,Day of Defeat,0.0,Action,0
76561198961717161,40,Deathmatch Classic,0.0,Action,0
76561198961717161,50,Half-Life: Opposing Force,19.9,Action,0
76561198961717161,60,Ricochet,0.0,Action,0
76561198961717161,70,Half-Life,22.45,Action,0
76561198961717161,130,Half-Life: Blue Shift,3.1166666666666667,Action,0
76561198961717161,220,Half-Life 2,67.21666666666667,Action,44
76561198961717161,320,Half-Life 2: Deathmatch,0.4166666666666667,Action,0
76561198961717161,360,Half-Life Deathmatch: Source,1.4833333333333334,Action,0
76561198961717161,240,Counter-Strike: Source,12.216666666666667,Action,46
76561198961717161,280,Half-Life: Source,0.0,Action,0
76561198961717161,2630,Call of Duty® 2,13.1,Action,0
76561198961717161,4000,Garry's Mod,468.51666666666665,"Casual, Indie, Simulation",16
76561198961717161,2990,FlatOut 2,0.6166666666666667,Racing,0
76561198961717161,3480,Peggle Deluxe,20.516666666666666,Casual,0
76561198961717161,6910,Deus Ex: Game of the Year Edition,0.7833333333333333,Action,0
76561198961717161,2270,Wolfenstein 3D,0.36666666666666664,Action,0
76561198961717161,2280,DOOM + DOOM II,13.633333333333333,Action,10
76561198961717161,2300,DOOM II,1.7333333333333334,Action,0
76561198961717161,2310,Quake,1.3666666666666667,Action,3
76561198961717161,2320,Quake II,1.9166666666666667,Action,1
76561198961717161,400,Portal,3.5166666666666666,Action,5
76561198961717161,7940,Call of Duty® 4: Modern Warfare® (2007),19.716666666666665,Action,0
76561198961717161,12130,Manhunt,2.5,Action,0
76561198961717161,12140,Max Payne,20.916666666666668,Action,0
76561198961717161,12150,Max Payne 2: The Fall of Max Payne,31.633333333333333,Action,0
76561198961717161,13520,Far Cry®,7.016666666666667,Action,0
76561198961717161,15120,Tom Clancy's Rainbow Six® Vegas 2,0.4666666666666667,Action,0
76561198961717161,12360,FlatOut: Ultimate Carnage Collector's Edition,3.533333333333333,Racing,3
76561198961717161,19900,Far Cry® 2,3.5,Action,0
76561198961717161,3540,Peggle™ Nights,0.0,Casual,0
76561198961717161,500,Left 4 Dead,2.283333333333333,Action,5
76561198961717161,17470,Dead Space (2008),22.766666666666666,"Action, Adventure",0
76561198961717161,17410,Mirror's Edge™,10.266666666666667,"Action, Adventure",0
76561198961717161,22330,The Elder Scrolls IV: Oblivion® Game of the Year Edition (2009),0.0,RPG,0
76561198961717161,22340,Call of Cthulhu®: Dark Corners of the Earth,0.016666666666666666,,0
76561198961717161,6000,STAR WARS™ Republic Commando™,1.0166666666666666,Action,0
76561198961717161,13570,Tom Clancy's Splinter Cell Chaos Theory®,6.116666666666666,Action,0
76561198961717161,550,Left 4 Dead 2,28.75,Action,13
76561198961717161,41700,S.T.A.L.K.E.R.: Call of Pripyat,2.2,"Action, RPG",0
76561198961717161,42670,Singularity™,1.95,Action,0
76561198961717161,45740,Dead Rising® 2,4.516666666666667,"Action, Adventure",2
76561198961717161,57300,Amnesia: The Dark Descent,0.06666666666666667,"Action, Adventure, Indie",1
76561198961717161,42700,Call of Duty®: Black Ops,52.78333333333333,Action,42
76561198961717161,42710,Call of Duty®: Black Ops,0.03333333333333333,Action,0
76561198961717161,9010,Return to Castle Wolfenstein,0.25,Action,0
76561198961717161,620,Portal 2,12.333333333333334,"Action, Adventure",18
76561198961717161,19680,Alice: Madness Returns,0.0,"Action, Adventure",0
76561198961717161,24240,PAYDAY™ The Heist,12.483333333333333,Action,5
76561198961717161,42680,Call of Duty®: Modern Warfare® 3 (2011),14.666666666666666,Action,22
76561198961717161,42690,Unknown,0.016666666666666666,,0
76561198961717161,16450,F.E.A.R. 2: Project Origin,0.0,Action,0
76561198961717161,21090,F.E.A.R.,17.4,Action,0
76561198961717161,21100,F.E.A.R. 3,0.0,Action,0
76561198961717161,21110,F.E.A.R.,9.183333333333334,Action,0
76561198961717161,21120,F.E.A.R.,0.0,Action,0
76561198961717161,22380,Fallout: New Vegas,3.933333333333333,"Action, RPG",1
76561198961717161,108710,Alan Wake,15.0,"Action, Adventure",27
76561198961717161,204100,Max Payne 3,92.5,Action,23
76561198961717161,50300,Spec Ops: The Line,12.266666666666667,"Action, Adventure",35
76561198961717161,219150,Hotline Miami,15.116666666666667,"Action, Indie",5
76561198961717161,205100,Dishonored,0.7666666666666667,"Action, Adventure",0
76561198961717161,200510,XCOM: Enemy Unknown,0.0,Strategy,0
76561198961717161,9050,DOOM 3,20.766666666666666,Action,0
76561198961717161,9070,DOOM 3 Resurrection of Evil,0.35,Action,0
76561198961717161,208200,DOOM 3,0.016666666666666666,Action,0
76561198961717161,4720,Condemned: Criminal Origins,21.0,Action,0
76561198961717161,223470,POSTAL 2,25.933333333333334,"Action, Adventure, Indie",23
76561198961717161,202970,Call of Duty®: Black Ops II,59.06666666666667,Action,35
76561198961717161,202990,Call of Duty®: Black Ops II,2.2,Action,0
76561198961717161,212910,Call of Duty: Black Ops II - Zombies,0.21666666666666667,,0
76561198961717161,230410,Warframe,0.0,"Action, RPG, Free To Play",0
76561198961717161,223710,Cry of Fear,20.366666666666667,"Action, Adventure, Indie",0
76561198961717161,223750,DCS World Steam Edition,0.0,"Simulation, Free To Play",0
76561198961717161,224260,No More Room in Hell,1.45,"Action, Indie, Free To Play",1
76561198961717161,238210,System Shock® 2 (Classic),1.65,"Action, RPG",0
76561198961717161,242760,The Forest,4.233333333333333,"Action, Adventure, Indie, Simulation",2
76561198961717161,225160,Shadow Warrior Classic Redux,0.16666666666666666,Action,0
76561198961717161,218620,PAYDAY 2,112.56666666666666,"Action, RPG",208
76561198961717161,251110,INFRA,6.133333333333334,"Adventure, Indie",3
76561198961717161,252330,Slender: The Arrival,0.8666666666666667,"Action, Adventure, Indie",2
76561198961717161,107410,Arma 3,3.3333333333333335,"Action, Simulation, Strategy",6
76561198961717161,247430,Hitman: Contracts,1.25,Action,0
76561198961717161,22120,Penumbra: Black Plague Gold Edition,0.0,"Action, Adventure, Indie",0
76561198961717161,22140,Penumbra: Requiem,0.0,"Adventure, Indie",0
76561198961717161,22180,Penumbra Overture,0.21666666666666667,"Action, Adventure, Indie",0
76561198961717161,108600,Project Zomboid,0.26666666666666666,"Indie, RPG, Simulation, Early Access",0
76561198961717161,270370,Lambda Wars,0.0,"Strategy, Free To Play",0
76561198961717161,270880,American Truck Simulator,0.0,"Indie, Simulation",0
76561198961717161,235460,METAL GEAR RISING: REVENGEANCE,2.6333333333333333,Action,4
76561198961717161,271590,Grand Theft Auto V Legacy,173.86666666666667,"Action, Adventure",17
76561198961717161,3240220,Grand Theft Auto V Enhanced,10.266666666666667,"Action, Adventure, Racing",1
76561198961717161,273110,Counter-Strike Nexon,0.0,"Action, Casual, Indie, Massively Multiplayer, Free To Play",0
76561198961717161,222880,Insurgency,14.516666666666667,"Action, Indie, Strategy",8
76561198961717161,274520,Darkwood,0.0,"Action, Adventure, Indie, RPG",0
76561198961717161,225840,Sven Co-op,1.3833333333333333,"Action, Casual, Indie, Free To Play",0
76561198961717161,282140,SOMA,10.65,"Action, Adventure, Indie",10
76561198961717161,254700,Resident Evil 4 (2005),4.3,"Action, Adventure",1
76561198961717161,290930,Half-Life 2: Update,9.033333333333333,"Action, Adventure, Free To Play",13
76561198961717161,41050,Serious Sam Classic: The First Encounter,0.0,"Action, Indie",0
76561198961717161,41060,Serious Sam Classic: The Second Encounter,1.3666666666666667,"Action, Indie",0
76561198961717161,227780,Serious Sam Classics: Revolution,6.0,"Action, Indie",1
76561198961717161,38400,Fallout: A Post Nuclear Role Playing Game,0.05,RPG,0
76561198961717161,38410,Fallout 2: A Post Nuclear Role Playing Game,0.0,RPG,0
76561198961717161,317400,Portal Stories: Mel,0.6,"Action, Adventure, Free To Play",3
76561198961717161,319510,Five Nights at Freddy's,2.0833333333333335,"Indie, Simulation",0
76561198961717161,238010,Deus Ex: Human Revolution - Director's Cut,0.0,"Action, RPG",0
76561198961717161,274170,Hotline Miami 2: Wrong Number,0.6666666666666666,"Action, Indie",0
76561198961717161,45770,Dead Rising 2: Off the Record,4.95,"Action, Adventure",4
76561198961717161,307690,Sleeping Dogs: Definitive Edition,5.716666666666667,"Action, Adventure, Racing",3
76561198961717161,238320,Outlast,11.466666666666667,"Action, Adventure, Indie",9
76561198961717161,350080,Wolfenstein: The Old Blood,3.1,Action,2
76561198961717161,355180,Codename CURE,3.35,"Action, Free To Play",2
76561198961717161,16900,GROUND BRANCH,18.533333333333335,"Action, Indie, Simulation, Early Access",0
76561198961717161,1202950,Unknown,0.0,,0
76561198961717161,362870,RPG Maker 2003,0.0,"RPG, Design & Illustration, Education, Web Publishing, Game Development",0
76561198961717161,362890,Black Mesa,39.05,"Action, Adventure, Indie",12
76561198961717161,365670,Blender,8.7,"Animation & Modeling, Design & Illustration, Video Production",0
76561198961717161,298180,The Desolate Hope,0.016666666666666666,"Action, Adventure, Indie, RPG",0
76561198961717161,367500,Dragon's Dogma: Dark Arisen,0.0,"Action, Adventure, RPG",0
76561198961717161,28000,Kane & Lynch 2: Dog Days,11.9,Action,16
76561198961717161,291550,Brawlhalla,0.06666666666666667,"Action, Indie, Free To Play",0
76561198961717161,391540,Undertale,0.7,"Indie, RPG",0
76561198961717161,397550,Deus Ex: Revision,0.0,"Action, Adventure, RPG",0
76561198961717161,400040,ShareX,0.0,"Free To Play, Audio Production, Design & Illustration, Photo Editing, Utilities, Video Production, Web Publishing",0
76561198961717161,401680,POSTAL Redux,2.5,"Action, Indie",8
76561198961717161,234140,Mad Max,8.15,"Action, Adventure",9
76561198961717161,393380,Squad,1.2166666666666666,"Action, Indie, Massively Multiplayer, Strategy",0
76561198961717161,774941,Unknown,0.0,,0
76561198961717161,405820,Turok,2.0166666666666666,"Action, Adventure",0
76561198961717161,405830,Turok 2: Seeds of Evil,0.23333333333333334,"Action, Adventure",0
76561198961717161,413150,Stardew Valley,13.816666666666666,"Indie, RPG, Simulation",0
76561198961717161,427190,DEAD RISING®,25.8,"Action, Adventure",12
76561198961717161,268500,XCOM® 2,4.616666666666666,Strategy,1
76561198961717161,431960,Wallpaper Engine,1.2833333333333334,"Casual, Indie, Animation & Modeling, Design & Illustration, Photo Editing, Utilities",1
76561198961717161,434050,Duke Nukem 3D: 20th Anniversary World Tour,0.21666666666666667,"Action, Adventure",0
76561198961717161,438100,VRChat,0.0,"Adventure, Casual, Massively Multiplayer, Simulation, Sports, Free To Play, Early Access",0
76561198961717161,450540,"Hot Dogs, Horseshoes & Hand Grenades",2.816666666666667,"Action, Simulation, Early Access",0
76561198961717161,377160,Fallout 4,1.6666666666666667,RPG,2
76561198961717161,379720,DOOM,4.85,Action,3
76561198961717161,471710,Rec Room,1.2833333333333334,"Adventure, Casual, Massively Multiplayer, Free To Play",0
76561198961717161,311210,Call of Duty®: Black Ops III,67.88333333333334,"Action, Adventure",3
76561198961717161,502500,ACE COMBAT™ 7: SKIES UNKNOWN,1.45,"Action, Simulation",2
76561198961717161,292030,The Witcher 3: Wild Hunt,0.0,RPG,0
76561198961717161,418370,Resident Evil 7 Biohazard,0.9333333333333333,"Action, Adventure",5
76561198961717161,287700,METAL GEAR SOLID V: THE PHANTOM PAIN,14.2,"Action, Adventure",17
76561198961717161,311340,METAL GEAR SOLID V: GROUND ZEROES,1.8,"Action, Adventure",2
76561198961717161,546560,Half-Life: Alyx,0.0,"Action, Adventure",0
76561198961717161,550650,Black Squad,0.9,"Action, Free To Play",4
76561198961717161,552100,Brick Rigs,0.5833333333333334,Simulation,0
76561198961717161,553850,HELLDIVERS™ 2,0.9666666666666667,Action,5
76561198961717161,578330,LEGO® City Undercover,15.9,Action,0
76561198961717161,594650,Hunt: Showdown 1896,3.5166666666666666,Action,0
76561198961717161,770720,Hunt: Showdown (Test Server),0.0,,0
76561198961717161,601360,Portal: Revolution,0.0,"Action, Adventure, Casual",0
76561198961717161,613100,House Flipper,19.55,"Indie, Simulation",1
76561198961717161,631510,Devil May Cry HD Collection,3.183333333333333,Action,1
76561198961717161,632470,Disco Elysium - The Final Cut,2.7666666666666666,RPG,0
76561198961717161,636480,Ravenfield,2.4833333333333334,"Action, Indie, Early Access",0
76561198961717161,644560,Mirror,1.35,"Adventure, Indie, RPG",13
76561198961717161,650700,Yume Nikki,0.0,"Adventure, Casual, Indie, Free To Play",0
76561198961717161,648390,Marie's Room,0.9666666666666667,"Adventure, Casual, Free To Play, Indie",6
76561198961717161,653530,Return of the Obra Dinn,9.033333333333333,"Adventure, Indie",0
76561198961717161,17500,Zombie Panic! Source,0.0,"Action, Adventure, Casual, Indie, Free To Play",0
76561198961717161,677620,Splitgate,3.6333333333333333,"Action, Free To Play, Indie",9
76561198961717161,686810,Hell Let Loose,0.43333333333333335,"Action, Indie, Massively Multiplayer, Simulation, Strategy",0
76561198961717161,698780,Doki Doki Literature Club!,0.5,"Casual, Free To Play, Indie",0
76561198961717161,240720,Getting Over It with Bennett Foddy,2.0833333333333335,Action,0
76561198961717161,700330,SCP: Secret Laboratory,0.6666666666666666,"Action, Free To Play",4
76561198961717161,714070,Entropy : Zero,1.1833333333333333,"Action, Free To Play",3
76561198961717161,629520,Soundpad,0.06666666666666667,"Audio Production, Utilities",0
76561198961717161,736570,The Crooked Man,0.03333333333333333,"Adventure, Casual, Indie",0
76561198961717161,738060,Freddy Fazbear's Pizzeria Simulator,0.7,"Free To Play, Indie, Simulation",0
76561198961717161,739630,Phasmophobia,0.75,"Action, Indie, Early Access",0
76561198961717161,753640,Outer Wilds,1.4833333333333334,"Action, Adventure",0
76561198961717161,379430,Kingdom Come: Deliverance,0.85,"Action, Adventure, RPG",0
76561198961717161,778700,Amorous,0.0,"Free To Play, Indie, Simulation",0
76561198961717161,782330,DOOM Eternal,17.783333333333335,Action,7
76561198961717161,795100,Friday the 13th: Killer Puzzle,0.11666666666666667,"Casual, Free To Play, Indie, Strategy",0
76561198961717161,834530,Yakuza Kiwami,47.13333333333333,"Action, Adventure, RPG",30
76561198961717161,204450,Call of Juarez: Gunslinger,6.783333333333333,Action,10
76561198961717161,868520,killer7,5.4,"Action, Adventure",0
76561198961717161,871720,Ultimate Custom Night,0.5666666666666667,"Action, Free To Play, Indie",0
76561198961717161,872670,SCP: 5K,5.616666666666666,"Action, Indie, Massively Multiplayer, Strategy, Early Access",3
76561198961717161,638970,Yakuza 0,67.85,"Action, Adventure, RPG",40
76561198961717161,882100,XCOM®: Chimera Squad,0.0,Strategy,0
76561198961717161,883710,Resident Evil 2,13.35,Action,5
76561198961717161,758330,Shenmue I & II,0.11666666666666667,"Action, Adventure, RPG",0
76561198961717161,714010,Aimlabs,3.216666666666667,"Action, Adventure, Casual, Indie, Simulation, Free To Play",8
76561198961717161,611500,Quake Champions,0.0,"Action, Free To Play",0
76561198961717161,730,Counter-Strike 2,12.7,"Action, Free To Play",1
76561198961717161,962400,Granny,0.2,"Adventure, Indie",0
76561198961717161,963710,Lost in Vivo,0.9833333333333333,Indie,0
76561198961717161,969990,SpongeBob SquarePants: Battle for Bikini Bottom - Rehydrated,6.1,"Action, Adventure, Casual",4
76561198961717161,581320,Insurgency: Sandstorm,80.15,Action,28
76561198961717161,519860,DUSK,1.5833333333333333,"Action, Indie",2
76561198961717161,450390,The Lab,0.0,Free To Play,0
76561198961717161,1010750,Blood™ Fresh Supply,3.2666666666666666,Action,2
76561198961717161,50130,Mafia II (Classic),5.283333333333333,Action,7
76561198961717161,1030830,Mafia II: Definitive Edition,0.0,"Action, Adventure",0
76561198961717161,927380,Yakuza Kiwami 2,55.38333333333333,"Action, Adventure, RPG",31
76561198961717161,1085510,Garfield Kart - Furious Racing,0.4,Racing,4
76561198961717161,1088710,Yakuza 3 Remastered,26.0,"Action, Adventure",17
76561198961717161,1091500,Cyberpunk 2077,15.266666666666667,RPG,4
76561198961717161,1092710,Hello Neighbor Alpha 1,0.11666666666666667,"Adventure, Indie, Strategy",0
76561198961717161,1105500,Yakuza 4 Remastered,58.583333333333336,"Action, Adventure",11
76561198961717161,1105510,Yakuza 5 Remastered,25.766666666666666,"Action, Adventure",6
76561198961717161,976730,Halo: The Master Chief Collection,8.75,Action,8
76561198961717161,1118200,People Playground,2.183333333333333,"Action, Casual, Indie, Simulation",3
76561198961717161,374280,Hired Ops,3.066666666666667,"Action, Free To Play, Massively Multiplayer",1
76561198961717161,1144200,Ready or Not,46.583333333333336,"Action, Adventure, Indie",1
76561198961717161,1148590,DOOM 64,1.9333333333333333,Action,1
76561198961717161,1085660,Destiny 2,0.7166666666666667,"Action, Adventure, Free To Play",0
76561198961717161,1170760,XIII - Classic,0.75,Action,0
76561198961717161,1172470,Apex Legends™,0.0,"Action, Adventure, Free To Play",0
76561198961717161,1172380,STAR WARS Jedi: Fallen Order™,1.4,"Action, Adventure",1
76561198961717161,1174180,Red Dead Redemption 2,223.45,"Action, Adventure",31
76561198961717161,1178030,Star Fetchers,0.0,"Action, Adventure, Indie, Free To Play",0
76561198961717161,1179080,FAITH: The Unholy Trinity,0.6666666666666666,"Adventure, Indie",3
76561198961717161,232770,POSTAL,2.6,"Action, Indie",15
76561198961717161,1229490,ULTRAKILL,46.1,"Action, Indie, Early Access",0
76561198961717161,1238820,Battlefield 3™,9.85,Action,0
76561198961717161,1238860,Battlefield 4™,1.5833333333333333,Action,0
76561198961717161,1237970,Titanfall® 2,0.0,Action,0
76561198961717161,1237950,STAR WARS™ Battlefront™ II,7.366666666666666,"Action, Adventure",11
76561198961717161,1259420,Days Gone,1.0833333333333333,"Action, Adventure",2
76561198961717161,1262350,SIGNALIS,0.3,"Action, Adventure, Indie",1
76561198961717161,1271710,LEWDAPOCALYPSE Hentai Evil,0.6,"Action, Adventure, Casual, Indie",59
76561198961717161,12210,Grand Theft Auto IV: The Complete Edition,37.78333333333333,"Action, Adventure",2
76561198961717161,1275350,Ninja Kiwi Archive,0.2833333333333333,"Action, Casual, Strategy",0
76561198961717161,1281590,The Dark Pictures Anthology: House of Ashes,7.666666666666667,Adventure,8
76561198961717161,1775270,The Dark Pictures Anthology: House of Ashes - Friend's Pass,0.0,"Action, Adventure",0
76561198961717161,1285670,Post Void,0.9833333333333333,"Action, Indie",7
76561198961717161,1286830,STAR WARS™: The Old Republic™,0.8666666666666667,"Massively Multiplayer, RPG, Free To Play",0
76561198961717161,1289310,Helltaker,0.0,"Adventure, Free To Play, Indie",0
76561198961717161,1290000,PowerWash Simulator,65.63333333333334,"Casual, Indie, Simulation",42
76561198961717161,1294760,HARD BULLET,0.9333333333333333,"Action, Adventure, Indie, Simulation, Early Access",0
76561198961717161,1316680,VLADiK BRUTAL,4.083333333333333,"Action, Adventure, Casual, Indie",0
76561198961717161,1326470,Sons Of The Forest,5.7,"Action, Adventure, Indie, Simulation",1
76561198961717161,1332010,Stray,1.8666666666666667,"Adventure, Indie",2
76561198961717161,1359090,Zero Hour,5.1,"Action, Simulation, Strategy",1
76561198961717161,1364390,Animaze by FaceRig,0.7166666666666667,"Animation & Modeling, Video Production",0
76561198961717161,1364780,Street Fighter™ 6,9.883333333333333,"Action, Adventure",10
76561198961717161,1368430,Unknown,0.5166666666666667,,0
76561198961717161,1379630,RealRTCW,6.933333333333334,Action,3
76561198961717161,1388590,Yakuza 6: The Song of Life,5.966666666666667,"Action, Adventure",4
76561198961717161,1388770,Cruelty Squad,1.2166666666666666,"Action, Indie, Simulation",0
76561198961717161,1411910,Fallen Aces,2.1666666666666665,"Action, Indie, Early Access",0
76561198961717161,1421490,Rise of the Triad: Ludicrous Edition,5.133333333333334,Action,6
76561198961717161,1443200,Class of '09,5.583333333333333,"Casual, Indie, RPG, Simulation",0
76561198961717161,1463120,College Kings - The Complete Season,7.533333333333333,"Adventure, Casual, Indie, Free To Play",16
76561198961717161,1550710,Warbox,1.7333333333333334,"Action, Early Access",0
76561198961717161,1583720,Entropy : Zero 2,4.016666666666667,"Action, Free To Play",5
76561198961717161,1235140,Yakuza: Like a Dragon,16.466666666666665,"Action, Adventure, RPG",1
76561198961717161,1485080,Just Act Natural,1.8,"Action, Casual, Indie, Free To Play",6
76561198961717161,1608640,OTXO,0.0,"Action, Simulation",0
76561198961717161,1369760,[NINJA GAIDEN: Master Collection] NINJA GAIDEN 3: Razor's Edge,0.0,"Action, Adventure",0
76561198961717161,1580780,[NINJA GAIDEN: Master Collection] NINJA GAIDEN Σ,1.0166666666666666,"Action, Adventure",0
76561198961717161,1580790,[NINJA GAIDEN: Master Collection] NINJA GAIDEN Σ2,0.0,"Action, Adventure",0
76561198961717161,264710,Subnautica,0.0,"Adventure, Indie",0
76561198961717161,1659420,UNCHARTED™: Legacy of Thieves Collection,29.316666666666666,Adventure,8
76561198961717161,1681430,RoboCop: Rogue City,3.25,"Action, Adventure",8
76561198961717161,1703340,The Stanley Parable: Ultra Deluxe,5.15,"Adventure, Casual, Indie",10
76561198961717161,601150,Devil May Cry 5,4.533333333333333,Action,7
76561198961717161,1724190,Come Home,22.016666666666666,"Casual, Indie, Free To Play, Early Access",30
76561198961717161,1240440,Halo Infinite,1.7166666666666666,"Action, Free To Play",10
76561198961717161,1316910,Super Monkey Ball Banana Mania,0.8,Action,1
76561198961717161,1782210,Crab Game,0.11666666666666667,"Action, Casual, Free To Play, Indie, Racing",0
76561198961717161,389730,TEKKEN 7,49.71666666666667,"Action, Sports",23
76561198961717161,1794680,Vampire Survivors,10.333333333333334,"Action, Casual, Indie, RPG",35
76561198961717161,1817070,Marvel’s Spider-Man Remastered,3.0166666666666666,"Action, Adventure, Casual",3
76561198961717161,1818450,STALCRAFT: X,0.5833333333333334,"Action, Adventure, Massively Multiplayer, RPG",0
76561198961717161,1818750,MultiVersus,1.1833333333333333,"Action, Free To Play",1
76561198961717161,1848450,Nightmare of Decay,0.43333333333333335,"Action, Adventure, Indie",0
76561198961717161,1659040,HITMAN World of Assassination,3.4,"Action, Adventure",4
76561198961717161,1873030,Wolfenstein: Enemy Territory,0.0,Action,0
76561198961717161,1888160,ARMORED CORE™ VI FIRES OF RUBICON™,8.516666666666667,Action,5
76561198961717161,1902490,Aperture Desk Job,0.55,"Action, Adventure, Casual, Free To Play",0
76561198961717161,520720,Dear Esther: Landmark Edition,0.6166666666666667,"Adventure, Casual, Indie, Free To Play",0
76561198961717161,1944430,Amnesia: The Bunker,0.05,"Action, Adventure, Indie",0
76561198961717161,1966720,Lethal Company,15.9,"Action, Adventure, Indie, Early Access",0
76561198961717161,1967430,Ghost Trick: Phantom Detective,0.0,"Action, Adventure",0
76561198961717161,1987080,Inside the Backrooms,0.5666666666666667,"Adventure, Indie, Early Access",2
76561198961717161,1721470,Poppy Playtime,0.03333333333333333,"Action, Adventure, Indie",0
76561198961717161,2012840,Portal with RTX,0.38333333333333336,Action,0
76561198961717161,2062120,Resident Evil Village Gold Edition Gameplay Demo,0.4666666666666667,Action,4
76561198961717161,1313140,Cult of the Lamb,5.666666666666667,"Action, Adventure, Indie, Strategy",10
76561198961717161,2073850,THE FINALS,4.5,"Action, Free To Play",5
76561198961717161,2131640,METAL GEAR SOLID 2: Sons of Liberty - Master Collection Version,1.75,Action,1
76561198961717161,2148930,Pets Hotel: Prologue,0.0,"Indie, Simulation, Free To Play",0
76561198961717161,674020,World War 3,0.016666666666666666,"Action, Free To Play",0
76561198961717161,2075730,Unknown,0.5666666666666667,,0
76561198961717161,47780,Dead Space™ 2,13.866666666666667,"Action, Adventure",0
76561198961717161,1693980,Dead Space,35.4,"Action, Adventure",34
76561198961717161,2050650,Resident Evil 4,42.2,"Action, Adventure",19
76561198961717161,2176560,Dreamland,0.016666666666666666,"Adventure, Casual, Indie, Free To Play, Early Access",0
76561198961717161,1222670,The Sims™ 4,0.016666666666666666,"Adventure, Casual, Simulation, Free To Play",0
76561198961717161,2198150,Tiny Glade,6.766666666666667,"Casual, Indie, Simulation",0
76561198961717161,1938090,Call of Duty®,0.16666666666666666,Action,0
76561198961717161,2232840,Garten of Banban,0.0,"Action, Adventure, Casual, Indie, Free To Play",0
76561198961717161,2281730,Combat Master: Season 4,0.0,"Action, Free To Play",0
76561198961717161,2318310,Class of '09: The Re-Up,6.016666666666667,"Casual, Indie, RPG, Simulation",0
76561198961717161,2375550,Like a Dragon Gaiden: The Man Who Erased His Name,53.86666666666667,"Action, Adventure",23
76561198961717161,2131650,METAL GEAR SOLID 3: Snake Eater - Master Collection Version,10.266666666666667,Action,0
76561198961717161,2406770,Bodycam,2.316666666666667,"Action, Indie, Massively Multiplayer, Simulation, Strategy, Early Access",0
76561198961717161,1272080,PAYDAY 3,24.416666666666668,"Action, Adventure, RPG",4
76561198961717161,2507950,Delta Force,0.0,"Action, Adventure, Massively Multiplayer, Free To Play",0
76561198961717161,2524890,Pixel Gun 3D: PC Edition,1.1166666666666667,"Action, Adventure, Massively Multiplayer, Free To Play",1
76561198961717161,1086940,Baldur's Gate 3,2.0,"Adventure, RPG, Strategy",0
76561198961717161,2540100,Crime Scene Cleaner: Prologue,0.0,"Action, Simulation",0
76561198961717161,1778820,TEKKEN 8,31.533333333333335,Action,26
76561198961717161,2561270,Skibidi Toilet Hero,0.1,"Action, Casual, Indie",1
76561198961717161,2124490,SILENT HILL 2,15.233333333333333,"Action, Adventure",6
76561198961717161,2567870,Chained Together,0.0,"Adventure, Casual, Indie, Simulation",0
76561198961717161,2072450,Like a Dragon: Infinite Wealth,21.633333333333333,"Action, Adventure, RPG",5
76561198961717161,1971870,Mortal Kombat 1,31.766666666666666,Action,32
76561198961717161,2633640,Eyes: The Horror Game,0.05,Adventure,0
76561198961717161,2651330,Intravenous 2: Mercenarism,0.25,"Action, Adventure, Indie, Simulation, Strategy",0
76561198961717161,2667970,100 Asian Cats,0.2,"Action, Adventure, Casual, Indie, RPG, Simulation, Sports, Strategy, Free To Play",100
76561198961717161,2668510,Red Dead Redemption,93.66666666666667,Action,51
76561198961717161,2669490,Chambers: The Outlaw,0.11666666666666667,"Action, Adventure, RPG",1
76561198961717161,2677660,Indiana Jones and the Great Circle,13.816666666666666,"Action, Adventure",5
76561198961717161,2696480,Nothing,20.5,"Action, Adventure, Casual, Racing",0
76561198961717161,577940,Killer Instinct,0.0,"Action, Free To Play",0
76561198961717161,2767030,Marvel Rivals,1.2833333333333334,"Action, Free To Play",0
76561198961717161,2881650,Content Warning,0.1,"Action, Adventure, Indie",0
76561198961717161,2923300,Banana,2.0833333333333335,"Adventure, Casual, Simulation, Strategy, Free To Play",1
76561198961717161,2934190,Aooni,0.1,"Action, Adventure, Indie, RPG",3
76561198961717161,2958970,The Thing: Remastered,1.6166666666666667,Action,5
76561198961717161,17520,Synergy,0.48333333333333334,"Action, Free To Play",0
76561198961717161,2527390,Dead Rising Deluxe Remaster,1.85,"Action, Adventure",8
76561198961717161,1422450,Deadlock,0.6833333333333333,Action,0
76561198961717161,3164500,Schedule I,1.1833333333333333,"Action, Indie, Simulation, Strategy, Early Access",2
76561198961717161,3241660,R.E.P.O.,0.0,"Action, Early Access",0
76561199061031031,220,Half-Life 2,8.966666666666667,Action,11
76561199061031031,320,Half-Life 2: Deathmatch,0.0,Action,0
76561199061031031,360,Half-Life Deathmatch: Source,0.0,Action,0
76561199061031031,2990,FlatOut 2,1.8166666666666667,Racing,0
76561199061031031,400,Portal,0.35,Action,0
76561199061031031,12200,Bully: Scholarship Edition,0.45,"Action, Adventure",0
76561199061031031,10090,Call of Duty: World at War,19.816666666666666,Action,0
76561199061031031,41000,Serious Sam HD: The First Encounter,2.066666666666667,"Action, Indie",2
76561199061031031,564310,Serious Sam Fusion 2017 (beta),0.0,"Action, Indie",0
76561199061031031,24960,Battlefield: Bad Company™ 2,6.866666666666666,Action,0
76561199061031031,33220,Tom Clancy's Splinter Cell Conviction™,0.08333333333333333,Action,0
76561199061031031,41010,Unknown,0.0,,0
76561199061031031,55140,MX vs. ATV Reflex,0.11666666666666667,Racing,0
76561199061031031,42680,Call of Duty®: Modern Warfare® 3 (2011),5.966666666666667,Action,20
76561199061031031,42690,Unknown,0.5,,0
76561199061031031,204100,Max Payne 3,26.616666666666667,Action,17
76561199061031031,223470,POSTAL 2,3.5166666666666666,"Action, Adventure, Indie",4
76561199061031031,203140,Hitman: Absolution™,9.3,Action,31
76561199061031031,205930,Unknown,0.16666666666666666,,0
76561199061031031,200210,Realm of the Mad God Exalt,0.3,"Action, Adventure, Indie, Massively Multiplayer, RPG, Free To Play",0
76561199061031031,230410,Warframe,0.0,"Action, RPG, Free To Play",0
76561199061031031,236390,War Thunder,3974.483333333333,"Action, Massively Multiplayer, Simulation, Free To Play",76
76561199061031031,262410,World of Guns: Gun Disassembly,0.06666666666666667,"Action, Casual, Indie, Simulation, Strategy, Free To Play",2
76561199061031031,223750,DCS World Steam Edition,1.5166666666666666,"Simulation, Free To Play",0
76561199061031031,224260,No More Room in Hell,0.016666666666666666,"Action, Indie, Free To Play",0
76561199061031031,233270,Far Cry 3 - Blood Dragon,0.7166666666666667,"Action, Adventure",0
76561199061031031,242760,The Forest,18.8,"Action, Adventure, Indie, Simulation",14
76561199061031031,244850,Space Engineers,0.0,"Action, Indie, Simulation, Strategy",0
76561199061031031,218620,PAYDAY 2,7.9,"Action, RPG",28
76561199061031031,235600,Tom Clancy’s Splinter Cell Blacklist,5.683333333333334,"Action, Adventure",0
76561199061031031,209000,Batman™: Arkham Origins,12.183333333333334,"Action, Adventure",9
76561199061031031,205100,Dishonored,1.5833333333333333,"Action, Adventure",3
76561199061031031,107410,Arma 3,2.9166666666666665,"Action, Simulation, Strategy",3
76561199061031031,108600,Project Zomboid,3.2,"Indie, RPG, Simulation, Early Access",0
76561199061031031,221100,DayZ,41.65,"Action, Adventure, Massively Multiplayer",0
76561199061031031,270880,American Truck Simulator,27.433333333333334,"Indie, Simulation",9
76561199061031031,235460,METAL GEAR RISING: REVENGEANCE,2.4833333333333334,Action,5
76561199061031031,228380,Wreckfest,6.95,"Action, Indie, Racing, Simulation, Sports",5
76561199061031031,272860,Wreckfest Sneak Peek 2.0,0.0,"Action, Indie, Racing, Simulation, Sports",0
76561199061031031,244450,Men of War: Assault Squad 2,56.666666666666664,"Action, Simulation, Strategy",28
76561199061031031,41050,Serious Sam Classic: The First Encounter,0.0,"Action, Indie",0
76561199061031031,41060,Serious Sam Classic: The Second Encounter,0.0,"Action, Indie",0
76561199061031031,227780,Serious Sam Classics: Revolution,0.0,"Action, Indie",0
76561199061031031,302670,Call to Arms,48.416666666666664,"Action, Indie, Simulation, Strategy",5
76561199061031031,238090,Sniper Elite 3,0.21666666666666667,"Action, Adventure",0
76561199061031031,307960,IL-2 Sturmovik: Battle of Stalingrad,2.1,"Action, Simulation",0
76561199061031031,337320,Paint the Town Red,1.1,"Action, Indie",0
76561199061031031,394690,Tower Unite,8.416666666666666,"Action, Adventure, Casual, Indie, Massively Multiplayer, Racing",2
76561199061031031,400040,ShareX,1.7166666666666666,"Free To Play, Audio Production, Design & Illustration, Photo Editing, Utilities, Video Production, Web Publishing",0
76561199061031031,400750,Call to Arms - Gates of Hell: Ostfront,6.4,"Action, Simulation, Strategy",3
76561199061031031,234140,Mad Max,0.43333333333333335,"Action, Adventure",5
76561199061031031,393380,Squad,119.1,"Action, Indie, Massively Multiplayer, Strategy",0
76561199061031031,774941,Unknown,0.0,,0
76561199061031031,208650,Batman™: Arkham Knight,5.683333333333334,"Action, Adventure",8
76561199061031031,40720,Samorost 2,0.0,"Adventure, Casual, Indie",0
76561199061031031,431960,Wallpaper Engine,57.266666666666666,"Casual, Indie, Animation & Modeling, Design & Illustration, Photo Editing, Utilities",4
76561199061031031,438100,VRChat,4081.6833333333334,"Adventure, Casual, Massively Multiplayer, Simulation, Sports, Free To Play, Early Access",0
76561199061031031,443110,Armored Warfare,0.7833333333333333,"Action, Massively Multiplayer, Simulation, Strategy, Free To Play",0
76561199061031031,450540,"Hot Dogs, Horseshoes & Hand Grenades",21.15,"Action, Simulation, Early Access",0
76561199061031031,457420,Surgeon Simulator VR: Meet The Medic,0.0,"Action, Indie, Simulation, Free To Play",0
76561199061031031,379720,DOOM,5.183333333333334,Action,8
76561199061031031,496240,Onward,13.766666666666667,"Action, Indie, Simulation, Strategy",0
76561199061031031,319630,Life is Strange - Episode 1,0.5833333333333334,"Action, Adventure",1
76561199061031031,518580,Accounting (Legacy),0.3,"Adventure, Indie",0
76561199061031031,527440,Rustangelo,0.016666666666666666,"Free To Play, Indie",0
76561199061031031,555160,Pavlov,82.43333333333334,"Action, Indie",0
76561199061031031,444200,World of Tanks Blitz,48.56666666666667,"Action, Massively Multiplayer, Simulation, Strategy, Free To Play",0
76561199061031031,607260,McOsu,1.9666666666666666,Indie,0
76561199061031031,629730,Blade and Sorcery,22.7,"Action, Adventure, Indie, RPG, Simulation",0
76561199061031031,635260,CarX Drift Racing Online,4.283333333333333,"Massively Multiplayer, Racing, Simulation, Sports",11
76561199061031031,648800,Raft,8.433333333333334,"Adventure, Indie, Simulation",13
76561199061031031,657200,Hand Simulator,1.9833333333333334,Simulation,5
76561199061031031,667970,VTOL VR,27.133333333333333,"Action, Indie, Simulation",0
76561199061031031,671860,BattleBit Remastered,97.06666666666666,"Action, Massively Multiplayer, Early Access",0
76561199061031031,674940,Stick Fight: The Game,0.9666666666666667,"Action, Casual, Indie",10
76561199061031031,304930,Unturned,0.31666666666666665,"Action, Adventure, Casual, Indie, Free To Play",4
76561199061031031,677620,Splitgate,2.0166666666666666,"Action, Free To Play, Indie",3
76561199061031031,393080,Call of Duty®: Modern Warfare® Remastered (2017),3.3333333333333335,Action,9
76561199061031031,393100,Unknown,0.016666666666666666,,0
76561199061031031,689580,TurnSignal,48.31666666666667,"Software Training, Utilities",0
76561199061031031,698780,Doki Doki Literature Club!,0.6333333333333333,"Casual, Free To Play, Indie",0
76561199061031031,700330,SCP: Secret Laboratory,1.9333333333333333,"Action, Free To Play",3
76561199061031031,621830,WRC 7 FIA World Rally Championship,0.11666666666666667,Racing,1
76561199061031031,629520,Soundpad,26.966666666666665,"Audio Production, Utilities",0
76561199061031031,736590,Operation: Harsh Doorstop,0.03333333333333333,"Action, Casual, Indie, Simulation, Strategy, Free To Play, Early Access",0
76561199061031031,739630,Phasmophobia,46.65,"Action, Indie, Early Access",1
76561199061031031,740250,Neos VR,0.06666666666666667,"Free To Play, Indie, Massively Multiplayer, Animation & Modeling, Design & Illustration, Education, Software Training, Utilities, Web Publishing, Early Access",0
76561199061031031,753640,Outer Wilds,5.666666666666667,"Action, Adventure",0
76561199061031031,755790,Ring of Elysium,1.9333333333333333,"Action, Free To Play, Massively Multiplayer",0
76561199061031031,760160,Vampire: The Masquerade - Bloodhunt,0.0,"Action, Free To Play",0
76561199061031031,778700,Amorous,1.05,"Free To Play, Indie, Simulation",10
76561199061031031,787790,Epic Roller Coasters,0.0,"Casual, Indie, Racing, Simulation, Free To Play",0
76561199061031031,826480,VR Benchmark Kanojo,0.0,Free To Play,0
76561199061031031,868020,Aperture Hand Lab,0.5666666666666667,Adventure,0
76561199061031031,871720,Ultimate Custom Night,0.03333333333333333,"Action, Free To Play, Indie",0
76561199061031031,883710,Resident Evil 2,1.9833333333333334,Action,8
76561199061031031,886250,Vegas Infinite by PokerStars,0.0,"Casual, Strategy, Free To Play",0
76561199061031031,714010,Aimlabs,1.5166666666666666,"Action, Adventure, Casual, Indie, Simulation, Free To Play",3
76561199061031031,908520,fpsVR,619.7333333333333,"Indie, Utilities",0
76561199061031031,911400,Assassin's Creed® III Remastered,41.416666666666664,"Action, Adventure",27
76561199061031031,730,Counter-Strike 2,327.45,"Action, Free To Play",1
76561199061031031,966870,SinVR,0.05,"Simulation, Free To Play",0
76561199061031031,581320,Insurgency: Sandstorm,120.83333333333333,Action,26
76561199061031031,1009850,OVR Advanced Settings,3655.35,Utilities,0
76561199061031031,690790,DiRT Rally 2.0,31.7,"Racing, Simulation, Sports",11
76561199061031031,1068820,OVR Toolkit - Desktop Overlay,1609.0,Utilities,0
76561199061031031,1092790,Inscryption,2.3833333333333333,"Adventure, Indie, Strategy",7
76561199061031031,782330,DOOM Eternal,12.283333333333333,Action,22
76561199061031031,1118200,People Playground,15.05,"Action, Casual, Indie, Simulation",5
76561199061031031,1125240,Ancient Dungeon,2.05,"Action, Adventure, Indie, RPG, Early Access",2
76561199061031031,1144200,Ready or Not,28.083333333333332,"Action, Adventure, Indie",2
76561199061031031,1164850,Sinking Simulator,0.1,"Casual, Indie, Simulation",0
76561199061031031,1085660,Destiny 2,0.6833333333333333,"Action, Adventure, Free To Play",2
76561199061031031,1167630,Teardown,29.933333333333334,"Action, Indie, Simulation, Strategy",6
76561199061031031,1172470,Apex Legends™,4.716666666666667,"Action, Adventure, Free To Play",1
76561199061031031,1174180,Red Dead Redemption 2,116.33333333333333,"Action, Adventure",8
76561199061031031,1180380,Stay Out,0.16666666666666666,"Action, Indie, Massively Multiplayer, RPG, Free To Play, Early Access",0
76561199061031031,546560,Half-Life: Alyx,3.65,"Action, Adventure",7
76561199061031031,1222700,A Way Out,12.45,"Action, Adventure, Indie",5
76561199061031031,916840,The Walking Dead: Saints & Sinners,0.36666666666666664,"Action, Adventure, Indie, RPG, Simulation, Strategy",0
76561199061031031,1238080,Burnout™ Paradise Remastered,0.43333333333333335,"Action, Adventure, Racing",42
76561199061031031,1238820,Battlefield 3™,11.666666666666666,Action,2
76561199061031031,952060,Resident Evil 3,5.933333333333334,Action,17
76561199061031031,952070,RESIDENT EVIL RESISTANCE,0.0,Action,0
76561199061031031,1259420,Days Gone,3.35,"Action, Adventure",12
76561199061031031,1265860,NASCAR Heat 5,2.533333333333333,"Racing, Sports",5
76561199061031031,12210,Grand Theft Auto IV: The Complete Edition,10.466666666666667,"Action, Adventure",5
76561199061031031,431240,Golf With Your Friends,3.3666666666666667,"Casual, Indie, Sports",11
76561199061031031,1334590,Furry Love,1.2166666666666666,"Action, Adventure, Casual, Indie, RPG, Simulation",66
76561199061031031,244210,Assetto Corsa,1.9333333333333333,"Indie, Racing, Simulation, Sports",4
76561199061031031,1363430,Propagation VR,1.2166666666666666,Action,0
76561199061031031,1396240,Contraband Police: Prologue,0.0,"Action, Adventure, Simulation",0
76561199061031031,1404210,Red Dead Online,12.566666666666666,"Action, Adventure",0
76561199061031031,1407200,World of Tanks,0.08333333333333333,"Action, Massively Multiplayer, Simulation, Free To Play",0
76561199061031031,1238810,Battlefield™ V,9.683333333333334,Action,7
76561199061031031,1462810,WRC 10 FIA World Rally Championship,2.3666666666666667,"Racing, Simulation, Sports",3
76561199061031031,1465360,SnowRunner,13.266666666666667,"Adventure, Simulation",4
76561199061031031,1532770,Sex and the Furry Titty,4.983333333333333,"Casual, Indie, Strategy",2
76561199061031031,1533390,Gorilla Tag,0.1,"Action, Casual",0
76561199061031031,1548850,Six Days in Fallujah,2.5166666666666666,"Action, Early Access",1
76561199061031031,582660,Black Desert,0.0,"Action, Adventure, Massively Multiplayer, RPG, Simulation, Strategy",0
76561199061031031,1557740,ROUNDS,1.65,"Action, Indie",0
76561199061031031,823130,Totally Accurate Battlegrounds,0.43333333333333335,"Action, Indie, Free To Play",0
76561199061031031,1611600,WARNO,0.03333333333333333,"Action, Indie, Simulation, Strategy",0
76561199061031031,231430,Company of Heroes 2,0.25,Strategy,0
76561199061031031,242050,Assassin’s Creed® IV Black Flag™,3.3333333333333335,"Action, Adventure",1
76561199061031031,424840,Little Nightmares,2.05,Adventure,1
76561199061031031,1671340,Fears to Fathom - Home Alone,0.1,"Adventure, Casual, Indie, Free To Play",0
76561199061031031,65790,ARMA: Cold War Assault,0.15,"Action, Simulation, Strategy",0
76561199061031031,1240440,Halo Infinite,0.0,"Action, Free To Play",0
76561199061031031,1818450,STALCRAFT: X,2.3,"Action, Adventure, Massively Multiplayer, RPG",0
76561199061031031,1705180,"Gunner, HEAT, PC!",30.25,"Action, Indie, Simulation, Early Access",0
76561199061031031,578080,PUBG: BATTLEGROUNDS,5.65,"Action, Adventure, Massively Multiplayer, Free To Play",10
76561199061031031,520720,Dear Esther: Landmark Edition,0.7666666666666667,"Adventure, Casual, Indie, Free To Play",0
76561199061031031,1953540,Furry Shades of Gay 3: Still Gayer,1.1666666666666667,"Casual, Indie",4
76561199061031031,1966720,Lethal Company,6.55,"Action, Adventure, Indie, Early Access",0
76561199061031031,1968340,Project Gunship,2.4,"Action, Indie, Simulation, Early Access",0
76561199061031031,1985810,Call of Duty®: Black Ops Cold War,3.7333333333333334,Action,1
76561199061031031,1721470,Poppy Playtime,0.5666666666666667,"Action, Adventure, Indie",0
76561199061031031,1029690,Sniper Elite 5,9.166666666666666,"Action, Adventure",26
76561199061031031,2009010,My Furry Protogen 🐾,0.38333333333333336,"Adventure, Casual, Indie",0
76561199061031031,2073850,THE FINALS,1.4,"Action, Free To Play",4
76561199061031031,16900,GROUND BRANCH,10.483333333333333,"Action, Indie, Simulation, Early Access",0
76561199061031031,2138710,Sifu,0.31666666666666665,"Action, Indie",1
76561199061031031,40990,Mafia,0.016666666666666666,"Action, Adventure",0
76561199061031031,2139460,Once Human,0.1,"Action, Adventure, RPG, Simulation, Strategy, Free To Play",0
76561199061031031,2141910,Magic: The Gathering Arena,0.0,"Strategy, Free To Play",0
76561199061031031,674020,World War 3,0.5166666666666667,"Action, Free To Play",0
76561199061031031,2215430,Ghost of Tsushima DIRECTOR'S CUT,3.1166666666666667,"Action, Adventure",6
76561199061031031,2231380,Tom Clancy's Ghost Recon® Breakpoint,1.8333333333333333,"Action, Adventure",0
76561199061031031,1361210,"Warhammer 40,000: Darktide",3.5,"Action, Adventure, Indie",3
76561199061031031,1888930,The Last of Us™ Part I,23.1,"Action, Adventure",11
76561199061031031,2357570,Overwatch® 2,0.35,"Action, Free To Play",11
76561199061031031,2131650,METAL GEAR SOLID 3: Snake Eater - Master Collection Version,0.48333333333333334,Action,2
76561199061031031,43160,Unknown,0.03333333333333333,,0
76561199061031031,1272080,PAYDAY 3,2.65,"Action, Adventure, RPG",1
76561199061031031,2479810,Gray Zone Warfare,1.3,"Action, Massively Multiplayer, Early Access",0
76561199061031031,2507950,Delta Force,0.0,"Action, Adventure, Massively Multiplayer, Free To Play",0
76561199061031031,2567870,Chained Together,0.75,"Adventure, Casual, Indie, Simulation",2
76561199061031031,1849250,EA SPORTS™ WRC,10.283333333333333,"Racing, Simulation, Sports",3
76561199061031031,686810,Hell Let Loose,5.233333333333333,"Action, Indie, Massively Multiplayer, Simulation, Strategy",17
76561199061031031,2633700,PowerWash Simulator Demo,0.0,"Casual, Indie, Simulation",0
76561199061031031,1938090,Call of Duty®,158.93333333333334,Action,2
76561199061031031,2767030,Marvel Rivals,0.0,"Action, Free To Play",0
76561199061031031,2827230,Wild Assault,0.5166666666666667,"Action, Adventure, Massively Multiplayer, Early Access",0
76561199061031031,1659040,HITMAN World of Assassination,2.566666666666667,"Action, Adventure",2
76561199061031031,2881650,Content Warning,0.0,"Action, Adventure, Indie",0
76561199061031031,2016590,Dark and Darker,0.0,"Action, RPG, Free To Play, Early Access",0
76561199061031031,2531310,The Last of Us™ Part II Remastered,46.35,"Action, Adventure",28
76561199061031031,286690,Metro 2033 Redux,0.0,Action,0
76561199066670400,220,Half-Life 2,3.8666666666666667,Action,7
76561199066670400,320,Half-Life 2: Deathmatch,0.0,Action,0
76561199066670400,360,Half-Life Deathmatch: Source,0.0,Action,0
76561199066670400,4000,Garry's Mod,19.183333333333334,"Casual, Indie, Simulation",5
76561199066670400,550,Left 4 Dead 2,21.766666666666666,Action,23
76561199066670400,8190,Just Cause 2,11.233333333333333,"Action, Adventure",6
76561199066670400,22380,Fallout: New Vegas,121.36666666666666,"Action, RPG",39
76561199066670400,620,Portal 2,2.6333333333333333,"Action, Adventure",5
76561199066670400,105600,Terraria,36.36666666666667,"Action, Adventure, Indie, RPG",59
76561199066670400,55230,Saints Row: The Third,17.166666666666668,Action,14
76561199066670400,206440,To the Moon,0.9666666666666667,"Adventure, Indie, RPG",0
76561199066670400,200260,Batman: Arkham City - Game of the Year Edition,2.0,"Action, Adventure",6
76561199066670400,204360,Castle Crashers®,0.0,"Action, Adventure, Casual, Indie, RPG",0
76561199066670400,49520,Borderlands 2,18.65,"Action, RPG",24
76561199066670400,205100,Dishonored,1.15,"Action, Adventure",1
76561199066670400,99900,Spiral Knights,0.0,"Action, Adventure, Casual, Free To Play, Indie, Massively Multiplayer, RPG",0
76561199066670400,206210,Gotham City Impostors Free to Play,0.0,"Action, Free To Play",0
76561199066670400,230410,Warframe,63.833333333333336,"Action, RPG, Free To Play",102
76561199066670400,223710,Cry of Fear,0.16666666666666666,"Action, Adventure, Indie",0
76561199066670400,12140,Max Payne,9.916666666666666,Action,0
76561199066670400,12150,Max Payne 2: The Fall of Max Payne,5.75,Action,0
76561199066670400,204100,Max Payne 3,17.85,Action,14
76561199066670400,218620,PAYDAY 2,54.31666666666667,"Action, RPG",287
76561199066670400,208610,Unknown,0.016666666666666666,,0
76561199066670400,245170,Skullgirls 2nd Encore,2.066666666666667,"Action, Indie",0
76561199066670400,39210,FINAL FANTASY XIV Online,34.53333333333333,"Massively Multiplayer, RPG",0
76561199066670400,263300,BlazBlue: Calamity Trigger,0.3,Action,0
76561199066670400,108600,Project Zomboid,63.983333333333334,"Indie, RPG, Simulation, Early Access",0
76561199066670400,235460,METAL GEAR RISING: REVENGEANCE,13.433333333333334,Action,21
76561199066670400,271590,Grand Theft Auto V Legacy,20.316666666666666,"Action, Adventure",4
76561199066670400,3240220,Grand Theft Auto V Enhanced,0.0,"Action, Adventure, Racing",0
76561199066670400,274170,Hotline Miami 2: Wrong Number,29.366666666666667,"Action, Indie",13
76561199066670400,48700,Mount & Blade: Warband,28.95,"Action, RPG",5
76561199066670400,287700,METAL GEAR SOLID V: THE PHANTOM PAIN,65.9,"Action, Adventure",22
76561199066670400,290930,Half-Life 2: Update,0.0,"Action, Adventure, Free To Play",0
76561199066670400,294810,BlazBlue: Continuum Shift Extend,0.0,Action,0
76561199066670400,730,Counter-Strike 2,84.8,"Action, Free To Play",1
76561199066670400,334230,Town of Salem,30.533333333333335,"Action, Casual, RPG, Strategy",53
76561199066670400,341190,Hotline Miami 2: Wrong Number Digital Comic,0.25,,0
76561199066670400,348550,GUILTY GEAR XX ACCENT CORE PLUS R,5.666666666666667,Action,1
76561199066670400,21690,Resident Evil 5,0.95,"Action, Adventure",1
76561199066670400,362890,Black Mesa,17.1,"Action, Adventure, Indie",11
76561199066670400,374320,DARK SOULS™ III,10.066666666666666,Action,8
76561199066670400,381210,Dead by Daylight,54.31666666666667,Action,24
76561199066670400,291550,Brawlhalla,0.0,"Action, Indie, Free To Play",0
76561199066670400,388750,BlazBlue: Chronophantasma Extend,0.9833333333333333,Action,1
76561199066670400,413150,Stardew Valley,2.533333333333333,"Indie, RPG, Simulation",0
76561199066670400,413420,Danganronpa 2: Goodbye Despair,82.88333333333334,Adventure,19
76561199066670400,225540,Just Cause™ 3,0.4166666666666667,"Action, Adventure",0
76561199066670400,208650,Batman™: Arkham Knight,31.833333333333332,"Action, Adventure",46
76561199066670400,363890,RPG Maker MV,5.9,"RPG, Design & Illustration, Education, Web Publishing, Game Development",0
76561199066670400,239140,Dying Light,28.283333333333335,"Action, RPG",26
76561199066670400,431960,Wallpaper Engine,64.18333333333334,"Casual, Indie, Animation & Modeling, Design & Illustration, Photo Editing, Utilities",6
76561199066670400,438100,VRChat,3.933333333333333,"Adventure, Casual, Massively Multiplayer, Simulation, Sports, Free To Play, Early Access",0
76561199066670400,454650,DRAGON BALL XENOVERSE 2,17.983333333333334,"Action, Adventure, Casual, Massively Multiplayer",31
76561199066670400,377160,Fallout 4,11.2,RPG,4
76561199066670400,489830,The Elder Scrolls V: Skyrim Special Edition,136.23333333333332,RPG,35
76561199066670400,292030,The Witcher 3: Wild Hunt,1.0333333333333334,RPG,0
76561199066670400,548430,Deep Rock Galactic,9.65,Action,10
76561199066670400,553850,HELLDIVERS™ 2,85.15,Action,30
76561199066670400,586140,BlazBlue Centralfiction,18.3,Action,10
76561199066670400,589120,Danganronpa V3: Killing Harmony Demo Ver.,0.016666666666666666,Adventure,0
76561199066670400,602960,Barotrauma,1.95,"Action, Indie, Simulation, Strategy",4
76561199066670400,383980,Rivals of Aether,17.1,Indie,1
76561199066670400,632360,Risk of Rain 2,47.666666666666664,"Action, Indie",80
76561199066670400,520440,GUILTY GEAR Xrd REV 2,20.45,Action,8
76561199066670400,650700,Yume Nikki,0.8166666666666667,"Adventure, Casual, Indie, Free To Play",0
76561199066670400,671860,BattleBit Remastered,1.6833333333333333,"Action, Massively Multiplayer, Early Access",0
76561199066670400,677620,Splitgate,1.9666666666666666,"Action, Free To Play, Indie",0
76561199066670400,698780,Doki Doki Literature Club!,3.0833333333333335,"Casual, Free To Play, Indie",0
76561199066670400,700330,SCP: Secret Laboratory,105.46666666666667,"Action, Free To Play",25
76561199066670400,629520,Soundpad,41.416666666666664,"Audio Production, Utilities",0
76561199066670400,678950,DRAGON BALL FighterZ,39.88333333333333,Action,12
76561199066670400,739630,Phasmophobia,18.466666666666665,"Action, Indie, Early Access",3
76561199066670400,782330,DOOM Eternal,0.5166666666666667,Action,0
76561199066670400,252490,Rust,17.483333333333334,"Action, Adventure, Indie, Massively Multiplayer, RPG",25
76561199066670400,24200,DC Universe™ Online,3.5833333333333335,"Action, Adventure, Massively Multiplayer, RPG, Free To Play",1
76561199066670400,868520,killer7,19.05,"Action, Adventure",0
76561199066670400,871720,Ultimate Custom Night,0.11666666666666667,"Action, Free To Play, Indie",0
76561199066670400,638970,Yakuza 0,29.133333333333333,"Action, Adventure, RPG",9
76561199066670400,883710,Resident Evil 2,55.8,Action,25
76561199066670400,582010,Monster Hunter: World,8.866666666666667,Action,10
76561199066670400,702890,BlazBlue: Cross Tag Battle,5.0,Action,17
76561199066670400,921590,DISSIDIA FINAL FANTASY NT Free Edition,0.0,"Action, Free To Play",0
76561199066670400,945360,Among Us,11.666666666666666,Casual,8
76561199066670400,524220,NieR:Automata™,8.45,"Action, RPG",8
76561199066670400,1056640,Phantasy Star Online 2 New Genesis,7.866666666666666,"Action, Massively Multiplayer, RPG, Free To Play",2
76561199066670400,1091500,Cyberpunk 2077,73.13333333333334,RPG,18
76561199066670400,38400,Fallout: A Post Nuclear Role Playing Game,0.0,RPG,0
76561199066670400,38410,Fallout 2: A Post Nuclear Role Playing Game,0.0,RPG,0
76561199066670400,38420,Fallout Tactics: Brotherhood of Steel,0.0,Strategy,0
76561199066670400,1151340,Fallout 76,1.05,RPG,5
76561199066670400,1172620,Sea of Thieves: 2025 Edition,17.733333333333334,"Action, Adventure",27
76561199066670400,1173370,Slapshot: Rebound,6.55,"Action, Casual, Indie, Sports, Free To Play",9
76561199066670400,1174180,Red Dead Redemption 2,12.733333333333333,"Action, Adventure",7
76561199066670400,1178030,Star Fetchers,0.0,"Action, Adventure, Indie, Free To Play",0
76561199066670400,678960,CODE VEIN,37.35,"Action, RPG",18
76561199066670400,1228520,[Chilla's Art] The Convenience Store | 夜勤事件,1.45,"Action, Adventure, Casual, Indie, Simulation",3
76561199066670400,1229490,ULTRAKILL,6.716666666666667,"Action, Indie, Early Access",0
76561199066670400,1237970,Titanfall® 2,0.0,Action,0
76561199066670400,952060,Resident Evil 3,6.416666666666667,Action,18
76561199066670400,952070,RESIDENT EVIL RESISTANCE,0.0,Action,0
76561199066670400,1245620,ELDEN RING,244.58333333333334,"Action, RPG",35
76561199066670400,1281930,tModLoader,12.733333333333333,"Action, Adventure, Indie, RPG, Free To Play",0
76561199066670400,1113000,Persona 4 Golden,154.55,RPG,30
76561199066670400,1286830,STAR WARS™: The Old Republic™,0.0,"Massively Multiplayer, RPG, Free To Play",0
76561199066670400,1289310,Helltaker,0.9666666666666667,"Adventure, Free To Play, Indie",4
76561199066670400,310360,Higurashi When They Cry Hou - Ch.1 Onikakushi,20.216666666666665,Adventure,1
76561199066670400,1353230,Bomb Rush Cyberfunk,41.983333333333334,"Action, Adventure, Indie",9
76561199066670400,1372280,MELTY BLOOD: TYPE LUMINA,273.06666666666666,Action,40
76561199066670400,1443200,Class of '09,13.866666666666667,"Casual, Indie, RPG, Simulation",0
76561199066670400,1451940,NEEDY STREAMER OVERLOAD,34.5,"Adventure, Indie",15
76561199066670400,753650,Due Process,8.433333333333334,"Action, Adventure, Indie, Simulation, Strategy, Early Access",0
76561199066670400,843380,Super Animal Royale,3.9,"Action, Adventure, Casual, Indie, Massively Multiplayer, Free To Play",0
76561199066670400,1482620,Slappyball,0.18333333333333332,"Casual, Free To Play, Sports",0
76561199066670400,1486350,VRoid Studio v2.1.5,0.06666666666666667,"Free To Play, Animation & Modeling, Design & Illustration",0
76561199066670400,1503670,[Chilla's Art] The Caregiver | 終焉介護,1.3166666666666667,"Action, Adventure, Casual, Indie, Simulation, Strategy",2
76561199066670400,43110,Metro 2033,3.1166666666666667,Action,3
76561199066670400,823130,Totally Accurate Battlegrounds,1.9333333333333333,"Action, Indie, Free To Play",0
76561199066670400,351510,Quiplash,0.7833333333333333,"Casual, Indie, Strategy",3
76561199066670400,1602010,Persona 4 Arena Ultimax,33.016666666666666,Action,15
76561199066670400,1607250,MY HERO ULTRA RUMBLE,0.0,"Action, Casual, Free To Play",0
76561199066670400,424840,Little Nightmares,4.5,Adventure,7
76561199066670400,1384160,GUILTY GEAR -STRIVE-,65.4,Action,23
76561199066670400,1671340,Fears to Fathom - Home Alone,0.0,"Adventure, Casual, Indie, Free To Play",0
76561199066670400,601150,Devil May Cry 5,10.85,Action,20
76561199066670400,1240440,Halo Infinite,0.4,"Action, Free To Play",4
76561199066670400,1742020,Idol Showdown,0.38333333333333336,"Action, Indie",0
76561199066670400,1446780,MONSTER HUNTER RISE,176.93333333333334,Action,31
76561199066670400,1755910,Capcom Arcade 2nd Stadium,0.0,"Action, Free To Play",0
76561199066670400,1782210,Crab Game,0.23333333333333334,"Action, Casual, Free To Play, Indie, Racing",0
76561199066670400,1812390,The Elder Scrolls II: Daggerfall,0.0,"Action, RPG",0
76561199066670400,1817070,Marvel’s Spider-Man Remastered,34.86666666666667,"Action, Adventure, Casual",44
76561199066670400,1817190,Marvel’s Spider-Man: Miles Morales,29.9,"Action, Adventure",29
76561199066670400,1818750,MultiVersus,0.0,"Action, Free To Play",0
76561199066670400,578080,PUBG: BATTLEGROUNDS,0.0,"Action, Adventure, Massively Multiplayer, Free To Play",0
76561199066670400,1873030,Wolfenstein: Enemy Territory,0.0,Action,0
76561199066670400,1599340,Lost Ark,0.36666666666666664,"Action, Adventure, Massively Multiplayer, RPG, Free To Play",0
76561199066670400,1943950,Escape the Backrooms,1.0333333333333334,"Indie, Early Access",0
76561199066670400,1966720,Lethal Company,13.65,"Action, Adventure, Indie, Early Access",0
76561199066670400,1515950,Capcom Arcade Stadium,0.0,"Action, Free To Play",0
76561199066670400,346110,ARK: Survival Evolved,0.0,"Action, Adventure, Indie, Massively Multiplayer, RPG",0
76561199066670400,407530,ARK: The Survival Of The Fittest,0.0,"Action, Adventure, Indie, Massively Multiplayer, RPG, Strategy",0
76561199066670400,2054970,Dragon's Dogma 2,9.866666666666667,"Action, RPG",13
76561199066670400,2138710,Sifu,25.733333333333334,"Action, Indie",24
76561199066670400,40990,Mafia,0.0,"Action, Adventure",0
76561199066670400,2157560,Granblue Fantasy Versus: Rising,188.53333333333333,Action,28
76561199066670400,2171440,Fear & Hunger 2: Termina,17.366666666666667,"Indie, RPG",0
76561199066670400,1222670,The Sims™ 4,0.0,"Adventure, Casual, Simulation, Free To Play",0
76561199066670400,2212330,Your Only Move Is HUSTLE,33.68333333333333,"Action, Indie, Simulation, Strategy",14
76561199066670400,2050650,Resident Evil 4,15.383333333333333,"Action, Adventure",13
76561199066670400,2232840,Garten of Banban,0.0,"Action, Adventure, Casual, Indie, Free To Play",0
76561199066670400,1364780,Street Fighter™ 6,3.75,"Action, Adventure",6
76561199066670400,582660,Black Desert,0.0,"Action, Adventure, Massively Multiplayer, RPG, Simulation, Strategy",0
76561199066670400,2365810,Pseudoregalia,1.15,"Action, Adventure, Indie",0
76561199066670400,2386720,STRAFTAT,3.2333333333333334,Action,6
76561199066670400,43160,Unknown,0.0,,0
76561199066670400,1272080,PAYDAY 3,5.016666666666667,"Action, Adventure, RPG",8
76561199066670400,1902690,Fate/Samurai Remnant,47.75,"Action, RPG",33
76561199066670400,1086940,Baldur's Gate 3,50.31666666666667,"Adventure, RPG, Strategy",11
76561199066670400,2668080,Snowbreak: Containment Zone,0.0,"Action, Adventure, RPG",0
76561199066670400,2674810,Dragon's Dogma 2 Character Creator & Storage,0.65,Free To Play,0
76561199066670400,70,Half-Life,0.0,Action,0
76561199066670400,2709570,Supermarket Together,4.216666666666667,"Casual, Indie, Simulation, Free To Play",0
76561199066670400,383180,Dead Island: Riptide Definitive Edition,0.0,Action,0
76561199066670400,2767030,Marvel Rivals,137.63333333333333,"Action, Free To Play",25
76561199066670400,2768430,ATLYSS,32.78333333333333,"Action, Adventure, Casual, Indie, RPG, Early Access",13
76561199066670400,235900,RPG Maker XP,0.0,"RPG, Design & Illustration, Education, Web Publishing, Game Development",0
76561199066670400,2835570,Buckshot Roulette,0.3,"Action, Indie, Simulation",0
76561199066670400,282800,100% Orange Juice,0.0,"Indie, Strategy",0
76561199066670400,2881650,Content Warning,0.0,"Action, Adventure, Indie",0
76561199066670400,2909110,Nuclear Nightmare,10.083333333333334,"Action, Adventure, Indie, Early Access",12
76561199066670400,2963880,Murky Divers,4.333333333333333,"Action, Adventure, Indie",0
76561199066670400,2051620,Enlisted,0.0,"Action, Massively Multiplayer, Free To Play",0
76561199066670400,442070,Drawful 2,0.0,"Casual, Indie, Strategy",0
76561199066670400,2828500,The Jackbox Megapicker,0.0,"Free To Play, Utilities",0
76561199066670400,1422450,Deadlock,0.0,Action,0
76561199066670400,3146520,WEBFISHING,11.883333333333333,"Casual, Indie, Massively Multiplayer",8
76561199066670400,3164500,Schedule I,5.516666666666667,"Action, Indie, Simulation, Strategy, Early Access",4
76561199066670400,2651280,Marvel's Spider-Man 2,29.333333333333332,"Action, Adventure",18
76561199078312199,20,Team Fortress Classic,0.0,Action,0
76561199078312199,50,Half-Life: Opposing Force,0.0,Action,0
76561199078312199,70,Half-Life,1.25,Action,0
76561199078312199,130,Half-Life: Blue Shift,0.0,Action,0
76561199078312199,240,Counter-Strike: Source,1.3833333333333333,Action,26
76561199078312199,3830,Psychonauts,0.0,Action,0
76561199078312199,4000,Garry's Mod,22.0,"Casual, Indie, Simulation",6
76561199078312199,6910,Deus Ex: Game of the Year Edition,0.03333333333333333,Action,0
76561199078312199,2280,DOOM + DOOM II,1.1333333333333333,Action,0
76561199078312199,2300,DOOM II,0.75,Action,0
76561199078312199,4500,S.T.A.L.K.E.R.: Shadow of Chernobyl,1.2,"Action, RPG",0
76561199078312199,220,Half-Life 2,12.766666666666667,Action,21
76561199078312199,320,Half-Life 2: Deathmatch,0.0,Action,0
76561199078312199,360,Half-Life Deathmatch: Source,0.0,Action,0
76561199078312199,400,Portal,1.5333333333333334,Action,2
76561199078312199,12130,Manhunt,23.766666666666666,Action,0
76561199078312199,12140,Max Payne,1.2333333333333334,Action,0
76561199078312199,12150,Max Payne 2: The Fall of Max Payne,0.0,Action,0
76561199078312199,13560,Tom Clancy's Splinter Cell®,0.0,Action,0
76561199078312199,12200,Bully: Scholarship Edition,0.8333333333333334,"Action, Adventure",0
76561199078312199,19000,Silent Hill Homecoming,0.31666666666666665,Adventure,0
76561199078312199,17390,SPORE™,1.45,"Action, Adventure, Casual, RPG, Simulation, Strategy",0
76561199078312199,3710,Judge Dredd: Dredd vs. Death,0.06666666666666667,Action,0
76561199078312199,3590,Plants vs. Zombies GOTY Edition,2.3666666666666667,Strategy,2
76561199078312199,6060,"STAR WARS™ Battlefront II (Classic, 2005)",1.1833333333333333,Action,0
76561199078312199,6000,STAR WARS™ Republic Commando™,0.6833333333333333,Action,0
76561199078312199,32370,STAR WARS™ Knights of the Old Republic™,0.36666666666666664,"Adventure, RPG",0
76561199078312199,32440,LEGO® Star Wars™ - The Complete Saga,3.033333333333333,Adventure,0
76561199078312199,550,Left 4 Dead 2,9.683333333333334,Action,17
76561199078312199,32430,STAR WARS™ - The Force Unleashed™ Ultimate Sith Edition,7.333333333333333,Action,0
76561199078312199,3730,Aliens versus Predator Classic 2000,0.3,Action,0
76561199078312199,10680,Aliens vs. Predator™,2.8333333333333335,Action,7
76561199078312199,22380,Fallout: New Vegas,8.2,"Action, RPG",1
76561199078312199,47780,Dead Space™ 2,0.016666666666666666,"Action, Adventure",0
76561199078312199,620,Portal 2,3.4166666666666665,"Action, Adventure",2
76561199078312199,105600,Terraria,18.5,"Action, Adventure, Indie, RPG",9
76561199078312199,67370,The Darkness II,4.566666666666666,Action,19
76561199078312199,110800,L.A. Noire,0.03333333333333333,"Adventure, Strategy",0
76561199078312199,9050,DOOM 3,0.0,Action,0
76561199078312199,9070,DOOM 3 Resurrection of Evil,0.0,Action,0
76561199078312199,208200,DOOM 3,1.0333333333333334,Action,0
76561199078312199,204100,Max Payne 3,23.016666666666666,Action,17
76561199078312199,50300,Spec Ops: The Line,5.45,"Action, Adventure",27
76561199078312199,219150,Hotline Miami,14.4,"Action, Indie",22
76561199078312199,205100,Dishonored,0.4166666666666667,"Action, Adventure",1
76561199078312199,4720,Condemned: Criminal Origins,5.7,Action,0
76561199078312199,223470,POSTAL 2,2.5,"Action, Adventure, Indie",11
76561199078312199,213610,Sonic Adventure 2,1.3,Action,1
76561199078312199,12110,Grand Theft Auto: Vice City,2.6666666666666665,Action,0
76561199078312199,12240,Unknown,0.0,,0
76561199078312199,211500,RaceRoom Racing Experience,0.3333333333333333,"Racing, Simulation, Sports, Free To Play",0
76561199078312199,236390,War Thunder,0.0,"Action, Massively Multiplayer, Simulation, Free To Play",0
76561199078312199,223710,Cry of Fear,12.383333333333333,"Action, Adventure, Indie",0
76561199078312199,242720,GunZ 2: The Second Duel,0.08333333333333333,"Action, Indie, Free To Play",1
76561199078312199,223750,DCS World Steam Edition,0.0,"Simulation, Free To Play",0
76561199078312199,241640,Unknown,0.0,,0
76561199078312199,221040,Resident Evil 6,0.0,"Action, Adventure",0
76561199078312199,233270,Far Cry 3 - Blood Dragon,0.48333333333333334,"Action, Adventure",0
76561199078312199,2320,Quake II,0.0,Action,0
76561199078312199,247020,"Cook, Serve, Delicious!",0.0,"Action, Indie, Simulation, Strategy",0
76561199078312199,218620,PAYDAY 2,7.116666666666666,"Action, RPG",22
76561199078312199,209000,Batman™: Arkham Origins,12.433333333333334,"Action, Adventure",6
76561199078312199,250320,The Wolf Among Us,5.816666666666666,"Action, Adventure, Casual",16
76561199078312199,252330,Slender: The Arrival,0.08333333333333333,"Action, Adventure, Indie",0
76561199078312199,107410,Arma 3,2.5,"Action, Simulation, Strategy",4
76561199078312199,261110,Killer is Dead - Nightmare Edition,0.7666666666666667,Action,3
76561199078312199,235460,METAL GEAR RISING: REVENGEANCE,13.166666666666666,Action,20
76561199078312199,271590,Grand Theft Auto V Legacy,64.38333333333334,"Action, Adventure",15
76561199078312199,3240220,Grand Theft Auto V Enhanced,0.0,"Action, Adventure, Racing",0
76561199078312199,274170,Hotline Miami 2: Wrong Number,29.983333333333334,"Action, Indie",14
76561199078312199,274520,Darkwood,1.3333333333333333,"Action, Adventure, Indie, RPG",1
76561199078312199,213670,South Park™: The Stick of Truth™,0.7833333333333333,"Action, Adventure, RPG",1
76561199078312199,254700,Resident Evil 4 (2005),11.8,"Action, Adventure",5
76561199078312199,286690,Metro 2033 Redux,3.433333333333333,Action,6
76561199078312199,317360,Double Action: Boogaloo,0.36666666666666664,"Action, Indie, Free To Play",1
76561199078312199,319510,Five Nights at Freddy's,3.25,"Indie, Simulation",0
76561199078312199,214490,Alien: Isolation,4.183333333333334,Action,12
76561199078312199,21690,Resident Evil 5,0.45,"Action, Adventure",0
76561199078312199,307690,Sleeping Dogs: Definitive Edition,0.6666666666666666,"Action, Adventure, Racing",2
76561199078312199,238320,Outlast,1.3333333333333333,"Action, Adventure, Indie",1
76561199078312199,268050,The Evil Within,1.1833333333333333,Action,0
76561199078312199,332800,Five Nights at Freddy's 2,3.6666666666666665,Indie,0
76561199078312199,339040,Disney's Chicken Little,0.5333333333333333,"Action, Adventure",0
76561199078312199,341190,Hotline Miami 2: Wrong Number Digital Comic,0.35,,0
76561199078312199,304240,Resident Evil,0.0,"Action, Adventure",0
76561199078312199,307780,Mortal Kombat X,2.05,Action,3
76561199078312199,354140,Five Nights at Freddy's 3,2.7666666666666666,"Action, Indie, Simulation",0
76561199078312199,352400,LEGO® Jurassic World,4.15,"Action, Adventure",10
76561199078312199,356670,Spooky's Jump Scare Mansion,0.06666666666666667,"Action, Adventure, Free To Play, Indie",0
76561199078312199,360740,Downwell,1.2333333333333334,"Action, Adventure, Indie",3
76561199078312199,361300,Mother Russia Bleeds,0.3,"Action, Indie",0
76561199078312199,362930,Garfield Kart,0.1,Racing,0
76561199078312199,28000,Kane & Lynch 2: Dog Days,5.133333333333334,Action,17
76561199078312199,329050,Devil May Cry 4 Special Edition,10.8,Action,4
76561199078312199,374320,DARK SOULS™ III,28.583333333333332,Action,25
76561199078312199,341940,Hatred,4.516666666666667,"Action, Indie",0
76561199078312199,380600,Fishing Planet,0.3,"Massively Multiplayer, Simulation, Sports, Free To Play",1
76561199078312199,291550,Brawlhalla,14.05,"Action, Indie, Free To Play",6
76561199078312199,388090,Five Nights at Freddy's 4,0.8,"Action, Indie, Strategy",0
76561199078312199,391540,Undertale,0.06666666666666667,"Indie, RPG",0
76561199078312199,401680,POSTAL Redux,1.35,"Action, Indie",10
76561199078312199,410110,12 is Better Than 6,0.0,"Action, Indie",0
76561199078312199,225540,Just Cause™ 3,0.65,"Action, Adventure",2
76561199078312199,423230,Furi,12.0,"Action, Indie",16
76561199078312199,359550,Tom Clancy's Rainbow Six® Siege,415.4166666666667,Action,0
76561199078312199,623990,Unknown,0.0,,0
76561199078312199,239140,Dying Light,2.566666666666667,"Action, RPG",5
76561199078312199,431960,Wallpaper Engine,1.3166666666666667,"Casual, Indie, Animation & Modeling, Design & Illustration, Photo Editing, Utilities",3
76561199078312199,434570,Blood and Bacon,1.0,"Action, Adventure, Casual",8
76561199078312199,438100,VRChat,4.233333333333333,"Adventure, Casual, Massively Multiplayer, Simulation, Sports, Free To Play, Early Access",0
76561199078312199,427920,Unknown,0.0,,0
76561199078312199,377160,Fallout 4,18.8,RPG,14
76561199078312199,379720,DOOM,7.816666666666666,Action,15
76561199078312199,471710,Rec Room,7.15,"Adventure, Casual, Massively Multiplayer, Free To Play",0
76561199078312199,383150,Dead Island Definitive Edition,0.0,Action,0
76561199078312199,489360,CASE: Animatronics,0.0,"Action, Adventure, Indie, Simulation",0
76561199078312199,311210,Call of Duty®: Black Ops III,14.833333333333334,"Action, Adventure",6
76561199078312199,502280,BERSERK and the Band of the Hawk,11.533333333333333,Action,12
76561199078312199,506610,Five Nights at Freddy's: Sister Location,2.5,"Action, Indie, Simulation",0
76561199078312199,7670,BioShock™,0.65,"Action, RPG",0
76561199078312199,8850,BioShock® 2,0.0,Action,0
76561199078312199,8870,BioShock Infinite,1.4166666666666667,Action,4
76561199078312199,409710,BioShock™ Remastered,0.8833333333333333,"Action, RPG",5
76561199078312199,409720,BioShock™ 2 Remastered,0.0,"Action, RPG",0
76561199078312199,287700,METAL GEAR SOLID V: THE PHANTOM PAIN,55.78333333333333,"Action, Adventure",22
76561199078312199,311340,METAL GEAR SOLID V: GROUND ZEROES,5.416666666666667,"Action, Adventure",4
76561199078312199,8500,EVE Online,0.0,"Action, Massively Multiplayer, RPG, Strategy, Free To Play",0
76561199078312199,438740,Friday the 13th: The Game,1.75,Action,1
76561199078312199,582500,We Were Here,0.0,"Action, Adventure, Indie, Free To Play",0
76561199078312199,591960,Animation Throwdown: The Quest for Cards,0.016666666666666666,"Adventure, RPG, Strategy, Free To Play",1
76561199078312199,631510,Devil May Cry HD Collection,24.033333333333335,Action,35
76561199078312199,632360,Risk of Rain 2,0.3333333333333333,"Action, Indie",1
76561199078312199,650700,Yume Nikki,0.08333333333333333,"Adventure, Casual, Indie, Free To Play",0
76561199078312199,601430,The Evil Within 2,0.0,"Action, Adventure",0
76561199078312199,677620,Splitgate,6.7,"Action, Free To Play, Indie",12
76561199078312199,698670,Scorn,5.1,"Action, Adventure, Indie",11
76561199078312199,698780,Doki Doki Literature Club!,0.0,"Casual, Free To Play, Indie",0
76561199078312199,700330,SCP: Secret Laboratory,1.4333333333333333,"Action, Free To Play",6
76561199078312199,736590,Operation: Harsh Doorstop,0.31666666666666665,"Action, Casual, Indie, Simulation, Strategy, Free To Play, Early Access",0
76561199078312199,738060,Freddy Fazbear's Pizzeria Simulator,1.1166666666666667,"Free To Play, Indie, Simulation",0
76561199078312199,747660,Five Nights at Freddy's: Security Breach,14.266666666666667,"Action, Adventure, Indie",16
76561199078312199,774171,Muse Dash,0.0,"Action, Casual, Indie",0
76561199078312199,783770,Ironsight,0.2833333333333333,"Action, Free To Play",0
76561199078312199,794600,LET IT DIE,0.0,"Action, Free To Play",0
76561199078312199,837380,DeoVR - VR Video Streaming Platform,0.3,"Utilities, Video Production",0
76561199078312199,570940,DARK SOULS™: REMASTERED,21.883333333333333,Action,9
76561199078312199,868520,killer7,27.75,"Action, Adventure",0
76561199078312199,871720,Ultimate Custom Night,1.75,"Action, Free To Play, Indie",0
76561199078312199,638970,Yakuza 0,2.183333333333333,"Action, Adventure, RPG",1
76561199078312199,646910,The Crew™ 2,0.0,"Action, Massively Multiplayer, Racing",0
76561199078312199,714010,Aimlabs,0.6,"Action, Adventure, Casual, Indie, Simulation, Free To Play",7
76561199078312199,894020,Death's Door,1.1333333333333333,"Action, Adventure, Indie, RPG",0
76561199078312199,730,Counter-Strike 2,29.55,"Action, Free To Play",1
76561199078312199,964800,Prodeus,0.0,"Action, Adventure, Casual, Indie",0
76561199078312199,992490,iVRy Driver for SteamVR,0.016666666666666666,Utilities,0
76561199078312199,581320,Insurgency: Sandstorm,11.15,Action,14
76561199078312199,519860,DUSK,0.7666666666666667,"Action, Indie",0
76561199078312199,1019100,Attack on Titan 2 - A.O.T.2 - Demo,0.6166666666666667,Action,0
76561199078312199,1064460,Murder House,2.85,"Adventure, Indie",5
76561199078312199,1091500,Cyberpunk 2077,91.43333333333334,RPG,38
76561199078312199,782330,DOOM Eternal,17.3,Action,22
76561199078312199,976730,Halo: The Master Chief Collection,18.2,Action,44
76561199078312199,1118200,People Playground,36.88333333333333,"Action, Casual, Indie, Simulation",6
76561199078312199,1130620,[Chilla's Art] Aka Manto | 赤マント,0.25,"Action, Adventure, Casual, Indie, Simulation, Strategy",0
76561199078312199,1144200,Ready or Not,10.233333333333333,"Action, Adventure, Indie",5
76561199078312199,1148590,DOOM 64,0.23333333333333334,Action,0
76561199078312199,1150690,OMORI,1.7666666666666666,"Adventure, Indie, RPG",1
76561199078312199,1085660,Destiny 2,0.0,"Action, Adventure, Free To Play",0
76561199078312199,1170760,XIII - Classic,0.0,Action,0
76561199078312199,1172470,Apex Legends™,12.716666666666667,"Action, Adventure, Free To Play",2
76561199078312199,1174180,Red Dead Redemption 2,40.45,"Action, Adventure",13
76561199078312199,1168280,"Resident Evil 2 ""R.P.D. Demo""",0.0,Action,0
76561199078312199,1192670,CODE VEIN Demo,0.0,,0
76561199078312199,232770,POSTAL,1.7,"Action, Indie",13
76561199078312199,1224020,Creepy Tale,0.0,"Adventure, Indie",0
76561199078312199,393390,Cat Simulator,0.0,"Action, Adventure, Casual, Indie, Simulation, Strategy, Early Access",0
76561199078312199,1229490,ULTRAKILL,3.6333333333333333,"Action, Indie, Early Access",0
76561199078312199,1237980,STAR WARS™ Battlefront,0.9833333333333333,"Action, Adventure, Strategy",2
76561199078312199,1238060,Dead Space™ 3,0.016666666666666666,Action,0
76561199078312199,1239690,Retrowave,0.11666666666666667,"Action, Casual, Indie, Racing, Simulation",4
76561199078312199,1249200,Ghostrunner Demo,0.2,Action,0
76561199078312199,1262350,SIGNALIS,4.133333333333334,"Action, Adventure, Indie",3
76561199078312199,1245620,ELDEN RING,240.81666666666666,"Action, RPG",42
76561199078312199,12210,Grand Theft Auto IV: The Complete Edition,39.75,"Action, Adventure",12
76561199078312199,1281930,tModLoader,16.333333333333332,"Action, Adventure, Indie, RPG, Free To Play",0
76561199078312199,1284130,Sclash,0.0,Action,0
76561199078312199,1113000,Persona 4 Golden,5.416666666666667,RPG,1
76561199078312199,1285670,Post Void,1.4166666666666667,"Action, Indie",3
76561199078312199,1286830,STAR WARS™: The Old Republic™,0.0,"Massively Multiplayer, RPG, Free To Play",0
76561199078312199,1289310,Helltaker,0.5,"Adventure, Free To Play, Indie",1
76561199078312199,1326470,Sons Of The Forest,14.533333333333333,"Action, Adventure, Indie, Simulation",6
76561199078312199,1328350,Turbo Overkill,0.36666666666666664,"Action, Indie",3
76561199078312199,1343370,Old School RuneScape,0.0,"Adventure, Massively Multiplayer, RPG, Free To Play",0
76561199078312199,1353230,Bomb Rush Cyberfunk,0.2833333333333333,"Action, Adventure, Indie",0
76561199078312199,408900,Unfortunate Spacemen,0.0,"Action, Indie, Strategy, Free To Play",0
76561199078312199,1388770,Cruelty Squad,1.45,"Action, Indie, Simulation",0
76561199078312199,1392820,Milk inside a bag of milk inside a bag of milk,0.13333333333333333,"Adventure, Indie",2
76561199078312199,1399780,Spellbreak,0.0,"Action, Adventure, Free To Play, RPG",0
76561199078312199,1408720,Krunker,0.03333333333333333,"Action, Casual",1
76561199078312199,1419170,My Singing Monsters,0.31666666666666665,"Simulation, Free To Play",0
76561199078312199,1449280,Ghostbusters: The Video Game Remastered,0.43333333333333335,Action,6
76561199078312199,1462040,FINAL FANTASY VII REMAKE INTERGRADE,28.733333333333334,"Action, Adventure, RPG",29
76561199078312199,1473480,A.V.A Global,0.0,"Action, Massively Multiplayer, Free To Play",0
76561199078312199,1504980,It Takes Two Friend's Pass,1.1166666666666667,,0
76561199078312199,1548850,Six Days in Fallujah,1.2666666666666666,"Action, Early Access",2
76561199078312199,1549690,SPRAWL,0.45,"Action, Indie",2
76561199078312199,1554600,Wife Quest,0.0,"Action, Adventure, Indie",0
76561199078312199,1557990,Retail Royale,0.03333333333333333,"Action, Massively Multiplayer, Strategy",0
76561199078312199,1583720,Entropy : Zero 2,0.0,"Action, Free To Play",0
76561199078312199,1590320,Bro Falls,0.11666666666666667,"Action, Casual, Free To Play, Indie, Massively Multiplayer, Racing",0
76561199078312199,351510,Quiplash,9.516666666666667,"Casual, Indie, Strategy",8
76561199078312199,1598160,Bloodwash,0.16666666666666666,Action,0
76561199078312199,1604000,Milk outside a bag of milk outside a bag of milk,0.4166666666666667,"Casual, Indie",0
76561199078312199,1630080,College Bound - Episode 1,0.6666666666666666,"Casual, Free To Play, Indie",16
76561199078312199,231430,Company of Heroes 2,0.0,Strategy,0
76561199078312199,1180660,Tell Me Why,0.0,"Adventure, Free To Play",0
76561199078312199,424840,Little Nightmares,0.0,Adventure,0
76561199078312199,1022310,Warhammer Underworlds - Shadespire Edition,0.0,"Casual, Strategy",0
76561199078312199,613900,Museum of Other Realities,0.0,"Casual, Simulation",0
76561199078312199,65790,ARMA: Cold War Assault,0.0,"Action, Simulation, Strategy",0
76561199078312199,297130,Titan Souls,0.0,"Action, Adventure, Indie",0
76561199078312199,1671340,Fears to Fathom - Home Alone,0.26666666666666666,"Adventure, Casual, Indie, Free To Play",1
76561199078312199,1676130,Deadlink,0.0,"Action, Indie",0
76561199078312199,1678420,Blade Runner: Enhanced Edition,0.4666666666666667,Adventure,2
76561199078312199,883710,Resident Evil 2,12.416666666666666,Action,26
76561199078312199,952060,Resident Evil 3,4.533333333333333,Action,18
76561199078312199,952070,RESIDENT EVIL RESISTANCE,0.0,Action,0
76561199078312199,1721470,Poppy Playtime,0.7666666666666667,"Action, Adventure, Indie",0
76561199078312199,1240440,Halo Infinite,2.5,"Action, Free To Play",6
76561199078312199,1757610,Puppet Master: The Game,0.5,"Action, Indie, Free To Play",2
76561199078312199,489520,Minion Masters,0.0,"Action, Adventure, Indie, RPG, Strategy, Free To Play",0
76561199078312199,475150,Titan Quest Anniversary Edition,0.0,"Action, RPG",0
76561199078312199,283270,Jagged Alliance 1: Gold Edition,0.0,"Action, RPG, Strategy",0
76561199078312199,46500,Syberia,0.0,"Adventure, Casual",0
76561199078312199,46510,Syberia II,0.0,Adventure,0
76561199078312199,475550,Beholder,0.0,"Adventure, Indie, Strategy",0
76561199078312199,1782210,Crab Game,4.266666666666667,"Action, Casual, Free To Play, Indie, Racing",0
76561199078312199,556130,"Drones, The Human Condition",0.0,"Action, Indie, Sports",0
76561199078312199,1812390,The Elder Scrolls II: Daggerfall,0.0,"Action, RPG",0
76561199078312199,571310,SteamWorld Dig 2,0.0,"Action, Adventure, Indie",0
76561199078312199,1840490,Christmas Massacre,0.25,"Action, Indie",1
76561199078312199,204450,Call of Juarez: Gunslinger,0.0,Action,0
76561199078312199,1846170,Iron Lung,0.7166666666666667,"Adventure, Indie, Simulation",2
76561199078312199,578080,PUBG: BATTLEGROUNDS,0.5666666666666667,"Action, Adventure, Massively Multiplayer, Free To Play",0
76561199078312199,1196590,Resident Evil Village,9.383333333333333,Action,20
76561199078312199,1236300,Resident Evil Re:Verse,0.0,Action,0
76561199078312199,1888160,ARMORED CORE™ VI FIRES OF RUBICON™,6.0,Action,7
76561199078312199,1902490,Aperture Desk Job,0.0,"Action, Adventure, Casual, Free To Play",0
76561199078312199,1944430,Amnesia: The Bunker,0.35,"Action, Adventure, Indie",1
76561199078312199,1677740,Stumble Guys,8.5,"Action, Casual, Indie, Massively Multiplayer, Racing, Free To Play",0
76561199078312199,1961460,PROJECT: PLAYTIME,0.0,"Action, Indie, Free To Play, Early Access",0
76561199078312199,1975180,The Night of the Scissors,0.4666666666666667,"Action, Adventure, Indie",1
76561199078312199,1985690,The Looker,0.11666666666666667,Indie,0
76561199078312199,1938090,Call of Duty®,118.88333333333334,Action,3
76561199078312199,346110,ARK: Survival Evolved,0.0,"Action, Adventure, Indie, Massively Multiplayer, RPG",0
76561199078312199,407530,ARK: The Survival Of The Fittest,0.0,"Action, Adventure, Indie, Massively Multiplayer, RPG, Strategy",0
76561199078312199,2073850,THE FINALS,2.7333333333333334,"Action, Free To Play",7
76561199078312199,1818750,MultiVersus,12.766666666666667,"Action, Free To Play",14
76561199078312199,2105660,I live under your house.,0.45,"Adventure, Indie, RPG",6
76561199078312199,552500,Warhammer: Vermintide 2,0.0,"Action, Indie, RPG",0
76561199078312199,2131630,METAL GEAR SOLID - Master Collection Version,4.116666666666666,Action,5
76561199078312199,2131680,METAL GEAR & METAL GEAR 2: Solid Snake,0.0,Action,0
76561199078312199,2131640,METAL GEAR SOLID 2: Sons of Liberty - Master Collection Version,20.316666666666666,Action,20
76561199078312199,2139460,Once Human,0.0,"Action, Adventure, RPG, Simulation, Strategy, Free To Play",0
76561199078312199,674020,World War 3,0.0,"Action, Free To Play",0
76561199078312199,2231450,Pizza Tower,2.35,"Action, Indie",2
76561199078312199,2232840,Garten of Banban,0.05,"Action, Adventure, Casual, Indie, Free To Play",0
76561199078312199,383270,Hue,0.0,"Adventure, Indie",0
76561199078312199,2264140,How 2 Escape,0.0,"Adventure, Casual, Indie, Simulation",0
76561199078312199,2272250,Forgive Me Father 2,0.0,"Action, Indie",0
76561199078312199,2281730,Combat Master: Season 4,1.7333333333333334,"Action, Free To Play",0
76561199078312199,2271530,PROTOTYPE原型,0.18333333333333332,"Free To Play, Indie",0
76561199078312199,2296990,We Were Here Expeditions: The FriendShip,0.0,"Adventure, Casual, Indie",0
76561199078312199,2324590,ROBOBEAT Demo,1.6166666666666667,,0
76561199078312199,2324650,The Murder of Sonic the Hedgehog,0.0,"Casual, Free To Play, Indie, Simulation",0
76561199078312199,1359980,POSTAL: Brain Damaged,0.0,Action,0
76561199078312199,2357570,Overwatch® 2,0.0,"Action, Free To Play",0
76561199078312199,2131650,METAL GEAR SOLID 3: Snake Eater - Master Collection Version,13.866666666666667,Action,19
76561199078312199,43160,Unknown,0.0,,0
76561199078312199,2448970,Dungeonborne,0.0,"Action, Adventure, RPG, Strategy, Free To Play, Early Access",0
76561199078312199,2507950,Delta Force,0.0,"Action, Adventure, Massively Multiplayer, Free To Play",0
76561199078312199,2524890,Pixel Gun 3D: PC Edition,2.4833333333333334,"Action, Adventure, Massively Multiplayer, Free To Play",1
76561199078312199,2124490,SILENT HILL 2,14.366666666666667,"Action, Adventure",23
76561199078312199,2593450,Furi Demake - The Chain,0.0,"Action, Indie",0
76561199078312199,383180,Dead Island: Riptide Definitive Edition,0.0,Action,0
76561199078312199,2767030,Marvel Rivals,14.95,"Action, Free To Play",5
76561199078312199,2881650,Content Warning,0.0,"Action, Adventure, Indie",0
76561199078312199,2923300,Banana,0.016666666666666666,"Adventure, Casual, Simulation, Strategy, Free To Play",1
76561199078312199,2985610,The Big Catch: Tacklebox,0.0,"Action, Adventure, Free To Play",0
76561199078312199,489630,"Warhammer 40,000: Gladius - Relics of War",0.0,Strategy,0
76561199078312199,2016590,Dark and Darker,0.0,"Action, RPG, Free To Play, Early Access",0
76561199078312199,1486630,Intravenous,0.0,"Action, Indie",0
