Game,Dominant_Topic,Similarity_Score
(the) Gnorp Apologue,0,0.7115560920936788
---Red---Tether-->,0,0.6557700864190505
10 Minutes Till Dawn,0,0.5015295672105707
100% Orange Juice,0,0.6655081941640044
11-11 Memories Retold,0,0.4921820355648997
112 Operator - The Last Duty,0,0.41515091309595326
140,0,0.665509426570162
20 Small Mazes,0,0.631344005992331
3DMark,1,0.4495054935101077
5D Chess With Multiverse Time Travel,0,0.5169762277614323
60 Seconds! Reatomized,0,0.6835913685727263
7 Days to Die,16,0.729241397252765
77p egg: Eggwife,0,0.6052568021534777
7th Deep,0,0.6642801219308859
9 Kings,0,0.5930467380367846
9 Kings Demo,0,0.5223048937002618
9 Monkeys of Shaolin,0,0.6770232468742758
90 Minute Fever - Online Football (Soccer) Manager,0,0.39809905413022745
911 Operator,0,0.589808445999616
>observer_,0,0.6997229031424681
A Chair in a Room : Greenwater,0,0.33990154491669805
A Date in the Park,0,0.6965575726745503
A HERO AND A GARDEN,0,0.5626337575651049
A Healer Only Lives Twice,0,0.4780582285922641
A Juggler's Tale,0,0.41962543505309596
A Monster's Expedition,0,0.5765964702042997
A Mortician's Tale,15,0.5211626660339028
A Plague Tale: Innocence,0,0.44998039575320686
A Plague Tale: Requiem,0,0.5771402540491543
A Short Hike,0,0.24463770612172284
A Story About My Uncle,0,0.5744939894970776
A Total War Saga: THRONES OF BRITANNIA,0,0.2731199138902304
A Way Out,0,0.6705705866402433
ACE COMBAT™ 7: SKIES UNKNOWN,3,0.6348178701381315
ACE COMBAT™7: SKIES UNKNOWN - Season Pass,0,0.4540295033055122
ACTION SANDBOX,0,0.5648449655351552
ADOM (Ancient Domains Of Mystery),0,0.40936391031886266
AER Memories of Old,0,0.44208593662221923
AI: The Somnium Files,0,0.6813564355058691
APB Reloaded,0,0.7013067652190166
ARK: Survival Ascended,0,0.6107851626522093
ARK: Survival Evolved,1,0.5791543566080104
ARMORED CORE™ VI FIRES OF RUBICON™,0,0.49371870997598316
ASTRA: Knights of Veda,0,0.411781897199099
ATOM RPG: Post-apocalyptic indie game,0,0.7121491279128446
Abiotic Factor,0,0.5667320636163921
Absolute Drift,0,0.6075023493670735
Abyss Crew,1,0.6229175313001589
Abyss Odyssey,3,0.668049591475946
Ace Combat Assault Horizon - Enhanced Edition,0,0.5183193514812445
Aces & Adventures,0,0.5893254967685251
Achievement Clicker,0,0.390803220722001
Achtung! Cthulhu Tactics,0,0.6590404833093191
Acid Planet,1,0.6113449018260294
Across the Obelisk,0,0.5664480399699876
Adam Wolfe,0,0.6147215905274122
Adventure Time: Pirates of the Enchiridion,3,0.6584645874128556
Aerofly FS 2 Flight Simulator,0,0.6560698224414696
Afterinfection,0,0.6951504156287112
Against the Storm,0,0.5221797411808362
Age of Empires II (2013): Rise of the Rajas,0,0.3228298291291503
Age of Empires II (2013): The African Kingdoms,0,0.5004212972383394
Age of Empires II (2013): The Forgotten,0,0.5361659045310154
Age of Empires: Definitive Edition,0,0.7023504570253479
Age of Empires® III (2007),0,0.4285359713213875
Age of Fear: The Undead King,0,0.6358779724663336
Age of Mythology EX: Tale of the Dragon,0,0.5965040997584521
Age of Mythology: Extended Edition,0,0.5702391386966703
Age of Rivals,0,0.6001059022521629
Age of Wonders 4,0,0.6280875069202887
Age of Wonders III,0,0.6547469231068066
Age of Wonders: Planetfall,0,0.45925098796204716
Agent A: A puzzle in disguise,0,0.695110654786659
Ages of Conflict: World War Simulator,0,0.4992083057389176
Agony UNRATED,0,0.6173550782378747
Aimlabs,1,0.44186986387687255
Air Marty,0,0.36251861722313805
Akane,0,0.5807246753157074
Alaloth: Champions of The Four Kingdoms,0,0.6790907611692574
Alan Wake,0,0.40342370789854104
Albion Online,0,0.4961007111461464
Alex Kidd in Miracle World DX,0,0.5075584674301171
Alien Swarm,0,0.5129561360411274
Alien Swarm: Reactive Drop,0,0.6174838841470932
Alien: Isolation,0,0.46024949611932986
Aliens: Fireteam Elite,0,0.5982418888435143
Almost Alive,0,0.4775649478053857
Alone in the Dark (2008),1,0.6180652301653734
Altered,0,0.4574419473307361
Always Sometimes Monsters,0,0.6808708324086197
American Fugitive,0,0.4825578793514234
American Theft 80s,0,0.6301242540263601
Amnesia: The Bunker,0,0.4519764876496402
Amnesia: The Dark Descent,0,0.6077153993028073
Amok Runner,0,0.6964597138472574
Among Us,0,0.4125160692298928
Ancestors: The Humankind Odyssey,0,0.7433099936794382
Andor - Wrecking Dawn,0,0.41568152159843486
Angels Fall First,0,0.1668271790296435
Anger Foot,0,0.7278782895310785
Animaze by FaceRig,0,0.31631300379329014
Anna - Extended Edition,0,0.7173360786058285
Anno 1800,0,0.4771759626436778
Anno 2205™,0,0.6443439939466133
Anomalous,0,0.6616538641740932
Antichamber,0,0.5775880292457084
Antihero,0,0.5650119529950248
Aotenjo: Infinite Hands,0,0.4473682453981102
Apex Legends™,19,0.7019789374411336
Apocalich,0,0.4652056431778015
Apocalypse Party,8,0.6200107531958805
Apotheon,5,0.48376773473595536
Arboria,0,0.7177240030666497
Arcade Tycoon ™ : Simulation Game,0,0.4679425533507236
Arcanium: Rise of Akhan,0,0.5735491804097734
Arcus,0,0.5410309393077605
Arkham Horror: Mother's Embrace,0,0.6082172140127262
Arma 2: Operation Arrowhead,0,0.48733180308906343
Arma 3,0,0.43907686195558904
Arma 3 Creator DLC: S.O.G. Prairie Fire,0,0.24078899149210928
Arma Tactics,0,0.6579174159291108
Armello,0,0.6200811070907096
Armello - The Bandit Clan,0,0.47418012184164243
Army Men,0,0.6114126835737422
Arthurian Legends,1,0.7104722690637096
Artifact,0,0.47159629286093363
As Far As The Eye,0,0.6482392034627915
Ash of Gods: Redemption,0,0.6206056036937218
Assassin's Creed 2,9,0.7950504199361845
Assassin's Creed Valhalla,0,0.6788986446489758
Assassin's Creed® III Remastered,9,0.8215454682018355
Assassin's Creed® Odyssey,9,0.7517246758487226
Assassin's Creed® Origins,9,0.781556879342931
Assassin's Creed® Revelations,9,0.7687460745766017
Assassin's Creed® Syndicate,9,0.7848610441054757
Assassin's Creed™: Director's Cut Edition,0,0.5840954934360831
Assassin’s Creed® Brotherhood,9,0.795949505477601
Assassin’s Creed® Chronicles: Russia,0,0.667382973393994
Assassin’s Creed® IV Black Flag™,9,0.7664054663846736
Assassin’s Creed® Liberation HD,0,0.654369195242608
Assassin’s Creed® Rogue,9,0.7808837682969706
Assassin’s CreedⓇ Odyssey - The Fate of Atlantis,0,0.6397866934225797
Assassin’s CreedⓇ Odyssey – Legacy of the First Blade,0,0.595221881347794
Assemble with Care,0,0.5931223237882047
Astrea: Six-Sided Oracles,0,0.44181867528827296
Astro Colony,0,0.5988970902273303
Astronarch,0,0.6477075806236123
Asura Girls,10,0.7215548796114211
At Home Alone,0,0.622425053301699
Atom Zombie Smasher,0,0.6939895805376689
Atomic Heart,0,0.6127729042202691
Attack at Dawn: North Africa,0,0.7225085391077669
Attack on Titan / A.O.T. Wings of Freedom,0,0.5355052337786236
Aurion: Legacy of the Kori-Odan,0,0.721175274480082
Aurora Dusk: Steam Age,0,0.6937745777175685
Aven Colony,0,0.6242723297312347
Awesomenauts - the 2D moba,0,0.3852816778340927
Axes and Acres,0,0.6384053400844546
Aztez,0,0.6696637109817819
BATTALION: Legacy,0,0.6507424034865772
BERSERK and the Band of the Hawk,0,0.7015900583328487
BIOMUTANT,0,0.54349217680079
BITGUN,0,0.7014459594513015
BONELAB,0,0.6490698555812427
BOOK OF HOURS,0,0.6903561797056205
BUSTED!,0,0.6032543150400443
Baba Is You,0,0.7391544499452349
Back 4 Blood,0,0.5704461600377342
Backfirewall_,5,0.5265623485229252
Backpack Hero,0,0.6202404540642973
Backrooms: Escape Together,0,0.6102226787724119
Bad North: Jotunn Edition,0,0.5850490849936165
Balatro,0,0.7739396948763103
Baldur's Gate 3,0,0.5780594292450697
Baldur's Gate II: Enhanced Edition,0,0.5751628071710484
Baldur's Gate: Enhanced Edition,0,0.4964050270752799
Banishers: Ghosts of New Eden,5,0.6344766793761992
Barony,0,0.5799755569068572
Barotrauma,18,0.8050443038725598
Basement,0,0.45176507572225627
Bastard,5,0.5917271276853264
Bastion,0,0.5082836105181091
Batman - The Telltale Series,0,0.5577589821227649
Batman: Arkham Asylum Game of the Year Edition,0,0.5670382439649901
Batman: Arkham City - Game of the Year Edition,0,0.5688187154457149
Batman: The Enemy Within - The Telltale Series,0,0.6368730201604129
Batman™: Arkham Origins,0,0.5992439898114137
Batora: Lost Haven,0,0.719145770483108
Battle Brothers,0,0.5490972640530489
Battle Bruise,0,0.16622793431135416
Battle for Esturia,0,0.5025854684699771
Battle of Empires : 1914-1918,0,0.46130458797109264
Battlefield 4™,0,0.6207558375514904
Battlefield: Bad Company™ 2,0,0.6021629104583712
Battlefield™ 1,0,0.5725234624284647
Battlefield™ 2042,0,0.5685022336298946
Battlefield™ V,19,0.7181999919206316
Battlefleet Gothic: Armada,0,0.4172258993249876
Battlefleet Gothic: Armada 2,0,0.6693106903178794
Bayonetta,0,0.6688814166956034
Beacon,0,0.66294212120788
BeamNG.drive,0,0.5301278791405856
Beat Saber,0,0.406334121681297
Beholder,0,0.7042322699159836
Beholder 2,0,0.7099573710637765
Bejeweled 2 Deluxe,0,0.5482695949061093
Belladonna,0,0.6699975058869887
Bendy and the Ink Machine,0,0.5512964957524649
Besiege,0,0.5980931707175753
Bet On Soldier,0,0.5684092161807305
Better Late Than DEAD,1,0.687816236845274
Beyond Citadel,0,0.5457040179989443
Beyond Gravity,0,0.7618770210267952
Beyond a Steel Sky,0,0.5581769156870733
Beyond: Two Souls,0,0.577067292469867
Biblios Dice,15,0.5695486781425577
Billy's Nightmare,1,0.6191113565915413
Bio Inc. Redemption,2,0.45083144909666634
BioShock Infinite,1,0.5617021224311859
BioShock Infinite - Season Pass,0,0.44650414851142245
BioShock Infinite: Burial at Sea - Episode One,0,0.5150970454741514
BioShock Infinite: Clash in the Clouds,0,0.532214188523508
BioShock® 2,0,0.6779748281806396
BioShock™ 2 Remastered,0,0.6724132441199462
BioShock™ Remastered,1,0.6489648502093609
Bionic Commando,3,0.6434234191236033
Bioshock Infinite: Columbia's Finest,6,0.7476415707560268
Black Book,5,0.4921633203177437
Black Mesa,22,0.7943801639422234
Black Mirror I,0,0.7476988639080673
Black Myth: Wukong,0,0.4783432399383903
Black Skylands,0,0.5845901420138759
Blackguards,0,0.733743553342376
Blacklight: Retribution,0,0.6439371703957968
Blacksad: Under the Skin,0,0.5045714557599423
Blackwell Convergence,0,0.5646594594403828
Blade and Sorcery,0,0.5384324990817014
Blasphemous,0,0.6498987723740809
Blasphemous - Digital Comic,0,0.502410977880321
BlazBlue: Chronophantasma Extend,0,0.4926550752393749
Bleed 2,0,0.6017530071486947
Blender,7,0.5648081501402961
Bless Online,1,0.45962791633889805
Blitzkrieg 3,0,0.5664941092071536
Block'hood,0,0.5210231745619409
Blockwick 2,0,0.36501430355771813
Blood And Zombies,8,0.7379230568342666
Blood Card,0,0.49721506481303673
Blood Card 2: Dark Mist,0,0.4486259759392753
Blood Metal,21,0.6481480856894605
Blood Trail,0,0.5204990945070386
Blood West,0,0.4582488739722047
Bloodstained: Ritual of the Night,0,0.6713824551980809
Blood™ Fresh Supply,0,0.39038963895177275
Bloons TD 6,0,0.7078734731646016
Blossom Tales: The Sleeping King,0,0.5326838753211035
Blue Estate The Game,0,0.42724946043718304
Blue Prince,0,0.6222318333403499
Blueprint Tycoon,0,0.6167939733250309
Boneraiser Minions,0,0.6320641165056198
Book of Demons,0,0.6235719718603023
Book of Travels,1,0.7508547948906504
Boomerang X,0,0.46003471023490705
Borderlands 2,1,0.5327556125015657
Borderlands 2 VR,0,0.41576717036918487
Borderlands 2: Commander Lilith & the Fight for Sanctuary,0,0.6008684662883034
Borderlands 3,0,0.45292885548047535
Borderlands 3: Boost Mods Pack,0,0.29926317230883626
Borderlands 3: Bounty of Blood,0,0.457552619763565
Borderlands 3: Designer's Cut,0,0.4624550824145876
Borderlands 3: Digital Deluxe Extras,0,0.3859265420901449
Borderlands 3: FL4K Final Form Pack,0,0.25684179723238504
Borderlands 3: Gearbox Cosmetic Pack,0,0.2976794377555766
"Borderlands 3: Guns, Love, and Tentacles",0,0.462277901459558
Borderlands 3: Moze Final Form Pack,0,0.3436686230845913
Borderlands 3: Neon Cosmetic Pack,0,0.4499879458790318
Borderlands 3: Psycho Krieg and the Fantastic Fustercluck,0,0.3511139260089118
Borderlands 3: Season Pass,0,0.5555293862544339
Borderlands 3: Zane Final Form Pack,0,0.21685314663577293
Borderlands Game of the Year,2,0.3400976067277079
Borderless Gaming,1,0.5244334812543278
Bosorka,7,0.491625939605597
Boss Monster,0,0.6049286197419723
Bounty Train,0,0.7189470101642308
Bounty of One,0,0.4940361787553081
Brave Hand,0,0.6099952923228139
Bravery and Greed,8,0.6551458936230147
Breach Wanderers,0,0.6265063342650662
Breathedge,0,0.4474556967098784
Breathedge 2 Demo,0,0.2249804203330496
Brigador: Up-Armored Edition,0,0.5826676274200965
Bright Memory,0,0.5576365225611332
Bright Memory: Infinite,0,0.6632778684617606
Broken Sword - Shadow of the Templars: Reforged,0,0.48364718009575836
Broken Sword 3 - the Sleeping Dragon (2003),0,0.6429822609844954
Broken Sword: Director's Cut (2009),7,0.6321291886986703
BroodStar,0,0.44908579836230617
Brotato,0,0.6157769304404317
Brothers in Arms: Road to Hill 30™,0,0.6209897202131122
Brut@l,0,0.6342914564556208
Buggos,0,0.7264330378898041
Bulletstorm: Full Clip Edition,0,0.6335345990210592
Bullfrogs,11,0.7022157563776699
Bully: Scholarship Edition,0,0.6371779613882919
Bunker Punks,8,0.7277408931183552
Buriedbornes2 - Dungeon RPG -,5,0.263880631519396
Burnhouse Lane,0,0.5827483560478438
Burnout™ Paradise Remastered,0,0.6822143444415258
CAPCOM GO! Apollo VR Planetarium,0,0.46868421741179195
CARNAL,0,0.381709499583381
CARNAL - Original Soundtrack,2,0.34735831325538885
CARRION,0,0.5605384642791821
CHUCHEL,17,0.6731049298895253
CODE VEIN,0,0.5776657182403856
COMPOUND,0,0.5477271035494661
CONSCRIPT,0,0.6803465677371333
CORPUS EDAX,0,0.4728167771781613
CPUCores :: Maximize Your FPS,1,0.31176600260572784
CRACKHEAD,0,0.6249231790502652
CROSSBOW: Bloodnight,0,0.5136401226919112
CRYPTARK,0,0.5399937315616887
CUCKOLD SIMULATOR: Life as a Beta Male Cuck,2,0.4960894734627682
CULTIC,0,0.7631280903061188
CaesarIA,0,0.3614184977483232
Caesar™ 3,0,0.6742259716607393
Call of Cthulhu®,11,0.6419659475955931
Call of Duty: Black Ops II - Zombies,0,0.5427550232280537
Call of Duty®,1,0.6381549470762874
Call of Duty® (2003),0,0.62820896200038
Call of Duty® 2,2,0.5407774904952887
Call of Duty® 4: Modern Warfare® (2007),0,0.45513171968766963
Call of Duty®: Advanced Warfare - Gold Edition,0,0.526887448608267
Call of Duty®: Black Ops,0,0.5329898888807963
Call of Duty®: Black Ops 6,0,0.5281818338633477
Call of Duty®: Black Ops Cold War,0,0.5120119075958812
Call of Duty®: Black Ops II,0,0.6363536994314901
Call of Duty®: Black Ops III,0,0.39634281845979924
Call of Duty®: Black Ops III - Gorod Krovi Zombies Map,0,0.39004961975674257
Call of Duty®: Black Ops III - Revelations Zombies Map,2,0.3680542500171452
Call of Duty®: Black Ops III - Zombies Chronicles,0,0.6434644723783808
Call of Duty®: Ghosts,0,0.4706585146145957
Call of Duty®: Infinite Warfare,0,0.6346419405549977
Call of Duty®: Modern Warfare® 2 (2009),0,0.5567613977760455
Call of Duty®: Modern Warfare® 3 (2011),0,0.651906386102531
Call of Duty®: Modern Warfare® Remastered (2017),1,0.6321721297178244
Call of Duty®: WWII,0,0.6299968111582074
Call of Duty®: Warzone™,1,0.40447260807509183
Call of Juarez: Bound in Blood,0,0.6594182031312645
Call of Juarez: Gunslinger,1,0.6888961239093978
Call to Arms,0,0.39877938479240344
Call to Arms - Gates of Hell: Ostfront,1,0.6886481978200781
Call to Arms - Season Pass,0,0.49522818199071156
Cannon Brawl,0,0.5234066080127869
Captain Forever Remix,0,0.28539753569989534
Capybara Spa,2,0.35631137369050614
Card City Nights,0,0.6385943023083015
Card Crawl,0,0.5897196154982314
Card Hunter,0,0.6571106869960269
Card Quest,0,0.5871381915352328
Card Survival: Tropical Island,0,0.7139355383672806
Cardaclysm,0,0.608185943433965
Cardboard Town,0,0.5317138974975267
Cards and Castles 2,0,0.6695289844077533
Cards of Divinity,0,0.5174663598739871
Cartoon Network Journeys VR,0,0.47465153287156986
Cascadia,0,0.4672377306849072
Caster,0,0.6321532115559054
Castle Itter - The Strangest Battle of WWII,0,0.6013314257486891
Castle Morihisa,0,0.45350950067998036
Castlevania Advance Collection,0,0.7127628522029685
Cat Quest,17,0.6846596356613867
Cat Quest II,0,0.5127291202802943
Cat on a Diet,4,0.525431533188565
Catan Universe,0,0.47708109579459257
Cats Organized Neatly,0,0.5123429042606791
Cauldrons of War - Barbarossa,0,0.4378638806091761
Cave Crawlers,0,0.34597072153646374
Cave Story+,0,0.6156929753974235
Caveblazers,8,0.7161448170560629
Cavern Escape Extremely Hard game!!!,0,0.39395927079989634
Centipede Gun,0,0.5651776035876662
Chair F*cking Simulator,0,0.2476219482492196
Changed,0,0.4750917301333729
Changed-OST,7,0.4388299757736114
Chants of Sennaar,0,0.7171695006636918
Chaser,0,0.7616821282011946
Check it Out!,0,0.7172502049053808
Chernobylite Complete Edition,0,0.7224001722979148
Chess Knight 2,0,0.5681180216396053
Chess Survivors,0,0.5757252701719517
Chessarama,0,0.605380048857313
Chicory: A Colorful Tale,0,0.39529111886928125
Children of Morta,0,0.6655403714975343
Chip's Challenge 1,0,0.3006804128754658
Chivalry: Medieval Warfare,0,0.428720574263284
Choo-Choo Charles,0,0.5517765566635968
Circuits,0,0.46157555875878264
Cities XL Platinum,0,0.48130143682275695
Cities: Skylines,0,0.5302992125453628
Cities: Skylines - Concerts,7,0.3638401811895064
Citizen Sleeper,0,0.632772974473981
Citizen Sleeper 2: Starward Vector,0,0.5977224856161455
City Climber,2,0.44541699504291454
Class of '09,2,0.40984988369702063
Clawfish,1,0.5867880020508836
Clerk hot Tale,10,0.5491680566473529
Cliff Empire,0,0.7627910116948156
Clockwork Empires,0,0.5618560156945434
Close Your Eyes [Old Version],0,0.5215008641692394
Cloudpunk,0,0.6546716046968104
Clownfield 2042,0,0.3933836508057243
Coffee Talk,0,0.5397198156840818
Cognition: An Erica Reed Thriller,0,0.5855901588962892
Cold War,0,0.7326608838276263
Cold Waters,0,0.4127134470121192
Coldfire Keep,0,0.7048727900822725
Colin McRae Rally,0,0.6470991560737742
College Kings - The Complete Season,0,0.39422542904089175
Coloring Game 2,0,0.4927714561992585
Colt Canyon,0,0.6216507096890218
Combat Monsters,0,0.48947004571411923
Come Home,7,0.3413340479409911
Command & Conquer 3 Tiberium Wars™,0,0.6624446056364529
Command & Conquer Renegade™,0,0.4610743866878345
Command & Conquer™ 3: Kane’s Wrath,0,0.35299725377521335
Command & Conquer™ Remastered Collection,0,0.6668907314489864
Company of Heroes,0,0.6324270825443666
Company of Heroes 2,13,0.7284432036970131
Company of Heroes 2 - Ardennes Assault,0,0.6197669904452255
Company of Heroes 2 - Case Blue Mission Pack,13,0.8059431852159548
Company of Heroes 2 - Southern Fronts Mission Pack,13,0.8064391687890534
Company of Heroes 2 - Victory at Stalingrad Mission Pack,13,0.7956016851893207
Company of Heroes 3,23,0.6964975649473836
Company of Heroes: Opposing Fronts,0,0.5146967731379332
Company of Heroes: Tales of Valor,0,0.5751178219916496
Comrades and Barons: Solitaire of Bloody 1919,0,0.6822353682594453
Conan Chop Chop,0,0.6315217419618329
Conan Exiles,0,0.5448026621644487
Concordia: Digital Edition,1,0.5864221339151977
Concrete Jungle,0,0.38390444755113284
Conflict Desert Storm™,1,0.3468797991091731
Conflict: Denied Ops,0,0.5810214438451485
Conquer Humanity,2,0.5150692057442819
Constructor,0,0.5236828501180557
Contagion,0,0.6974072723006022
Control Ultimate Edition,3,0.57501727501417
"Cook, Serve, Delicious!",0,0.5225685854255416
"Cook, Serve, Delicious! 2!!",0,0.5765722964185503
"Cook, Serve, Delicious! 3?!",0,0.7132066604878803
Cooking Simulator,0,0.7117140654282488
Cooking Simulator - Shelter,0,0.560822087031786
Core Keeper,0,0.5937750094538252
Corona Borealis,0,0.3343410147941672
Cosmic Coliseum,0,0.4843913386453291
Cosmobreeder Yiffai,0,0.6971740145983407
Counter-Strike 2,0,0.5147613415299048
Counter-Strike Nexon,0,0.6542870501237783
Counter-Strike: Condition Zero,5,0.6077272970008132
Counter-Strike: Source,0,0.46481111439777784
Countless Rooms of Death,0,0.7099013140880881
Crab Game,7,0.5814853399856978
Craft The World,0,0.7135237094232988
Craftlands Workshoppe,0,0.4993134513742774
Crash Bandicoot™ N. Sane Trilogy,0,0.5760395785148236
Crazy Machines 3,0,0.49010013314367423
Crime Boss: Rockay City,0,0.7564436249537045
Crime Secrets: Crimson Lily,0,0.5136384926888189
Crimson Dawn,0,0.6162070513489062
Critadel,0,0.6398087819661674
Cross Blitz,0,0.4448007564284862
CrossCode,0,0.6440509212597219
CrossCode: A New Home,0,0.6249634135868644
Crossout,0,0.4199520539137783
Crown Wars: The Black Prince,14,0.5742820574919126
Cruelty Squad,2,0.4246496877737969
Crusader Kings II,0,0.4875213951895232
Crusader Kings III,0,0.5718999054659455
Crusader Kings III: Royal Court,0,0.5956590221842094
Crusader Kings III: Tours & Tournaments,0,0.4482773162464344
Cry of Fear,0,0.49108143818537675
Crying Suns,0,0.5571452997742842
Crysis,0,0.6703193335602563
Crysis 2 - Maximum Edition,0,0.6298494363898386
Crysis Warhead®,0,0.6707630094376779
Crysis® 3,0,0.6415628041778524
Cthulhu Realms,0,0.4543467591161316
Cubetractor,0,0.6237606819999398
Cubic Castles,0,0.34869244135572647
Culpa Innata,0,0.38347976080490814
Cult of the Lamb: Heretic Pack,0,0.3728468132706175
Cultist Simulator,0,0.5564948793715198
Cultures - Northland,0,0.3268145516210272
Cuphead - Official Soundtrack,7,0.5590872637851676
Cute Puzzle,0,0.3466940249642738
Cyber Manhunt - A Company Man of Titan,0,0.5988713803841498
Cyber Manhunt - Hello World,0,0.6379181488104222
Cyber Manhunt - Home Sweet Home,0,0.6341449548122393
Cyberpunk 2077,0,0.5916181457680233
D&D Lords of Waterdeep,0,0.7125525486436391
DARK SOULS™ II,2,0.4054605896045994
DARK SOULS™ II: Scholar of the First Sin,20,0.7032857622362355
DARK SOULS™ III,20,0.8036518706729165
DARK SOULS™ III - Ashes of Ariandel™,0,0.49193339199101654
DARK SOULS™: Prepare To Die™ Edition,0,0.6459322734775785
DARK SOULS™: REMASTERED,20,0.793022251428467
DARQ: Complete Edition,0,0.6719111393337407
DAVE THE DIVER,0,0.6677053134895268
DAVIGO: VR vs. PC,0,0.3521090268973022
DEAD OR ALIVE 5 Last Round: Core Fighters,0,0.5655494784069954
DEAD RISING®,0,0.7673418119852978
DECIDIT,3,0.558263403913303
DESOLATE,0,0.6758695268055406
DEVOUR,0,0.566919982028223
DICETINY: The Lord of the Dice,0,0.7389350737292303
DOOM,0,0.5746398208325425
DOOM + DOOM II,0,0.5737502571128906
DOOM 3,0,0.5752725113168955
DOOM Eternal,0,0.43217598346949326
DOOM Eternal: The Ancient Gods - Part One,0,0.6828732292852565
DOOM II,0,0.573644150559446
DOOMBRINGER,0,0.6074678744335923
DPS IDLE,0,0.6314049007525693
DR LIVESEY ROM AND DEATH EDITION,0,0.6945515960293412
DRAGON BALL FighterZ,2,0.42014560969659603
DRAGON BALL XENOVERSE,0,0.473693689291672
DRAGON QUEST® XI: Echoes of an Elusive Age™ - Digital Edition of Light,0,0.6974276549542939
DREAMGATE,0,0.5822695973181483
DUSK,0,0.6053026475546144
DYNASTY WARRIORS 8: Xtreme Legends Complete Edition,3,0.5649680172328713
Dagon: by H. P. Lovecraft,0,0.4473713415338334
Dandy Ace,0,0.4626801782184545
Danganronpa Another Episode: Ultra Despair Girls,0,0.5244917902472387
DareSora: Tears for an Unknown Sky,0,0.4780418240086258
Dark Arcana: The Carnival,0,0.7457631170952913
Dark Elf,0,0.5332252450189714
Dark Fear,0,0.7179694925247302
Dark Fracture: Prologue,0,0.5946477241298177
Dark Future: Blood Red States,1,0.5563496423795501
Dark Lord: Disenchanting Ritual,0,0.4540294020524983
Dark Messiah of Might & Magic,0,0.6780518932680637
Dark Sector,0,0.6752196257573834
Dark Treasury,0,0.611614064108404
Darkest Dungeon®,20,0.7337934187275711
Darkest Dungeon®: The Crimson Court,0,0.586282496397486
Darkest Hour: A Hearts of Iron Game,0,0.33851602411446047
Darksburg,0,0.6510837966639111
Darksiders II Deathinitive Edition,0,0.6986868393135067
Darksiders Warmastered Edition,0,0.7249319220148942
Darkwood,0,0.6590863312614496
Darwinia,0,0.5609262790295395
Dawn of Man,0,0.7041714292493998
Dawnfolk,0,0.5748749858320606
Day of Infamy,0,0.5663042306633299
DayZ,0,0.6865086737821734
Daymare: 1998,0,0.6765266717809961
Days Gone,0,0.6487614085031509
Dead Age 2: The Zombie Survival RPG,0,0.677625865899466
Dead Cells: Rise of the Giant,0,0.5441337397186956
Dead Effect,0,0.5253533037783752
Dead In Vinland,2,0.5130788538175005
Dead Island Definitive Edition,1,0.565939736628745
Dead Island: Epidemic,0,0.6536882030385649
Dead Man's Draw,0,0.6029036915848721
Dead Rising 3 Apocalypse Edition,1,0.6929061801627064
Dead Rising 4,0,0.6766572073998989
Dead Space,0,0.6839841675013958
Dead Space (2008),1,0.723359181244161
Dead Space™ 2,0,0.6407976394721671
Dead by Daylight,0,0.5960073210570417
Dead by Daylight - All-Kill Chapter,0,0.36852481699837464
Deadfall Adventures,0,0.5703829570846404
Deadlight: Director's Cut,0,0.5031882040175645
Deadly Land,0,0.7661644076780069
Dear Esther,0,0.41460559233076344
Dear Esther: Landmark Edition,0,0.4145493982344852
Death Must Die,0,0.4874223677302901
Death Rally (Classic),4,0.2738349243415473
Death Road to Canada,0,0.5866454769247048
Death Skid Marks,0,0.5373988887304215
Death and Taxes,0,0.6780080699834216
Death and Taxes Demo,0,0.6691772263240063
Death to Spies: Moment of Truth,0,0.4831279935723636
Death's Gambit: Afterlife,0,0.7447874022492997
Deathless. The Hero Quest,0,0.389943906295478
Deathtrap,0,0.4673106889879629
Deck Hunter,0,0.6022163669181232
Deck of Ashes,0,0.48701335977652
Deck of Delirium,0,0.4712952001172991
Deep Rock Galactic,0,0.5657033924783754
Deep Rock Galactic - Biohazard Pack,0,0.23378499216749407
Deep Rock Galactic: Survivor,0,0.6017075555820799
Deep Sky Derelicts,0,0.5266774534839569
Defense Grid: The Awakening,0,0.4186760327168485
Defiance,0,0.5932895214350535
Delete,16,0.5741994779478865
Deleveled,0,0.10790645992441147
Delta Force,0,0.46085241447463887
Demeo,0,0.6008557157895394
DemonCrawl,0,0.5309988513214692
Demonicon,0,0.6678976307879243
Depths of Fear :: Knossos,0,0.6227704533496474
Desperados III,0,0.3774376386193637
Destiny 2,0,0.6195588280058053
Destiny 2: Beyond Light Pack,0,0.4382841230653525
Destroy All Humans!,0,0.782871934245804
Destroy All Humans! 2 - Reprobed,0,0.5196559653814361
Destroyer: The U-Boat Hunter,13,0.6864505424727235
Detective Di: The Silk Rose Murders,11,0.7365065281118929
Detroit: Become Human,1,0.6975014249611057
Deus Ex: Human Revolution - Director's Cut,0,0.7007619149129274
Deus Ex: Mankind Divided,0,0.6753266584763603
Deus Ex: Mankind Divided - System Rift,0,0.5731098057504662
Devil Daggers,2,0.5399562371661588
Devil May Cry 4 Special Edition,0,0.564224713259881
Devil May Cry 5,0,0.5335960659408838
Devil May Cry 5 Vergil's Rebirth Sound Selection,0,0.35128351311854217
Devil's Deck,0,0.5454968823599289
Devil's Dungeon,10,0.6592234209970398
DiRT Rally 2.0,0,0.23399503627641713
Diablo® IV,0,0.455256087312543
Dice Player One: Trailer,0,0.6422181822805257
Dicey Dungeons,0,0.6966248446396441
Digseum,0,0.6531681978577152
Diluvion: Resubmerged,0,0.5594761672590862
Dinkum,0,0.4803091016970606
Disc Room,0,0.7442170280435462
Disciples Sacred Lands Gold,0,0.6033752531933579
Disco Elysium - The Final Cut,11,0.728544413400229
Disfigure,0,0.4550507827594629
Dishonored,0,0.6839819108860282
Dishonored - The Knife of Dunwall,0,0.6178498488573023
Dishonored - Void Walker Arsenal,6,0.6364028410630603
Dishonored: Dunwall City Trials,0,0.6043686793752332
Dishonored: The Brigmore Witches,0,0.5789660112863843
Dishonored®: Death of the Outsider™,0,0.4194162486222933
Disney Infinity 3.0: Gold Edition,14,0.4048647289921583
Distant Worlds 2,1,0.5845574316584917
Distortions,0,0.7252221139638902
Divine Knockout (DKO),0,0.4202392444715641
Divinity: Original Sin (Classic),0,0.7011129112931508
Divinity: Original Sin - Enhanced Edition,8,0.6933443926118421
Divinity: Original Sin 2 - Definitive Edition,0,0.6616900554310317
DmC: Devil May Cry,0,0.6203486972730574
Doki Doki Literature Club!,0,0.5418912673456567
Dominions 4: Thrones of Ascension,0,0.4098062439366779
Dominique Pamplemousse,0,0.43064245054400985
Don't Sink,0,0.6922729044413081
Don't Starve,2,0.5018362752953043
Don't Starve Together,0,0.43921775916777506
Donut County,0,0.6478425300091976
Doodle God,0,0.5539816676110054
Door Kickers: Action Squad,0,0.46399858267520144
Dorfromantik,0,0.5799622050912747
Dota 2,0,0.5855197164315407
Dota Underlords,0,0.560937897944589
Down the Rabbit Hole,0,0.5608722168084457
Downfall - A Slay the Spire Fan Expansion,0,0.6959890609234288
"Dr. Langeskov, The Tiger, and The Terribly Cursed Emerald: A Whirlwind Heist",0,0.5813163844264486
Dracula: Love Kills,0,0.6656719460351939
Dracula: Origin,0,0.6833358256275686
Dragon Age II DLC Bundle,5,0.5381309522524704
Dragon Age II: Ultimate Edition,0,0.5756962685215946
Dragon Age: Origins - Ultimate Edition,0,0.6935197972750707
Dragon Age™ Inquisition,0,0.4611195855902586
Dragon Cliff,0,0.5920555029837492
DragonFang - Drahn's Mystery Dungeon,0,0.46256588701207413
DragonFangZ - The Rose & Dungeon of Time,0,0.5663320902611583
Dread Templar,0,0.4828172979811597
Dread X Collection 4: The Hunt,0,0.7226558820479901
Dreamfall Chapters,0,0.5952093157097323
Drova - Forsaken Kin,0,0.5342766420466758
Drug Dealer Simulator,0,0.559072234204677
Druidstone: The Secret of the Menhir Forest,0,0.440362675626197
Duck Season,0,0.4561336557606988
"Dude, Stop",0,0.6995303347154639
Due Process,1,0.6856229361591325
Duelyst,0,0.5485050521075897
Duelyst II,0,0.5494974183253892
Duke of Alpha Centauri,0,0.6773955150173167
Dune: Imperium,0,0.5788680921819098
Dune: Spice Wars,1,0.5269586882167738
Dungeon Cards,0,0.4800011553038352
Dungeon Clawler,0,0.43608820796322795
Dungeon Drafters,0,0.5539863055241232
Dungeon Warfare,0,0.6675778573092392
Dungeon Warfare 2,0,0.6601653518578358
Dungeon and Puzzles,0,0.6432960573742124
Dungeon of Zolthan,0,0.5344208536523635
Dungeon of the ENDLESS™,0,0.6241345438493466
DungeonTop,0,0.5954394755149935
Dungeonmans,0,0.6210482516092078
Dungeons of Sundaria,0,0.5185006977001143
Duskers,0,0.4091690811078316
Dust: An Elysian Tail,0,0.6963699446318474
Dwarven Realm,3,0.4201648755533892
Dying Light,5,0.43208894266408027
Dying Light 2 Stay Human: Reloaded Edition,0,0.5753099661551664
EARTH DEFENSE FORCE 4.1 The Shadow of New Despair,0,0.7577742321036129
ELDEN RING,20,0.7029462124635912
ELDEN RING NIGHTREIGN,13,0.7337326227629168
ELDEN RING Shadow of the Erdtree,0,0.5387724844690447
ENDLESS™ Legend,0,0.5579237322011995
ENDLESS™ Legend - Shadows,0,0.6880854235188206
ENDLESS™ Space 2,0,0.5325903171789963
ENDLESS™ Space 2 - Harmonic Memories,0,0.5309087007115915
ENSLAVED™: Odyssey to the West™ Premium Edition,0,0.463281236152358
EVERSPACE™,0,0.5408339999133428
EXIT - The Curse of Ophir,0,0.6042910134058955
Easy Red 2,0,0.622049927128006
ElecHead,0,0.693415148572701
Element Space,4,0.21530898323476702
Elite Dangerous,0,0.7506079013711828
Elite Dangerous: Odyssey,6,0.48162856568002615
Elven Legacy,0,0.7808126820108721
Emerald City Confidential™,0,0.514306753139278
Empire of Sin,0,0.548147754100627
End of Zoe,0,0.6587314296513294
Enderal: Forgotten Stories,0,0.5861033489209024
Endless waves survival,0,0.4439841599708857
Endzone - A World Apart,0,0.557820715950312
Enigmatis 2: The Mists of Ravenwood,0,0.7622364110687764
Enshrouded,0,0.6135093245030784
Entropy,0,0.3313238921508815
Entropy : Zero 2,0,0.5290227573081496
Entropy Survivors,0,0.35631981457549244
Ephemerid: A Musical Adventure,0,0.5314759928530831
Erannorth Reborn,0,0.27511484272270054
Escape Goat,0,0.4569474279545168
Escape Quest,3,0.4575195688959083
Escape Simulator,0,0.49827723884371694
Escape from Skull Dungeon,0,0.5062544079652856
Eternal Card Game,0,0.41607047802158464
Eternal Return,0,0.3975872316273478
Eternal Senia,0,0.625639968654643
Eternal Threads,2,0.473856168735149
Euro Truck Simulator 2,0,0.5166779328127056
Europa Universalis IV,3,0.4848292295406135
Eventide: Slavic Fable,0,0.48126622810875913
Everyday Genius: SquareLogic,0,0.15979683815247142
Everything,0,0.6431083613004033
Evil West,0,0.7677116574385058
Evolution of Ages: Settlements,0,0.4359902971228679
Evolve Stage 2,0,0.5261211300459269
Expand,0,0.6658085801652002
Expansion - Crusader Kings II: The Republic,0,0.603136941123002
Expansion - Europa Universalis IV: Mare Nostrum,0,0.4706223063040591
F.E.A.R.,0,0.43879330519119886
F.E.A.R. 2: Reborn (DLC),0,0.6266248987488768
F.E.A.R. 3,0,0.46851332013089386
FANTASY LIFE i: The Girl Who Steals Time,0,0.5221642517217564
FEZ,0,0.5317538848281557
FILF,4,0.5892039314422721
FINAL FANTASY VII REMAKE INTERGRADE,0,0.4400226826500698
FINAL FANTASY XV WINDOWS EDITION,0,0.689166201667867
FINAL FANTASY® XIII-2,1,0.7776799101188793
FOR HONOR™,1,0.5853632865784926
FORCED SHOWDOWN,0,0.5331146682251013
FOREWARNED,0,0.37144980475725686
FTL: Faster Than Light,14,0.5839001550404893
FURRY HITLER,0,0.2033023067685559
Fable Anniversary,0,0.6204595878200416
Fabledom,0,0.7079076479406764
Fabric Of Reality,0,0.28648559619809205
Factorio,0,0.4554807229365427
Fade to Silence,0,0.5910324398940197
Faeria,0,0.5110919084641161
Fahrenheit: Indigo Prophecy Remastered,0,0.3428679445672764
Fall Guys,0,0.5507353940584612
Fallen Aces,0,0.5110619867841957
Fallen Bride Mege,0,0.49958167865849024
Fallout 2: A Post Nuclear Role Playing Game,0,0.7180426045599291
Fallout 3,17,0.5274302234475311
Fallout 3: Game of the Year Edition,0,0.596412748351862
Fallout 4,1,0.6098894407827553
Fallout 4 - Automatron,0,0.5689138822726788
Fallout 4 Season Pass,0,0.30707216339772647
Fallout 76,1,0.676749236222018
Fallout New Vegas: Courier's Stash,6,0.7542889772724335
Fallout New Vegas: Dead Money,0,0.48155346647888947
Fallout New Vegas: Honest Hearts,0,0.5123094531628435
Fallout New Vegas: Old World Blues,0,0.5931981502980759
Fallout New Vegas®: Gun Runners’ Arsenal™,6,0.658095288408738
Fallout New Vegas®: Lonesome Road™,0,0.59166921490434
Fallout: A Post Nuclear Role Playing Game,0,0.6146339706385544
Fallout: New Vegas,16,0.6302193981784616
Fantasy Blacksmith,0,0.45838404122895166
Far Cry 3,0,0.6298924606805112
Far Cry 3 - Blood Dragon,0,0.6597101069611044
Far Cry®,1,0.5968337431456533
Far Cry® 2,0,0.6313717467120977
Far Cry® 4,0,0.5971494197297312
Far Cry® 5,8,0.689138748773904
Far Cry® 5 - Dead Living Zombies,0,0.6087493656737379
Far Cry® 6,0,0.6875194245787141
Far Cry® New Dawn,0,0.6311866109007243
Far Cry® Primal,0,0.6687153944858443
Farlanders,0,0.42439092233308673
Farming Simulator 17,0,0.5402725715487532
Farthest Frontier,0,0.5845834202949202
Fate Arena (Alpha),0,0.7659477579513766
Fate Hunters,0,0.6277266763697268
Fears to Fathom - Home Alone,0,0.6450456963531241
Feign,0,0.6073612010558376
Fictorum,0,0.6092908684258741
Fights in Tight Spaces,0,0.6350007823098492
Final Profit: A Shop RPG,0,0.6617956171338604
Find Yourself,0,0.3740348741148051
Finding Paradise,0,0.6880754098900428
Firebird - The Unfinished,5,0.5659882216170885
Firegirl: Hack 'n Splash Rescue DX,0,0.561623684116217
Firewatch,0,0.513373987252679
First Cut: Samurai Duel,0,0.5453573029396923
Fistful of Frags,0,0.5913358134155239
Five Nights at Freddy's,0,0.6677175752362405
Flame Over,0,0.3928500817855073
Flamebreak,0,0.40992667272574806
FlatOut: Ultimate Carnage Collector's Edition,0,0.5262105291180372
Flocking Hell,0,0.505692139712839
Flynn: Son of Crimson,0,0.6449220124045348
Fobia - St. Dinfna Hotel,0,0.719136314913958
Football Game,0,0.7003544082729359
"Football, Tactics & Glory",0,0.42958269317640535
For The King,0,0.7431592416545401
For The King II,0,0.6434776719346398
For The Warp,0,0.5711267480306267
Forge of Gods (RPG),0,0.5151670429417006
Forgive Me Father,1,0.7377085420077092
Forgotten Mines,0,0.5211725749124586
Fort Solis,0,0.6565313686228283
Forza Horizon 4,14,0.60770899739405
Forza Horizon 5,0,0.5078770591415595
Foundation,0,0.4661985676642999
Founders' Fortune,0,0.7142788982162043
Four Last Things,0,0.5751224527543061
Fox & Flock,0,0.5413526658611578
Foxhole,0,0.5036640569797003
FragPunk,0,0.3564309515729586
Fran Bow,0,0.7443435591998746
FrankenStorm TD: Prologue,0,0.5283057087623401
Fray Fight,0,0.6201426649265299
FreeHolder,0,0.6746080309547258
Freedom Force,1,0.6205320420865393
Friday the 13th: The Game,0,0.6387996155663709
Frog 'n' Roll,0,0.3622518492832646
Frog Detective 2: The Case of the Invisible Wizard,11,0.8433666359130206
Frog Detective 3: Corruption at Cowboy County,11,0.8447864531564083
Frog Fractions: Game of the Decade Edition,0,0.4685082514802783
Frost,0,0.7039595510972502
Frostpunk,0,0.6463841753891818
Frostpunk Expansions Original Soundtrack,6,0.6234231578570982
Frostpunk: The Last Autumn,0,0.5034003210570551
Frozen Synapse,0,0.739290775238855
Frozenheim,0,0.5294037474975021
Full Bore,0,0.7102204853751665
Furi,0,0.6691364206554343
G String,0,0.7720670749702212
GALAK-Z,0,0.6103793392925773
GARAGE: Bad Trip,0,0.6908013982482327
GHOSTWARE: Arena of the Dead,0,0.6049549569487385
GNOG,0,0.6615129310927336
GORN,0,0.4709176234716469
GRIS,0,0.5711858661209595
GSpot Master,0,0.5796505156888974
GTFO,0,0.665230154381704
GUNPYRE,3,0.6349636893891742
GWENT: The Witcher Card Game,0,0.6643082168702878
GWENT: The Witcher Card Game - 4k graphic assets pack,1,0.39274854887466354
Galactic Keep,0,0.4767424415078163
Galimulator,0,0.4477384430713103
Gang Beasts,0,0.6260277256742466
Garden of the Sea (VR),0,0.6454526756218154
Garfield Kart,2,0.2699615225488282
Garfield Kart - Furious Racing,2,0.40278526520347624
Garry's Mod,0,0.5513404199401152
Garshasp: The Monster Slayer,0,0.7148815742859403
Gatekeeper: Infinity,0,0.5809184367622805
Gears 5,0,0.5653298148641139
Gears 5 - Hivebusters,0,0.599209415847653
Gears 5 - Ultra-HD Texture Pack,6,0.6141969735166316
GemCrusty,0,0.6611970458055636
Gems of War - Puzzle RPG,0,0.7248658559376457
Generation Zero®,0,0.5180908176998389
Genital Jousting,0,0.5440653774139168
Geo,0,0.7407368228441698
Getting Over It with Bennett Foddy,4,0.40439816946715557
Gettysburg: The Tide Turns,1,0.6546859511398243
Ghost Master®,0,0.5474347255423198
Ghost Watchers,0,0.6323608250919375
Ghost of Tsushima DIRECTOR'S CUT,1,0.6133007025707538
Ghostbusters: The Video Game Remastered,7,0.33025086815683524
Ghostrunner,0,0.507212502292316
Ghostwire: Tokyo,0,0.5308248894346114
GigaBash,0,0.5754064566540401
Gigachess,0,0.577448806779258
Girl and Goblin,0,0.41275859848727336
Girls Dance,10,0.7378473295021591
Glass Masquerade,0,0.551657901314114
Glitchpunk,0,0.326640498032866
Gloomhaven,0,0.6324772807807595
Gnomes,0,0.7035466247882546
Gnomoria,0,0.5622144775642619
Go! Go! Nippon! ~My First Trip to Japan~,0,0.4306943039269128
Goblins of Elderstone,0,0.5585725548781509
God Of Weapons,0,0.684091266794285
God of War Ragnarök,1,0.7275554453179056
God's Trigger,0,0.4647319307306187
Godhood,0,0.6620023405492366
Gods Will Be Watching,0,0.6449954953638058
Gods of the Fallen Land,0,0.722866739785585
Godsvivors,0,0.5665158843219408
Going Medieval,0,0.5571241796408113
Going Under,0,0.612507256722095
Golden Krone Hotel,0,0.6072299187247095
Golden Light,0,0.7557239497012163
Golem Gates,0,0.6194398848594546
Golf VS Zombies,0,0.22499496658951706
Goobies,0,0.5560741418099072
Goose Goose Duck,0,0.7013960164973131
Gordian Quest,0,0.6537592256434771
Gorogoa,0,0.6281882079612069
Grand Ages: Rome,1,0.6045692631696007
Grand Tactician: The Civil War (1861-1865),0,0.37820884300438273
Grand Theft Auto III,0,0.5805840566820188
Grand Theft Auto IV: The Complete Edition,0,0.5526405343461637
Grand Theft Auto V Legacy,0,0.5377447432209806
Grand Theft Auto: San Andreas,1,0.7063792615861386
Grand Theft Auto: San Andreas – The Definitive Edition,0,0.7320436718693218
Grand Theft Auto: Vice City,1,0.6704056257187689
Grand Theft Auto: Vice City – The Definitive Edition,1,0.522978926028405
Granny,0,0.767175701532513
Granny: Escape Together,0,0.40300112965121193
Graveyard Keeper,0,0.6035872781421553
Graveyard Keeper - Stranger Sins,0,0.5099194161555064
Gravitas,0,0.5494792128403769
Gray Zone Warfare,1,0.4910863132016049
Greed: Black Border,0,0.5801741969451666
GreedFall,0,0.6696164861775069
Green Hell,0,0.7585207257990741
"Gremlins, Inc.",15,0.7310954241450436
Grey Goo,0,0.686569764541839
Grey Goo - Soundtrack,7,0.4825709092211683
Gridiron Solitaire,0,0.6714388369774434
Griftlands,0,0.45855159079076846
Grim Dawn,0,0.5820683039671567
Grim Dawn - Ashes of Malmouth Expansion,0,0.6977427513647073
Grim Fandango Remastered,0,0.7313032022235939
Grim Legends 3: The Dark City,0,0.6804912800178681
Grim Legends: The Forsaken Bride,0,0.6310932826889937
Grounded,14,0.6923826241325866
Guild of Dungeoneering Ultimate Edition,0,0.518361221156252
Gun Devil,4,0.5129932710077874
GunSuit Guardians,0,0.6699069949134311
Gunfire Reborn,0,0.5816568686391388
Gunlocked,0,0.599578140041648
"Gunner, HEAT, PC!",0,0.5002427591300108
Gunpoint,0,0.2307987096444937
Guns of Icarus Online,0,0.5545762499852955
"Guns, Gore & Cannoli",0,0.5074336849310733
Gynophobia,0,0.5168198362744542
HARD BULLET,0,0.6501898107466929
HAWKEN REBORN,3,0.3954306451579011
HELLCARD,0,0.6196895872766385
HELLDIVERS™ - Pistols Perk Pack,0,0.20302049118546678
HELLDIVERS™ - Ranger Pack,0,0.11135096277181615
HELLDIVERS™ - Specialist Pack,0,0.3599790840748558
HELLDIVERS™ - Terrain Specialist Pack,0,0.1591183006683344
HELLDIVERS™ - Vehicles Pack,0,0.4454440530027401
HELLDIVERS™ 2,1,0.5810603896373232
HELLDIVERS™ Dive Harder Edition,0,0.5437930622294075
HITMAN™,0,0.5030146686943349
HITMAN™ 2,1,0.6332252510118107
HOPE LEFT ME,15,0.5393101180125851
HOT WHEELS UNLEASHED™,0,0.48104213762238207
HROT,0,0.6083525286431546
HUMANKIND™,0,0.6734429516606306
HYPERNOVA: Escape from Hadea,0,0.5312060018477028
Hades,0,0.661857024924654
Half-Life,0,0.48959250049471964
Half-Life 2,0,0.455688738374028
Half-Life 2: Episode Two,8,0.4677551736167366
Half-Life Deathmatch: Source,12,0.8026072628443826
Half-Life Soundtrack,7,0.5482031663305542
Half-Life: Alyx,12,0.7408477431777815
Half-Life: Blue Shift,22,0.7934286807012437
Half-Life: MMod,12,0.7926399253518199
Half-Life: Opposing Force,12,0.8015660748007872
Half-Life: Source,12,0.7655876383145871
Halls of Torment,0,0.6322318948913604
Halls of Torment: Prelude,3,0.5905487129903919
Halo 2: Anniversary,0,0.4108806561204466
Halo Infinite,0,0.6188006122622505
Halo Wars: Definitive Edition,0,0.5950214038843217
Halo: The Master Chief Collection,1,0.5805127716025668
Hammerfight,0,0.6786059845254493
Hammerting,0,0.5445823323273404
Hand Simulator: Horror,0,0.4538999532658371
Hand Simulator: Rendezvous,0,0.45165294923085536
Hand of Fate,0,0.6926498753017364
Hand of Fate 2,0,0.4525485274753528
Hand of the Gods,0,0.5066527959514874
Handy Harry's Haunted House Services,0,0.460761234302394
Hard Reset Redux,0,0.7198009554780057
Hard Truck Apocalypse / Ex Machina,0,0.5277806820036105
Hard West,1,0.7660321518547509
Hardspace: Shipbreaker,0,0.5567710806644964
Hare In The Hat,0,0.5788904435355178
Hatred,0,0.5454175513797802
Haunt the House: Terrortown,10,0.5556954561716259
Heal,0,0.6164681374861483
Heart of the Machine,0,0.5672870853234037
Heartbound,0,0.7572475599441689
Hearts of Iron IV,0,0.4786540144220751
Heat Signature,0,0.4412288133576974
Heavenly Bodies,0,0.37960875698659546
Hedon Bloodrite,0,-0.027282814705580118
Hell Let Loose,0,0.43643193588536766
HellSign,3,0.6895981308281101
Hellblade: Senua's Sacrifice,0,0.5644335853321104
Hellblade: Senua's Sacrifice VR Edition,0,0.5774391002309236
Hellenica,0,0.6161740325038176
Hellfire Tactics,0,0.7180716341285517
Hellish Quart,0,0.4874873136830589
Hello Neighbor,0,0.520892197415983
Hello Neighbor 2,0,0.6775023465247143
Hello Pollution!,1,0.5816298240421143
Heretic's Fork,0,0.6770511075759447
Hero Generations: ReGen,0,0.7195764204397548
Hero Realms,0,0.5632056522783695
Hero of the Kingdom II,0,0.6616771073086388
Hero of the Kingdom: The Lost Tales 1,0,0.4332869873646911
Heroes & Generals,0,0.5379443633629735
Heroes & Legends: Conquerors of Kolhar,3,0.38216624250570286
Heroes of Steel RPG,8,0.6778627912109615
Heroes® of Might & Magic® III - HD Edition,0,0.7449398525874472
Herolike,0,0.7491677369511592
Hexcells,0,0.6017690803850975
Hexcells Infinite,0,0.4710888264782741
Hexcells Plus,0,0.5465835926981779
Hidden Deep,0,0.8240708731646975
Hidden Folks,0,0.4355000261857946
Hidden in Plain Sight,0,0.5795737451732486
Highlands,0,0.6664326845330968
Hitman 2: Silent Assassin,0,0.4709543725952941
Hitman: Absolution™,0,0.5908083498347038
Hitman: Blood Money,0,0.4913343882438034
Hitman: Contracts,1,0.6799132601041171
Hollow Knight,0,0.6113717816836926
HoloCure - Save the Fans!,0,0.5638200126851635
Holyday City: Reloaded,0,0.4079610832663955
Home Behind,0,0.7388528974224823
Home Wind,0,0.3793374332769735
Homefront,0,0.6555679031944818
Homefront: The Revolution - Beyond the Walls,0,0.3766509381281366
Homefront®: The Revolution,1,0.6583585880164697
Homefront®: The Revolution - Aftermath,0,0.36480856282112756
"Honey, I Joined a Cult",0,0.687186658862042
Honkai Impact 3rd,0,0.5782470999923984
Hook,0,0.4513357011851226
Horizon Forbidden West™ Complete Edition,0,0.5630345500010179
Horizon Zero Dawn™ Complete Edition,0,0.6854388420178064
Hot Brass,0,0.4822339843679362
"Hot Dogs, Horseshoes & Hand Grenades",0,0.4810758705541589
Hot Lava,0,0.6009798072833911
Hotline Miami,15,0.6442419348130035
Hotline Miami 2: Wrong Number,0,0.43549060928060235
How Fish Is Made,5,0.5047480516391453
How To Punish A Witch,10,0.7053423046752938
Human Resource Machine,0,0.5315954633435679
Hunchback's Dungeon,0,0.44058388802901227
HuniePop,0,0.5686022153971764
Hunkenstein,0,0.5619507763247445
Hunt the Pale Gods,0,0.7070607300791114
Hunt: Showdown 1896,0,0.5987738367952232
HyperParasite,0,0.5986341057880117
Hyperdimension Neptunia U: Action Unleashed,21,0.715816032144547
I Can't Believe It's Not Gambling,0,0.3736317872044885
I got a cat maid,10,0.6182666632342079
ICARUS,16,0.5258862323548401
ICEY,0,0.3312720760441266
IL-2 Sturmovik: Battle of Stalingrad,0,0.6144309129609088
IMMORTALITY,0,0.39344373238387403
INDUSTRIA,0,0.6812620208399343
INMOST,0,0.7043835019935973
INSIDE,0,0.6198474917123945
INSURGENCY: Modern Infantry Combat,0,0.4119955341880221
IS Defense,0,0.5631669803071029
ISLANDERS,0,0.5935733137856293
ITTA,0,0.45338151097919366
IXION,0,0.5432086326562033
Icarus: New Frontiers Expansion,0,0.328681938637114
Ice and Fire of Maiden,10,0.8360279173767342
Idle Baker Boss,0,0.5676165293332598
Idol Manager,0,0.5644951117921011
Immersion Pack - Europa Universalis IV: Golden Century,1,0.5647556758304597
Immersion Pack - Europa Universalis IV: Lions of the North,0,0.6425064552547328
Impaler Gold,0,0.6762339303911524
Imperator: Rome,0,0.47474001772152546
Impossible Creatures Steam Edition,0,0.757475561085222
Impostor Factory,0,0.6713999015191632
In Death,0,0.4812391895172955
In Exilium,0,0.5965273947411567
In Silence,18,0.7266120176127924
In Sound Mind - Deluxe Edition Artbook,0,0.384994355223545
In Sound Mind Soundtrack,0,0.29125724742769593
Incursion Red River,0,0.1171297320909526
Indigo Park: Chapter 1,0,0.7222655766664221
Industries of Titan,0,0.5038346849284854
Infectonator: Survivors,3,0.5991670366468673
Infernax,0,0.6703156820307535
InfraSpace,0,0.6778350976597396
Injustice: Gods Among Us Ultimate Edition,0,0.6037698568157435
Inscryption,0,0.5862718398621413
Inside the Backrooms,0,0.14378581071354155
Insurgency,0,0.6508896219247847
Insurgency: Sandstorm,2,0.5016275039150554
Interplanetary,7,0.3481324218432112
Interstellar Marines,0,0.4897703804312447
Into The Gloom,0,0.753677454345613
Into the Breach,17,0.4812558810796446
Intravenous,15,0.6951133160642636
Ion Fury,0,0.6602279598128685
Iratus: Lord of the Dead,0,0.639718727670832
Iris and the Giant,0,0.441652622786681
Iron Harvest,0,0.503928649047536
Ironclad Tactics,0,0.6640030059169979
Islands of Insight,0,0.7474829207965537
Isle of Arrows,0,0.6179587309066259
Isles of Adalar,0,0.6518915446174451
Isles of Sea and Sky,0,0.6700531769735913
Isonzo,0,0.6157233549436715
It Lurks Below,0,0.530492620627212
It Takes Two,0,0.7446600030046613
It's Only Money,0,0.6467293039416936
JBMod,0,0.3054662544207603
Jagged Alliance - Back in Action,0,0.712329572729783
Jagged Alliance 3,0,0.5214950458287392
Joe Dever's Lone Wolf HD Remastered,0,0.6730743380547024
Journey,4,0.40806384186762645
Journey To The Savage Planet,1,0.5617791855044315
Journey of a Roach,0,0.6416979350840423
Journey to the Centre of the Cell,0,0.23719771850772775
Journey to the West,0,0.48299768066929
Juicy Realm,0,0.6151139773067631
Jupiter Hell,0,0.6834156718641103
Jurassic World Evolution,0,0.6125692886610264
Just Cause,1,0.2267993177685967
Just Cause 2,0,0.41470141136833655
Just Cause™ 3,0,0.44670391174100854
Just Die Already,0,0.5598429916526999
KARDS - The WW2 Card Game,0,0.6862215805771256
KIBORG,0,0.39747317709473173
KINGDOM of the DEAD,0,0.4747681370031775
KNIGHTS,0,0.46159134324365847
Kane & Lynch 2: Dog Days,0,0.5218853830003602
Kane and Lynch: Dead Men™,0,0.4042334773460621
Katana ZERO,0,0.624052278496323
Kate: Collateral Damage,17,0.5416596411802831
Kaze and the Wild Masks,0,0.6413266851042966
Keep Talking and Nobody Explodes,18,0.7359605792208485
Kemono Teatime Demo,5,0.5547551787195268
Ken Follett's The Pillars of the Earth,0,0.6497473305044825
Kenshi,0,0.6228289535241731
Kerbal Space Program,0,0.47469145074806524
Kerker,3,0.4073210632501598
Kholat,0,0.684043313735451
Kill It With Fire,0,0.48634026160241295
Kilta,0,0.6855224168800882
Kimmy,0,0.5121922116306248
Kind Words (lo fi chill beats to write to),17,0.6405818181833273
Kinetic Void,3,0.6903297292651966
King Arthur: Knight's Tale,0,0.45874619575878045
King Arthur: Legion IX,0,0.7082860197262363
King's Bounty: The Legend,0,0.6444765412081076
King's Quest - Chapter 2: Rubble Without A Cause,0,0.6049566787268165
Kingdom Come: Deliverance,21,0.7627808710353715
Kingdom Rush  - Tower Defense,0,0.5303421136714557
Kingdom Rush Frontiers - Tower Defense,0,0.5931612477270027
Kingdom Rush Origins - Tower Defense,0,0.5439491820442348
Kingdom Two Crowns,0,0.46603272199047613
Kingdom: New Lands - Skull Island,0,0.3189246786140694
Kingdoms and Castles,0,0.6382741293955093
Kings of Israel,0,0.6543263223814748
Knights of Pen and Paper +1 Edition,1,0.4926711245132187
Knock on the Coffin Lid,0,0.577504686774947
Kohan: Ahriman's Gift,0,0.6495862168829677
Kona,0,0.5178473895350381
L.A. Noire,0,0.6023696855678862
LARA CROFT AND THE TEMPLE OF OSIRIS™,0,0.4541724657169764
LEAVES - The Journey,0,0.6691289164933117
LEAVES - The Return,0,0.3137938139888133
LEGO® City Undercover,0,0.4615850800646181
LEGO® STAR WARS™: The Force Awakens,0,0.5332036276645649
LET IT DIE,0,0.7063368048737032
LEWDAPOCALYPSE Guns&Roses,0,0.280396969119524
LEWDAPOCALYPSE Hentai Evil,0,0.5095675219033066
LOCKDOWN Protocol,0,0.37043986004528257
LOK Digital,0,0.7652898513183308
LONESTAR,0,0.4232554606537687
LOST PLANET® 3,0,0.7105780536520542
LUFTRAUSERS,0,0.5977933826335351
Lake,0,0.5230117426637245
Lara Croft GO,0,0.5278057780489385
Lara Croft and the Guardian of Light,1,0.5751339355055384
Last Epoch,0,0.5521202841709865
Last Kingdom - The Card Game,0,0.5731016721724339
Last Neighbor,11,0.6070959945984635
Last Oasis,0,0.25615298318909546
Last Regiment,0,0.6001549019020789
Late Shift,0,0.4658621253731255
Lawn Mowing Simulator,19,0.7252097358819836
Layers of Fear (2016),0,0.49304578650917347
Learn to Fly 3,0,0.617151987901078
Leave No One Behind: Ia Drang,13,0.5987426653268701
Left 4 Dead,0,0.5971733644153571
Left 4 Dead 2,0,0.5336625047226559
Legacy of Kain: Soul Reaver,1,0.6181965657884848
Legend of Grimrock 2,0,0.7384000413318493
Legend of Keepers: Prologue,0,0.6171722424983128
Legion TD 2 - Multiplayer Tower Defense,0,0.6615434428555796
Lemnis Gate,3,0.5478341654798596
Len's Island,0,0.7412548185188433
Lethal Company,2,0.4688541394014689
Lexica,0,0.5893867922336218
Liar's Bar,1,0.38956163691160917
Lichdom: Battlemage,0,0.6729419490119412
Life in Bunker,0,0.5619799909885449
Life is Feudal: Your Own,0,0.29522824873252396
Life is Strange - Episode 1,0,0.582274576845726
Life is Strange 2,0,0.5229369456268347
Life is Strange: Before the Storm,0,0.5164362199028663
Life is Strange: Before the Storm Farewell,0,0.5189329100357095
Lightmatter,0,0.5593802115904026
Little Inferno,0,0.5880055779941095
Little Nightmares,0,0.5940481426724135
Little Nightmares II,0,0.43109590063978914
Loading Screen Simulator,7,0.445839819353893
Loop Hero,0,0.6043962945416338
Loot River,0,0.7310666574314912
Lords and Villeins,0,0.5176063911383678
Lords of War,1,0.5609844152938241
Lords of the Realm II,0,0.5219686793721819
Lossless Scaling,1,0.34929699871379966
Lost Judgment,5,0.5648239728309756
Lost in Vivo,0,0.510883546856199
Love Esquire - RPG/Dating Sim/Visual Novel,0,0.22790299166182998
Love Ribbon,5,0.6239105235809568
Love Sucks: Night One,0,0.29314833510017957
Love Thyself - A Horatio Story,0,0.6331542592111483
Love of Magic,0,0.5977234658168479
Luck be a Landlord,0,0.5376393254892629
"Luckily, My Arm Is A Shotgun",0,0.48708079840110463
Lumencraft,0,0.7208293031654355
Lumino City,0,0.5647063093950591
Lust for Darkness,0,0.5927715303694923
Lust from Beyond: Prologue,14,0.6385305957843407
MARVEL Puzzle Quest,0,0.3437383489982422
MARVEL SNAP,0,0.6055084138353185
MASSIVE CHALICE,0,0.5688316603100632
MELTY BLOOD: TYPE LUMINA,23,0.4690578161652903
METAL GEAR SOLID - Master Collection Version,1,0.5687396960685559
METAL GEAR SOLID 2: Sons of Liberty - Master Collection Version,0,0.4462054055496435
METAL GEAR SOLID 3: Snake Eater - Master Collection Version,2,0.42227954116229094
METAL GEAR SOLID V: GROUND ZEROES,4,0.4679037146272815
METAL GEAR SOLID V: THE PHANTOM PAIN,0,0.6506992472459109
MIAZMA or the Devil's Stone,0,0.7120668928961278
MIND: Path to Thalamus Enhanced Edition,0,0.5820429193055423
MISTROGUE: Mist and the Living Dungeons,0,0.6531338299923349
MONMUSU,10,0.57184870518102
MORDHAU,8,0.5046362063986357
MOTHERGUNSHIP,0,0.3076937942240282
MacGuffin's Curse,16,0.6407568304113662
Machinarium,0,0.6285615291409834
Mad Max,0,0.691380028676689
Made in Abyss: Binary Star Falling into Darkness,0,0.6770946718362635
Maelstrom,0,0.6251076241449827
Mafia,0,0.4554711248152624
Mafia II (Classic),1,0.4734308800936696
Mafia II: Definitive Edition,0,0.700934522508212
Mafia III: Definitive Edition,1,0.5090971700557952
Mafia III: Stones Unturned,0,0.6097484182500017
Mafia: Definitive Edition,0,0.3995406327866449
Magic Archery,0,0.3901490867970915
Magic Duels,0,0.6596854228978372
Magic Potion Destroyer,0,0.6200266354953554
Magic Potion Millionaire,0,0.5947047022901627
Magic of Autumn,0,0.7015975859586664
Magicka,0,0.7443361846222385
Magicka 2,0,0.44209154062216083
Magicka: Dungeons and Gargoyles,0,0.5587990469380033
Magicka: Final Frontier,6,0.7286941405693542
Magicka: Free Jolnirs Workshop,0,0.3807277566553786
Magicka: Frozen Lake,6,0.7291938961397348
Magicka: Horror Props Item Pack,6,0.7352734208446953
Magicka: Marshlands,6,0.7140957548725659
Magicka: Nippon,6,0.7725355494593898
Magicka: Party Robes DLC,6,0.7048659011395884
Magicka: The Other Side of the Coin,0,0.6183496147954498
Magicka: Vietnam,0,0.6133087749798091
Magicka: Wizard's Survival Kit,6,0.6373885371811887
Mandy's Room 2: Naughty By Nature,10,0.6366397411720056
Maneater,3,0.6113365989934495
Maneater: Truth Quest,0,0.6445567104601232
Manhunt,1,0.4444004062717083
Manifold Garden,0,0.5527188886957956
Manor Lords,1,0.7398894690159686
Manual Samuel - Last Tuesday Edition,0,0.6288296174591207
Marble It Up! Ultra,7,0.5559126028752488
Mark of the Ninja: Remastered,16,0.8301263500678002
Mars Horizon,0,0.4402767750943945
Mars Power Industries Deluxe,0,0.6521382009432899
Marvel Rivals,0,0.46337365501710226
Marvel's Midnight Suns,0,0.5361016882577624
Marvel’s Spider-Man Remastered,0,0.4873167000289442
Marvel’s Spider-Man: Miles Morales,0,0.6718572175431377
Mass Effect (2007),0,0.6295662705478812
Mass Effect™ Legendary Edition,1,0.6412726852246174
Mass Effect™: Andromeda Deluxe Edition,0,0.55480391812285
Master of Magic Classic,0,0.6749375856158606
Master of Orion,0,0.3711002820886991
Mata Hari,0,0.7074657984859095
Max Payne 2: The Fall of Max Payne,0,0.6013079345156577
Max Payne 3,8,0.6332692240614151
Max Payne 3: Deathmatch Made In Heaven Pack,6,0.6434680088900996
Maximum Action,0,0.7059631800780839
McPixel,0,0.4003390770529256
McPixel 3,0,0.6535861287516109
MechWarrior 5: Mercenaries,0,0.6933791932632692
MechWarrior Online™ Legends,0,0.6466579554275103
Medal of Honor: Airborne,1,0.5183342826891307
Medal of Honor™: Above and Beyond,0,0.6486037267465907
Medieval Kingdom Wars,0,0.7321700617038162
Medievalien,0,0.6692482787585203
Melty Blood Actress Again Current Code,3,0.6697627908671123
Men of War: Assault Squad,13,0.7619427510160507
Men of War: Assault Squad 2,13,0.6473103737453243
Men of War™,0,0.7016974682836968
Menace from the Deep,0,0.5656220058627041
Mercenary Kings: Reloaded Edition,0,0.6710118757690642
Mercury Fallen,0,0.6484512022930782
Metal Unit,0,0.6080094039530846
Metaverse Keeper / 元能失控,0,0.2905550320821026
Metel - Horror Escape,0,0.6644793068198984
Metro 2033,0,0.6735828794352956
Metro 2033 Redux,1,0.6551554514260041
Metro Exodus,0,0.5496712628744941
Metro Exodus - Sam's Story,0,0.45267033356611575
Metro Exodus - The Two Colonels,0,0.5265578125288841
Metro Exodus Expansion Pass,0,0.6173999482078326
Metro: Last Light Redux,0,0.6892879346366967
MewnBase,0,0.7628370547679384
Microsoft Flight Simulator (2020) 40th Anniversary Edition,1,0.29766378369077967
Middle-earth™: Shadow of Mordor™,0,0.5963156597662289
Middle-earth™: Shadow of War™,0,0.6512346843747181
Midnight Ultra,0,0.5422511212649124
Might & Magic: Clash of Heroes,0,0.6525942100129432
Mighty No. 9,0,0.35884269136330316
Mike Dies,0,0.7573457748219549
Milfy City - Final Edition,4,0.436393685708795
Militia,0,0.49322251104910014
Mind Games,0,0.6528636497465929
Mind Scanners,0,0.436560371979205
Minecraft Dungeons,0,0.5758299528718323
Mini Airways - ATC simulator,0,0.5598528633982963
Mini Metro,0,0.4142228126442249
Mini Motorways,0,0.5093011250173447
Mini Z Racers Turbo,0,0.686979682758107
Mining Mechs,0,0.4008982136137404
Minion Masters,0,0.6292247709968941
Minoria,0,0.5460051888227222
Minos Strategos,0,0.6076660053792395
Minschima,0,0.5201863470927648
Mirror Mysteries 2,0,0.5780373833488746
Mirror's Edge™,3,0.7036870574785685
Mirror's Edge™ Catalyst,0,0.6171848775560577
Miscreated,0,0.5271593304840348
Missing Translation,0,0.26803810156459734
Mist Legacy,0,0.6818135197649513
Mitos.is: The Game,1,0.5179849222372322
Monastery,0,0.5628059195656827
Monster Hunter Wilds,0,0.5303999941468813
Monster Hunter: World,1,0.6729077125830073
Monster Prom,0,0.5672486220241391
Monster Slayers,0,0.7295826584768353
Monster Slayers - Advanced Classes Unlocker,0,0.4246376769778932
Monster Train,0,0.5144002678957428
Moonlighter,0,0.6003578290307598
Moonlighter: Between Dimensions,0,0.7230433624053623
Moonring,0,0.6872054750155355
Mordheim: City of the Damned,0,0.6152414765460438
Morphopolis,3,0.6432804616591671
Mortal Glory,0,0.6420195063662849
Mortal Kombat 1,0,0.6691487977321563
Mortal Kombat Komplete Edition,0,0.6391642313534879
Mortal Kombat X,0,0.6533824004153772
Mortal Shell,0,0.4858813705934375
Moss,0,0.6906821388291021
Motorsport Manager,0,0.5300958632398282
Mount & Blade II: Bannerlord,1,0.7045394641938844
Mount & Blade: Warband,0,0.48506665882473016
Mountain,3,0.6073031906250088
Mountain Crime: Requital,5,0.6598357917467715
MudRunner,0,0.5971732250838299
Mundaun,12,0.48312431191364774
Munin,0,0.6905870912622144
Murdered: Soul Suspect,11,0.6872910396388051
Murky Divers,0,0.633882641225848
Musaic Box,0,0.5664007604197376
Muse Dash,0,0.588876869417137
Museum Mystery: Deckbuilding Card Game,0,0.6168830775332341
Mushroom 11,0,0.3243732884802923
Mutant Year Zero: Road to Eden,0,0.5382945575030327
Mutant Year Zero: Road to Eden - Fan Edition Content,0,0.29693152154066843
Mutant Year Zero: Seed of Evil,0,0.6534641506780342
My Bones,0,0.5250637211147877
My Breast Friend Sally,0,0.623701150065813
My Friend Pedro,0,0.6370272282855012
My NAUGHTY Shotgun,0,0.1387663232944595
My Singing Monsters,2,0.45075712676327284
My Sticker Book,17,0.6984057708708497
My Time at Portia,0,0.6016480672843545
My Train Arrives,0,0.5535411053640246
Mystic Gate,0,0.3788613325525348
Mythical Mayhem,0,0.5150821631671348
Mythicard,0,0.6705052627706316
NBA 2K20,0,0.5085404836611364
NBA 2K21,0,0.2729915388469104
NBA 2K25,1,0.45623470216481365
NEKO-NIN exHeart,4,0.43475172913910565
NEOVERSE,0,0.6084884811097568
NIMRODS,0,0.6426275777744049
Nantucket,0,0.6038752051960284
Narcos: Rise of the Cartels,0,0.3986442773900449
Nation Red,0,0.3396324711929549
Nautical Survival,0,0.5677611699252358
Nebuchadnezzar,0,0.4121472149769161
Necken,0,0.6858218964831988
Need for Speed Undercover,0,0.4852173737390276
Need for Speed™,3,0.5699402489691605
Need for Speed™ Heat,1,0.5299667694735518
Need for Speed™ Rivals,0,0.5816972502076991
Need for Speed™ Unbound,15,0.700725703624066
Need to Know,0,0.5312340304881215
Neo Cab,5,0.4866148392005156
Neon Abyss,0,0.6734167540805998
Never Alone (Kisima Ingitchuna),0,0.6531997501249764
New Cycle,0,0.6710218335308451
New Super Lucky's Tale,0,0.7133189645238557
Nex Machina,0,0.7173747212584191
Ni no Kuni Wrath of the White Witch™ Remastered,0,0.5487296595066726
Ni no Kuni™ II: Revenant Kingdom,8,0.6590730381260387
Nidhogg,0,0.5882030127648176
NieR Replicant™ ver.1.22474487139...,0,0.5365475106808126
Night At the Gates of Hell,0,0.6867102662513666
Nightmare Kart,1,0.5459065943268318
Nightmare of Decay,0,0.7096894617421458
Nikopol: Secrets of the Immortals,0,0.49564236665640676
Ninja Cats vs Samurai Dogs,0,0.7012784082381639
Nioh: Complete Edition,1,0.5965822448016563
No Man's Sky,0,0.6260108611267694
No More Room in Hell,0,0.5791493910529071
No one lives under the lighthouse Director's cut,2,0.5563667330746846
Nobody Wants to Die,0,0.7030761790868927
Nodebuster,0,0.5301611823562254
Nonogram - Master's Legacy,0,0.6521199610791831
Nordic Ashes: Survivors of Ragnarok,0,0.43318693250603035
Northgard,16,0.6835705456662815
"Northgard - Brundr & Kaelinn, Clan of the Lynx",0,0.5483077066447523
"Northgard - Hræsvelg, Clan of the Eagle",0,0.6157067658323336
Not Tonight,0,0.14844426236489647
Nowhere Prophet,0,0.5486727383499973
Nuclear Blaze,0,0.530180816537462
Nuclear Nightmare,0,0.6667459395820073
Nurse Love Addiction,0,0.4974163187308986
OMFG: One Million Fatal Guns,0,0.546911480859798
OTXO,15,0.8115346553525569
OUTRIDERS,0,0.6904888972065398
Obduction,0,0.48917419986336624
Obey Me,0,0.6226538525461321
Obscure,0,0.5387588316288077
Obsidian Prince,17,0.6041424935110353
Octodad: Dadliest Catch,0,0.46455707075074965
Offworld Trading Company,0,0.5743359730130628
Okami HD,0,0.7649358289785673
Old Man's Journey,0,0.4912312389673974
Omen Exitio: Plague,1,0.5863996682043681
Omerta - City of Gangsters,0,0.34609356085701265
Once Human,0,0.5810096212927516
One Deck Dungeon,0,0.6030336922002288
One Finger Death Punch,0,0.6474679867302178
One Way Heroics,0,0.5421593143934007
Onirim - Solitaire Card Game,0,0.5820767663557636
OpenTTD,0,0.5304251051036387
Operation: Tango,0,0.6296259692035766
Opus Magnum,0,0.5928091137669864
Orcs Must Die! 3,0,0.5595814317317757
Orcs Must Die! 3 - Tipping the Scales DLC,0,0.571622420151356
Order of Battle: World War II,0,0.5778363132565797
Orders of Magnitude,0,0.42922055630614675
Ori and the Blind Forest: Definitive Edition,0,0.6563920809004445
Ortus Regni,0,0.561748530178999
Orwell: Ignorance is Strength,0,0.4921709984280752
Orwell: Keeping an Eye On You,0,0.5152870685279658
Othercide,0,0.746811400570479
Our Darker Purpose,0,0.7315674394383425
Outer Wilds,0,0.735072873312147
Outer Wilds - Echoes of the Eye,0,0.4887510712825818
Outlast,0,0.5372677585720371
Outlast 2,0,0.6184735014389644
Outward Definitive Edition,0,0.33349064693545777
Overboard!,0,0.6494818540632469
Overcooked! 2,0,0.6683530340266768
Overcooked! All You Can Eat,0,0.6319157541097008
Overdungeon,0,0.5399446020827707
Overgrowth,0,0.6115118521045582
Overlord II,0,0.7459299008225029
Oxenfree,0,0.7026820022309529
Oxygen Not Included,0,0.64735144672729
Ozymandias: Bronze Age Empire Sim,0,0.6261219997698763
PATHOGEN X,0,0.743896524019264
PAYDAY 2,0,0.5327994005104598
PAYDAY 3,0,0.19784788062647665
PGA TOUR 2K23,0,0.6050485695660931
POSTAL,0,0.3124756143116467
POSTAL 2,15,0.6191406665163023
POSTAL 4: No Regerts,0,0.25513789478436155
POSTAL Redux,0,0.507503265123416
PUBG: BATTLEGROUNDS,0,0.5538231765768054
PUNCH FIT,0,0.31948923707219634
Pacify,0,0.5412296920380245
Paint the Town Red,2,0.5109964157571947
Paladins®,0,0.7347543679633648
Palworld,8,0.4477669073713492
Pan'orama,0,0.4769430755166417
Pantheon: Rise of the Fallen,0,0.7571025734820974
Panzer War : Definitive Edition,23,0.6821590557795709
Paper Planet,10,0.6143283981526375
"Papers, Please",0,0.6092957401701954
Paradise Killer,0,0.759086575894626
Paradox: A Rusty Lake Film,0,0.639595196156002
Paratopic,0,0.6838359895899525
Parliament - Parlement,0,0.4657374190954101
Party Hard,0,0.7000340807677451
Path of Exile,0,0.364362595242346
Path of Exile 2,0,0.6172797807743909
Pathfinder: Kingmaker — Enhanced Plus Edition,0,0.6957573998294946
Pathologic Classic HD,0,0.5999232185082316
Patrick's Parabox,0,0.6868737313659115
Patron,0,0.5291734124350784
Pavlov,23,0.7380212835105718
Pavlov's House,0,0.4679531064556192
Pawnbarian,0,0.630408395814603
Peaky Blinders: Mastermind,0,0.2877802676454572
Peeping Dorm Manager,0,0.607022796625992
Pentiment,0,0.602556359728559
Penumbra: Black Plague Gold Edition,0,0.5978588242077235
People Playground,4,0.4195961511895006
Perdition,12,0.7211281421502787
Persona 4 Arena Ultimax,1,0.5590129109527717
Persona 4 Golden,0,0.5664844141609413
Persona 5 Royal,1,0.34109276406712524
Persona® 5 Strikers,0,0.6965910514358584
Perspectives: Paradise,0,0.4402084177397155
Phantasmagoria 2: A Puzzle of Flesh,0,0.6566211813931438
Phantasy Star Online 2 New Genesis,0,0.48723306295583035
Phantom Doctrine,0,0.5699082555922399
Phasmophobia,18,0.6776521654521047
Phoenix Point,0,0.6285101702337403
Phoning Home,0,0.5819324860478079
Picayune Dreams,0,0.6296760828220064
Pikuniku,17,0.6125174406077571
Pilgrims,5,0.5261694385525291
Pillars of Eternity - Royal Edition Upgrade Pack,6,0.7345842561437493
Pillars of Eternity - The White March Part II,0,0.6475781123729794
Pillars of Eternity II: Deadfire,0,0.6412795206477863
Pinball Arcade,5,0.23918916357821932
Pinball Deluxe: Reloaded,0,0.6360383780485431
Pinball FX,0,0.5359611427778612
Pinball FX2 VR,3,0.7018754643899873
Pinball FX3,0,0.6171046672104772
Pinball FX3 - Balls of Glory Pinball,0,0.622972081572127
Pinball FX3 - Bethesda® Pinball,0,0.6383889417962698
Pinball FX3 - Carnivals and Legends,0,0.5306497984438812
Pinball FX3 - Marvel Pinball Avengers Chronicles,0,0.6155182338596047
Pinball FX3 - Marvel Pinball Original Pack,0,0.6826657444414111
Pinball FX3 - Marvel's Women of Power,0,0.6061555098746557
Pinball FX3 - Star Wars™ Pinball,0,0.5576820261518252
Pinball FX3 - Star Wars™ Pinball: Balance of the Force,0,0.50807389839176
Pinball FX3 - Williams™ Pinball: Volume 5,0,0.672295241254861
Pinball M,0,0.6150124713563262
Pineapple on pizza,4,0.4043039819357194
Pinstripe,0,0.536324398582861
Pioneers of Pagonia,0,0.63343220566049
Piratopia,0,0.3476847991701005
Pit People®,0,0.675956893711932
Pixel Strike 3D,4,0.41594819031632113
PixelJunk™ Monsters Ultimate,0,0.5040214572074657
PixelJunk™ Nom Nom Galaxy,0,0.5644437272841273
Plague Inc: Evolved,0,0.4170579807791982
Plan B: Terraform,0,0.46648023595901195
Planaris 2+,0,0.5542778284677581
Planet Coaster - Knight Rider™ K.I.T.T. Construction Kit,6,0.6340037214854055
Planet Coaster - Quick Draw Interactive Shooting Ride,0,0.3007052888475736
Planet Coaster - Spooky Pack,6,0.6296148677103156
Planet Coaster - The Munsters® Munster Koach Construction Kit,6,0.7050220505367106
Planet of the Eyes,0,0.5850900672357062
PlanetSide 2,0,0.5855139424776747
Planetary Annihilation: TITANS,22,0.7683070134696239
Planetship,0,0.7113433172287927
PlateUp!,0,0.40334939089555877
Platformines,0,0.5728095645653359
"Please, Don’t Touch Anything",0,0.7075417128965439
"Please, Touch The Artwork 2",0,0.45616788340342435
Plot of the Druid: Nightwatch,0,0.6568409738631298
Poker Championship,0,0.560223623282307
Poker Quest: Swords and Spades,0,0.5459843871868107
Polandball: Can into Space!,1,0.5053244753551303
Police Stories,0,0.6414032796969948
Portal,0,0.5760108449227491
Portal 2,0,0.4815685642533013
Post Void,0,0.5020449854869659
Power & Revolution 2019 Edition,1,0.715284974639727
Praise Dead,0,0.470390307446957
Predator: Hunting Grounds,0,0.6101877185836415
Prey,0,0.6497352395395841
Prey - Mooncrash,0,0.6268409457007431
Primordia,0,0.4400502777241313
Prince of Persia®,3,0.7954645463473118
Prison Architect,0,0.6231159377122782
Prison Simulator Prologue,0,0.7577191655809368
Probability 0,18,0.5788659011355705
Project Hospital - Doctor Mode,0,0.5247842186853559
Project Hospital - Traumatology Department,3,0.3120245462531368
Project Malice,0,0.5538119637542072
Project Warlock II,0,0.7101227899206931
Project Zomboid,0,0.5977632270661087
Prototype 2,4,0.3444309230624495
Psychonauts 2,0,0.553678419011858
"Pulsar, The VR Experience",0,0.4854321138068778
Pummel Party,0,0.4281360614934452
Punch Club,0,0.48868757714585526
Putrefaction 2: Void Walker,0,0.5439179012657598
Puzzle Agent,0,0.6539997901705806
Puzzle Bots,0,0.6579986321825406
Puzzlement,0,0.6510940834436205
Puzzler World 2,0,0.44975125423175244
Pyre,0,0.7228087027679133
Q.U.B.E. 2,0,0.7186535419883747
Q.U.B.E. 2 Season Pass,0,0.47435263984503867
Q.U.B.E: Director's Cut,0,0.7172283605947518
QUBE: Against the Qlock,0,0.6392551908376345
Quake,0,0.38580239162582214
Quake Champions,0,0.2847320079299226
Quake Live,0,0.4165423578545465
Quantum Break,0,0.6626040704881313
Quell Memento,0,0.5471764358543534
Quest Hunter,0,0.6252789355486368
Quiplash,0,0.24088534233345513
R.E.P.O.,12,0.8066405451418392
RAGE 2,0,0.47873330619208426
RAID: World War II,0,0.7478807985248765
REMNANT II®,5,0.3226326417764889
REPLIKATOR,0,0.5727357961639222
REVEREND,0,0.6567132561149259
RISK™: Factions,0,0.5936511006907671
"RIVE: Wreck, Hack, Die, Retry!",4,0.47014621793275263
ROSE,0,0.4264297171476131
RUINER,0,0.6281811024596343
RUNNING WITH RIFLES,0,0.6177433384086388
RUSSIAPHOBIA,0,0.4664042131865379
RYB,0,0.33847112697033
Race for the Galaxy: Brink of War,0,0.4347069766933018
Race for the Galaxy: Rebel vs Imperium,0,0.2516368243509144
Radio General,0,0.37723199124130935
Raft,0,0.5024021095822052
Ragnorium,0,0.6478436666524034
Rags to Dishes,0,0.7040988316815794
Raiders of the North Sea,1,0.44293681557270476
Railroad Corporation,0,0.418075028537085
Railroad Tycoon II Platinum,0,0.3865400383111108
Railway Empire 2,0,0.6090307753858439
Raji: An Ancient Epic,0,0.7032786290263383
Rally: Endless Conquest,0,0.59396198293681
Ratropolis,8,0.6022556641911915
Ravenous Devils,0,0.6272590347815339
Rayman® Origins,0,0.5569647810362145
Re:Gals Panic,10,0.7394147510553574
Ready or Not,1,0.7005327879460144
Realpolitiks,0,0.4995239670808195
Reassembly,0,0.6371418824515822
Rebel Cops,0,0.5165574312084525
Rebel Fury,8,0.667301008021543
Recettear: An Item Shop's Tale,0,0.40294520717453913
Record of Lodoss War-Deedlit in Wonder Labyrinth-,0,0.5456210165744233
Recursed,0,0.671144285184138
Red Alliance,0,0.7126803693083908
Red Dead Online,0,0.5875141608808727
Red Dead Redemption,1,0.5643744046179306
Red Dead Redemption 2,0,0.5571776746366532
Red Faction®: Armageddon™,1,0.68232842741067
Red Orchestra 2: Heroes of Stalingrad with Rising Storm,0,0.48518639664774516
Red Orchestra: Ostfront 41-45,0,0.5367933572505101
Red Trigger,0,0.5448833320668045
Refactor,0,0.34043108393764276
Regions Of Ruin,0,0.5738853004002171
Regular Human Workshop,0,0.508640428504281
Reign of the Renegade,0,0.5418497568029627
Reiner Knizia Yellow & Yangtze,1,0.4292319831846207
Relicta,0,0.5541907772678165
Remember Me,0,0.36411942581103235
Remnant II® - The Forgotten Kingdom,0,0.41122242772745893
Renegade Ops,0,0.5923728159248345
Resident Evil,1,0.10168209463240817
Resident Evil 2,0,0.45014379674826993
Resident Evil 3,0,0.6062270882168852
Resident Evil 4,0,0.4268860632566892
Resident Evil 4 (2005),3,0.5749957131473582
Resident Evil 4 - Separate Ways,0,0.24891126470751562
Resident Evil 5,0,0.6210199429392395
Resident Evil 6,0,0.34869921920196456
Resident Evil 7 Biohazard,0,0.5085903356544665
Resident Evil Revelations,0,0.6566943708180728
Resident Evil Revelations 2,0,0.6217078690117924
Resident Evil Village,0,0.5159305926715421
Resident Evil Village - Winters’ Expansion,0,0.6046991843622855
RetroMaze,0,0.3239805023706494
Retrowave,0,0.29533766697139163
Return of the Obra Dinn,0,0.26000963109380765
Return to Monkey Island,0,0.4735220210775603
Reus 2,0,0.6174283771562499
Rhapsody: A Musical Adventure,0,0.6830653436996114
RimWorld,1,0.5844969580369744
RimWorld - Royalty,0,0.38444382680186007
Ring Runner: Flight of the Sages,0,0.687699126257734
Ring of Pain,0,0.4079548077817862
Rise of Industry,0,0.5467053523063732
Rise of the Argonauts,0,0.7469079063800663
Rise of the Ronin,0,0.5023330915451073
Rise of the Slime,0,0.39291479435566884
Rise of the Tomb Raider™,0,0.6563216179927531
Rising Storm 2: Vietnam,0,0.6842931596384202
Risk & Riches,0,0.7299393283030609
Risk of Rain 2,0,0.3478310148352498
Rivals of Aether,0,0.4858394024295726
Road Doom,0,0.5047114144487935
Roald Amundsen's House,14,0.5500707992819668
Roboquest,0,0.5841349721062703
Robot Resistors,0,0.3941580788439518
Rocket League®,0,0.5726304865905725
Rocket delivery: Space Wok,0,0.4198490340360498
Rocksmith® 2014 Edition REMASTERED LEARN & PLAY,7,0.6189642561756379
Rocksmith® 2014 Edition – Remastered – Opeth Song Pack,0,0.4976242000963755
Rogue Hex,0,0.6436452728967523
Rogue Legacy,0,0.6805759836269012
Rogue Tower,0,0.4947048158713474
Rogue Trooper Redux,5,0.581506939153982
Rogue Voltage,0,0.5968318512742533
Rogue Warrior,0,0.35268384368077715
Rogue Wizards,0,0.5255112563299198
Rogue: Genesia,0,0.6031419312899272
Roguebook,0,0.714972821519815
RollerCoaster Tycoon® 2: Triple Thrill Pack,0,0.6125010969568697
RollerCoaster Tycoon® 3: Platinum,0,0.668964399155766
Romero's Aftermath,0,0.38805152211546823
Root,1,0.5306895790191489
Rough Justice: '84,0,0.5823641072418688
Roundguard,0,0.548314839847972
Royal Adventure,0,0.5150386694162659
Ruined King: A League of Legends Story™,0,0.5593143231738599
Rune Coliseum: Chained Warrior,0,0.3042764471197992
RuneScape ®,0,0.6133348833350594
Rush for the Ages,0,0.2635672895015006
Rust,0,0.533573888684016
Rustler (Grand Theft Horse),0,0.5052877838982716
Ryse: Son of Rome,0,0.6097132439118905
Rytmik Studio,0,0.40541920365733813
S.T.A.L.K.E.R. 2: Heart of Chornobyl,0,0.6314799613373351
S.T.A.L.K.E.R.: Call of Pripyat,0,0.553127780862554
S.T.A.L.K.E.R.: Shadow of Chernobyl,0,0.4101613782274784
SCP: 5K,0,0.5018727431866541
SCUM Supporter Pack 2,0,0.3495170375757381
SEGA Mega Drive and Genesis Classics,0,0.5592190763149395
SILENT HILL 2,0,0.49690858706610175
SIMULACRA,7,0.5803945413977417
SKULL CHAINZ,0,0.7210604532512617
SLUDGE LIFE 2,0,0.6587587879678487
SNAKE FARM,0,0.627269076172354
SNKRX,0,0.4606665180573165
SOMA,0,0.4164811956130473
STAR WARS Jedi: Fallen Order™,9,0.6897035734302628
STAR WARS Jedi: Survivor™,0,0.6529893553457724
STAR WARS™ - The Force Unleashed™ Ultimate Sith Edition,0,0.7185885478473317
"STAR WARS™ Battlefront II (Classic, 2005)",11,0.5316551843553328
STAR WARS™ Jedi Knight - Jedi Academy™,0,0.2893532320619803
STAR WARS™ Knights of the Old Republic™,0,0.7278506988084412
STAR WARS™ Knights of the Old Republic™ II - The Sith Lords™,0,0.6782307910202067
STAR WARS™: Battlefront Classic Collection,0,0.4762350600234266
STAR WARS™: Squadrons,0,0.5266178442925086
STAR WARS™: The Old Republic™,0,0.5381506313550104
STRAFE: Gold Edition,0,0.5345207347434225
SUCCUBUS,0,0.5619494226267859
SUCCUBUS: Prologue,0,0.6127320513407541
SUPER PEOPLE 2,0,0.5358903671599227
SUPERHOT,0,0.6772677316546586
SYNTHETIK: Arena,0,0.5065532263031552
SYNTHETIK: Legion Rising,3,0.6655002827983726
Safecracker: The Ultimate Puzzle Adventure,0,0.6225507193146312
Sagrada,1,0.49977225278973225
Saints Row,0,0.44708833117437113
Saints Row 2,1,0.5763405230830991
Saints Row IV -  Enter The Dominatrix,0,0.400068051372678
Saints Row IV - Gamestop Warped Weapon Challenge,6,0.6535133000872337
Saints Row IV - Stone Age Pack,6,0.8129822413220297
Saints Row IV: Presidential Pack,6,0.8063121768798981
Saints Row IV: Re-Elected,0,0.6826913764652861
Saints Row: The Third,0,0.5274505156273823
Saints Row®: The Third™ Remastered,0,0.6642513905883853
Sakuna: Of Rice and Ruin,0,0.34299789292314553
Sakura Fox Adventure,4,0.5163443026543408
Sakura Gamer,0,0.5059160824515774
Salvation Prophecy,0,0.6376770907485649
Samorost 2,0,0.5440078726062695
Samorost 3,0,0.6727708367671132
Sandtrix+,0,0.5115852307103507
Satisfactory,0,0.5751448437495011
Sayonara Wild Hearts,0,0.6482297541650079
Scarlet Tower,0,0.4627099536571246
Schedule I,0,0.38952317777359663
Scorn,0,0.5703174151250172
Scrap Mechanic,0,0.6633121753218689
Scythe: Digital Edition,0,0.6460072058392198
Sea Brawl Autobattler,0,0.3258803467607545
Sea Horizon,0,0.5207981117842287
Sea of Thieves: 2025 Edition,0,0.4965938633606535
Second Extinction™,0,0.3562253873032269
Secrets of Grindea,0,0.6057749343476734
Seed of the Dead,0,0.6964638049761019
Seen,0,0.5707883894598266
Sekiro™: Shadows Die Twice - GOTY Edition,3,0.5040541243303546
Selene ~Apoptosis~,4,0.48466205832127524
Sentience: The Android's Tale,0,0.6395501156220667
Sentinels of Earth-Prime,0,0.34881804782584347
Sentinels of the Multiverse,0,0.6525521082307684
Seraph,0,0.561302971517965
Seraph's Last Stand,0,0.5372633054076414
Serious Sam 3: BFE,0,0.40826176671243064
Serious Sam 4,0,0.5523880868575636
Seven Kingdoms 2 HD,1,0.5828407300509377
Shadow Tactics: Blades of the Shogun,0,0.7374573198118565
Shadow Warrior,0,0.5937274877371337
Shadow Warrior 2,0,0.617273910928326
Shadow Warrior 3: Definitive Edition,0,0.46745845687088466
Shadow of the Tomb Raider: Definitive Edition,0,0.6158817617107205
Shadowrun Returns,2,0.4135649226379379
Shadowrun: Dragonfall - Director's Cut,0,0.6982920368366408
Shadowrun: Hong Kong - Extended Edition,1,0.6023603320694628
Shadows of Doubt,0,0.45970136262373357
Shadows: Awakening,0,0.5282814422111636
Shady Brook - A Dark Mystery Text Adventure,0,0.6457671832413817
Shank,0,0.6589281610142954
Shank 2,0,0.6440479904809775
Shantae and the Seven Sirens,0,0.5888998622261382
Shape Shifter: Formations,0,0.4604902145122754
"Shardbound: Forge Your Path, Master Your Strategy",0,0.6153740880022481
Shards the Deckbuilder,0,0.6525552282880531
Shattered Pixel Dungeon,0,0.31575213726748924
Shatterline,0,0.7475280034241739
Sheep Love,10,0.6053142554967661
Shenmue I & II,0,0.7763398134209996
Sherlock Holmes - Nemesis,0,0.6675660063236086
Sherlock Holmes and The Hound of The Baskervilles,0,0.5969690727000119
Sherlock Holmes versus Jack the Ripper,0,0.27929133742524304
Sherlock Holmes: The Devil's Daughter,0,0.6207686185653013
Sherlock Holmes: The Mystery of the Mummy,0,0.5927236310626114
Sherlock Holmes: The Mystery of the Persian Carpet,0,0.5495597222621078
Sherlock Holmes: The Silver Earring,1,0.6336418542142
Shift 2 Unleashed,0,0.42799851746324336
Shing!,0,0.4386669145044623
Ship Graveyard Simulator: Prologue,0,0.5319960204535439
Shooting Stars!,0,0.6720681830070013
Shotgun King: The Final Checkmate,0,0.6365994054283156
Shovel Knight: Treasure Trove,0,0.5503550656557696
Shu,0,0.5606957007418498
Siberian Dawn,0,0.6566447385045723
Sid Meier's Civilization VII,0,0.44776090340099794
Sid Meier's Civilization® V,0,0.46180739418553296
Sid Meier's Civilization®: Beyond Earth™,0,0.662849218189255
Sid Meier's Covert Action (Classic),0,0.6536754711462018
Sid Meier's Starships,0,0.6890250069969233
Sid Meier’s Civilization® VI,0,0.525963424987177
Sifu,0,0.6717778733432956
Silence of the Sleep,0,0.6719657945297676
Simmiland,0,0.6131317142974624
Singularity™,0,0.5241882040514011
Sir Whoopass™: Immortal Death,0,0.5603856798626663
"Sir, You Are Being Hunted",0,0.6066169652937686
SisterFight,0,0.528310276065073
Sketchy's Contract,0,0.6126165970364762
Skullgirls 2nd Encore,0,0.3977084704292599
SlavicPunk: Oldtimer,0,0.6732205135395085
Slay the Spire,0,0.5680937259888061
Sleeping Dogs: Definitive Edition,1,0.5739977337505793
Slice & Dice,0,0.620804173485669
Slipways,0,0.5491565745153979
Slot Shots Pinball Collection,0,0.5514953425481438
Slot Shots Pinball Ultimate Edition,0,0.5328290295772857
Snakeybus,0,0.6562035788977831
Sniper Elite 3,1,0.6824034593093833
Sniper Elite 4,1,0.5239694516036772
Sniper Elite 5,0,0.4730092203999779
Sniper Ghost Warrior 3,0,0.6825610241058172
Sniper Ghost Warrior Contracts,8,0.7118036505470616
Sniper Ghost Warrior Contracts 2,0,0.7158599675897314
Sniper: Ghost Warrior,0,0.6929883242411988
Sniper: Ghost Warrior 2,1,0.6554634281607169
Snow Daze: The Music of Winter Special Edition,10,0.7521276773170165
SnowRunner,0,0.2951798183731524
Soccer Manager,1,0.5283980737811791
SolForge,0,0.6313968821819225
Solace Inc.,0,0.44187482890858426
Solitairica,0,0.6766807235752681
Solium Infernum,0,0.4750385657554219
Somewhere in the Shadow,0,0.4717473129110853
Sonar Shock,0,0.6931184306324683
Song of the Deep,0,0.5551299375444123
Sonic Lost World,0,0.2665289988901537
Sonny,10,0.5731241505905659
Sons Of The Forest,0,0.6128747278283246
Sorcery! Parts 1 and 2,0,0.6280096547746047
Soundpad,7,0.5414421615033012
Source Filmmaker,0,0.5790680729029231
Source of Madness,0,0.6029658706714528
South Park™: The Fractured But Whole™ - From Dusk Till Casa Bonita,2,0.4594900348932264
South Park™: The Stick of Truth™,0,0.5792803664203507
Space Engineers,0,0.4855390421809039
Space Food Truck,0,0.4937434461278665
Space Grunts,0,0.4622460907101086
Space Hulk,0,0.5432636140488867
Space Hulk: Deathwing,0,0.5377370303587917
Space Hulk: Deathwing Enhanced Edition,0,0.5023940686308088
Space Pilgrim Episode I: Alpha Centauri,0,0.5861706575324317
Space Pirates And Zombies 2,3,0.5072256832412809
Space Run,0,0.5400754079112675
SpaceChem,0,0.4924409728498628
Spacebase DF-9,0,0.5821594745246745
Spec Ops: The Line,0,0.6602806384525834
Spectromancer,0,0.42733930434214584
SpellForce 3 Reforced,0,0.7126244271102042
Spellbook Demonslayers Prologue,0,0.6679695735134237
Spellcaster University,0,0.6660621801626333
Spirit Hunters: Infinite Horde,0,0.6176907147112891
Spirit Island,0,0.570781853935119
Spiritfarer®: Farewell Edition,0,0.7508749418867778
Spirits,0,0.3988149938004498
Splice,0,0.3800217680778251
Split Fiction,0,0.5136882490326963
Split/Second,1,0.5577267496569742
Splitgate,19,0.7453324651618437
SpongeBob SquarePants: Battle for Bikini Bottom - Rehydrated,0,0.6205588906504246
Spyro™ Reignited Trilogy,1,0.620439085194113
Squad,7,0.5312937706918589
Squad 44,0,0.3771900797333457
Stacklands,0,0.7030735126345222
Star Realms,0,0.5353488189627105
Star Traders: Frontiers,0,0.5882629204754817
Star Wars™ Pinball VR,3,0.5552341602350612
StarVaders,0,0.2773873403933188
Stardew Valley,0,0.5041082785877811
Stardust Galaxy Warriors: Stellar Climax,0,0.5743477358169743
Starfield,0,0.5216750876091125
Starship Troopers: Extermination,0,0.6171920331289584
State of Decay,0,0.5600056657224294
State of Decay: YOSE,0,0.4159386491695708
State of Mind,0,0.7387030113022892
Station to Station,0,0.494887774683341
SteamWorld Dig,3,0.7118925962066499
SteamWorld Heist,0,0.7306069144955705
Steel Assault,0,0.5304390188249812
Steel Division: Normandy 44,13,0.7370674075247149
Steel Ocean,0,0.5621041601038328
Steep™,3,0.6412602370837658
Stellar Orphans,0,0.37590092902108646
Stellar Overload,0,0.5237597385432532
Stellar Tactics,0,0.486311885606368
Stellaris,0,0.6229975006500883
Stirring Abyss,0,0.6789441759504482
Stone Age Wars,0,0.5730670721397346
Stone Age: Digital Edition,1,0.3711903297560664
Stonehearth,0,0.44837712046328526
Stoneshard,0,0.5605404817728254
Stormworks: Build and Rescue,0,0.5034423046487124
Storybook Brawl,0,0.6649999226147753
Stranded: Alien Dawn,0,0.6468383212984173
Strange Brigade,0,0.5139984650601278
Stray,0,0.5201920144500549
Street Fighter V,1,0.7070281235586319
Street Shuffle,0,0.4348390700630792
Streets of Rogue,0,0.5989710256327458
Strength of the Sword ULTIMATE,0,0.15731296614721088
Strikey Sisters,0,0.7411090470146215
Stronghold Crusader 2,0,0.4018613984352807
Stronghold Crusader HD (2012),0,0.5824739002513042
Stronghold HD (2012),1,0.49823202392429483
Stronghold: Warlords,0,0.20237808899067775
Stubbs the Zombie in Rebel Without a Pulse - Official Soundtrack,2,0.5206166680556961
Subnautica,0,0.6076587734015666
Subsistence,0,0.7252363215430907
Succubus - Unrated,0,0.16942865347912256
Succubus Girl Story,0,0.4685897007118841
Suicide Squad: Kill the Justice League,0,0.5542465040777479
Summit of the Wolf,0,0.5108724163334826
Summon Masters,0,0.6408173503301144
Summoner,0,0.7477855289593884
Sun Down Survivors,0,0.39505306873231
Sundered®: Eldritch Edition,0,0.5826662757427864
Sunset Overdrive,1,0.7216897190241379
Super Bunny Man,18,0.7672949656070831
Super Hexagon,0,0.3142481981469183
Super Meat Boy,0,0.5404981084624357
Super Time Force Ultra,0,0.17953263822539547
Super Win the Game,0,0.606046350669713
Supermarket Together,0,0.7611168891671504
Supraland,0,0.5975926894263298
Supraland Six Inches Under,0,0.23519805374194946
Supremacy: 1914,0,0.4421448828845532
Supreme Commander 2,0,0.5574596478641523
SurrounDead,0,0.690218847635058
Survive the Nights,0,0.6944810763380773
Surviving Mars,0,0.6068447658875514
Surviving Mars: Colony Design Set,0,0.4232599054288277
Surviving Mars: Deluxe Upgrade Pack,6,0.5715234103403273
Surviving Mars: Space Race,0,0.42503213906509835
Surviving the Aftermath - Rebirth,0,0.5306455651839499
Surviving the Aftermath: Forgotten Tracks,6,0.7697607215649191
Sven Co-op,12,0.7571135210485715
Swapperoo,0,0.4341356130771964
Swarm Grinder,0,0.611628765879621
Swelter,0,0.578753210792298
Sword of the Stars: The Pit,0,0.45478661020022937
Sword of the Stars: The Pit 2,0,0.3352508234550468
Swords & Souls: Neverseen,0,0.4641647685550927
Swords and Sandals Classic Collection,10,0.49547776720550796
Syberia 3,0,0.6166028564550284
Syberia II,1,0.5486865850485136
Symmodance,0,0.641931704708664
System Shock,0,0.411100387571502
System Shock: Enhanced Edition,2,0.4423228999689166
T-Minus 30,0,0.5551240971932697
TASTEE: Lethal Tactics,0,0.6663512789212814
TCG Card Shop Simulator,0,0.6110084364323168
TEKKEN 7,0,0.5306706097025622
TEKKEN 8,23,0.6973366095282709
THE FINALS,0,0.541471112348288
TOEM: A Photo Adventure,4,0.45488973397424437
TRAIL OUT,0,0.5613796031255406
TROUBLESHOOTER: Abandoned Children,0,0.6307240321337225
TUNIC,0,0.710617025301931
TY the Tasmanian Tiger 2,2,0.33181901351031495
TY the Tasmanian Tiger 3,2,0.4655375433957409
Tabletop Simulator,1,0.5827598453704929
Tabletopia,0,0.6062016323740043
Tacoma,0,0.7013836951058898
Tactical Monsters Rumble Arena,0,0.41538787328592003
Tails of Iron,3,0.6858080783526466
Tainted Grail: Conquest,0,0.38672135415209175
Tales from Candlekeep: Tomb of Annihilation,0,0.622464595190731
Tales from the Borderlands,0,0.7178386460579823
Tales of Berseria™,0,0.6702790408379774
Tales of Escape,0,0.27228921725446337
Tales of Nebezem: Elemental Link,0,0.7456757337381801
Tales of Symphonia,0,0.6880454006143047
Tales of Vesperia: Definitive Edition,0,0.6145570205307618
Tales of Zestiria,0,0.6367121099410945
Talisman: Digital Classic Edition,1,0.704918101303931
Tametsi,0,0.43871914497943704
Tattletail,0,0.5858137114257385
Team Fortress 2,0,0.594436660716551
Teardown,0,0.4805076863868072
Technotopia,0,0.4759965037596237
Teenage Mutant Ninja Turtles: The Cowabunga Collection,0,0.5948421320010246
Tempest Rising,0,0.4346687283072243
Templar Battleforce,0,0.46577357402428127
Terminator: Dark Fate - Defiance,0,0.6071390999736093
Terra Nil,0,0.6011554796174232
Terraformers,0,0.6492670899792248
Terraforming Mars,0,0.541592500719398
Terraria,0,0.5662379433119256
Tesla Force,0,0.5892797076824878
Teslagrad,0,0.6585503615287994
Test Drive Unlimited Solar Crown,0,0.4392882332773225
Tetris® Effect: Connected,0,0.40447890251848606
Tharsis,0,0.3880988611142288
The 7th Guest VR,0,0.621725637563383
The Abbey,14,0.6788546895364294
The Age of Decadence,0,0.5663025208272241
The Away Team: Lost Exodus,0,0.6244545268074757
The Awesome Adventures of Captain Spirit,0,0.3790133989996299
The Banner Saga 3,0,0.7124912704208439
The Banner Saga 3 - Eternal Arena,0,0.546662600030715
The Banner Saga 3 - Legendary Items,0,0.6717907067591772
The Banner Saga 3 - Soundtrack,7,0.5462774286006287
The Bard's Tale IV: Barrows Deep,0,0.7497439948100005
The Beast Inside,0,0.6533157524888149
The Binding of Isaac: Afterbirth,0,0.6543829830304779
The Binding of Isaac: Rebirth,0,0.6028738324707273
The Binding of Isaac: Repentance,0,0.6973675123250862
The Blackout Club,0,0.5650531206520655
The Body VR: Journey Inside a Cell,0,0.4280932260185601
The Break-In,0,0.490026886581437
The Bridge,0,0.6133463631025298
The Callisto Protocol™,0,0.6575119158383499
The Callisto Protocol™ - Final Transmission,0,0.5657131784655618
The Case of the Golden Idol,11,0.7553340982436452
The Children of Clay,0,0.5157418073786797
The Coffin of Andy and Leyley,4,0.5001704306520621
The Colonists,0,0.5136895827356978
The Complex,1,0.3752572572189437
The Dark Eye: Chains of Satinav,0,0.7170921534527918
The Dark Eye: Memoria,0,0.6608819719228125
The Dark Pictures Anthology: House of Ashes,5,0.41637842398224917
The Dark Pictures Anthology: Little Hope,0,0.6554396491120461
The Dark Pictures Anthology: Man of Medan,0,0.6765628269118531
The Darkness II,0,0.6767404442569691
The Deadly Tower of Monsters,0,0.4771301888535019
The Desolate Hope,0,0.5150296409029713
The Dig®,0,0.7544766862831109
The Elder Scrolls IV: Oblivion® Game of the Year Edition (2009),21,0.7437599045702535
The Elder Scrolls V: Skyrim,0,0.5959900197948432
The Elder Scrolls V: Skyrim Special Edition,0,0.6783784977573788
The Elder Scrolls V: Skyrim VR,0,0.49691044815160607
The Elder Scrolls® Online,0,0.46001956077843925
The Enchanted Cave 2,0,0.6283466206335273
The Evil Within 2,0,0.384222987783688
The Exit 8,0,0.584292351466579
The Feathered Serpent,0,0.49240689610557653
The Filmmaker - A Text Adventure,0,0.6873751389274283
The Flame in the Flood,0,0.6600995080024179
The Forest,0,0.5690431041372876
The Forgotten City,0,0.6283642342651062
The Fox in the Forest,0,0.5979787175118959
The Golf Club™ 2019 featuring PGA TOUR,0,0.4806460570003507
The Great C,0,0.4622717971007604
The Great Rebellion,0,0.5739330816369672
The Guild II Renaissance,1,0.7059000557479701
The Gunk,0,0.5132221763868006
The Henry Stickmin Collection,10,0.5796747430163689
The Hong Kong Massacre,15,0.8307226946702952
The Hundred Line -Last Defense Academy-,0,0.4909703128207364
The Huntsman: Winter's Curse,0,0.5342440886697685
The Invincible,0,0.68869837571404
The Jackbox Party Pack 3,0,0.5653650664217009
The Jackbox Party Pack 7,0,0.30287379307017387
The Journey Down: Chapter Three,0,0.6574937536444226
The Lab,0,0.29433773759238907
The Lady,0,0.7434624777588356
The Last Campfire,0,0.49127730577087314
The Last Spell,0,0.5541377277359042
The Last Stand Legacy Collection,0,0.7470797018064951
The Last of Us™ Part I,1,0.723764170609055
The Legend of Heroes: Trails in the Sky,0,0.6699663910578697
The Legend of Heroes: Trails of Cold Steel,0,0.5876316937729473
The Legend of Heroes: Trails of Cold Steel II,0,0.48537968707253554
The Legend of Lumina,0,0.5380416950596018
The Long Dark,0,0.462191051502969
The Long Road North,0,0.3213473963023773
The Looker,0,0.5352115279386752
The Lord of the Rings Online™,2,0.4852041765495076
The Lord of the Rings: Adventure Card Game - Definitive Edition,1,0.6705525675725712
The MISSING: J.J. Macfield and the Island of Memories,0,0.6675324055150766
The Magister,11,0.6995983783896783
The Messenger,0,0.7165592199902644
The Metronomicon - Soundtrack,0,0.4505403248008267
The Moon Sliver,0,0.6604914415843431
The Most Boring Game Ever,0,0.3389592011156507
The Music Machine,0,0.5144949822605068
The Outer Worlds,0,0.4520528723336802
The Outlast Trials,0,0.6813542915786628
The Painter's Playground,0,0.3015229405973306
The Pale Beyond,0,0.6095657165654459
The Park®,0,0.4895907889802484
The Past Within,0,0.6252827310459264
The Pentest,0,0.6366703937330523
The Pit: Infinity,0,0.41800566012768187
The Plague Doctor of Wippra,0,0.6669412916131346
The Precinct,0,0.6000379189460333
The Purring Quest,2,0.48033199756835737
The Ramp,0,0.5755716786226047
The Reject Demon: Toko Chapter 0 — Prelude,0,0.604450934440331
The Riftbreaker,0,0.503385640558891
The Room,0,0.5316631206906915
The Room 4: Old Sins,22,0.8143118435519501
The Room Three,0,0.7077688058503319
The Room Two,0,0.4800494805696217
The Room VR: A Dark Matter,0,0.401861433384558
The Sea Will Claim Everything,0,0.6368148535081292
The Secret Order 2: Masked Intent,0,0.3680467570543603
The Secret of Monkey Island: Special Edition,0,0.5280285692907606
The Serpent Rogue,0,0.43568910052707305
The Sexy Brutale,0,0.633368353078151
The Signifier Director's Cut,0,0.49259830561672113
The Sims™ 4,0,0.4182216578701145
The Slater,0,0.7049634886659923
The Spell Brigade,1,0.5411551729539329
The Stanley Parable,0,0.5369276861473156
The Stanley Parable: Ultra Deluxe,0,0.5456668171696459
The Suicide of Rachel Foster,0,0.43642805034404336
The Surge,0,0.7015818522279595
The Swapper,0,0.7159339385425626
The Swindle,0,0.6077311238975251
The Talos Principle,0,0.7071339415821261
The Talos Principle: Road To Gehenna,0,0.5882128666446036
The Technomancer,0,0.7079827333283979
The Testament of Sherlock Holmes,0,0.5991756758789616
The Tiny Bang Story,0,0.3414732235766412
The Tower of Five Hearts,0,0.3337984757023983
The Troop,0,0.49999784359402927
The Turing Test,0,0.6224206499880545
The Uncertain: Last Quiet Day,0,0.5466743976822744
The Unfinished Swan,0,0.5562311969795697
The Universim,0,0.5047708429579167
The Utility Room,0,0.5940403070331643
The Vagrant,0,0.7451754023423572
The Walking Dead,0,0.6673971669959111
The Walking Dead: 400 Days,0,0.430559241195744
The Walking Dead: A New Frontier,0,0.5466017337951363
The Walking Dead: Michonne - A Telltale Miniseries,0,0.6721681502982574
The Walking Dead: Season Two,22,0.7428598979591108
The Walking Dead: The Final Season,0,0.5578982479211829
The Warlock of Firetop Mountain,0,0.6939967208379128
The Way,0,0.5819063208262498
The Witcher 2: Assassins of Kings Enhanced Edition,9,0.836133272042251
The Witcher 3: Wild Hunt,0,0.561347622313341
The Witcher 3: Wild Hunt - 'Ballad Heroes' Neutral Gwent Card Set,0,0.20976716011955399
The Witcher 3: Wild Hunt - Alternative Look for Ciri,6,0.3472588991618624
The Witcher 3: Wild Hunt - Blood and Wine,0,0.5046381174690093
The Witcher 3: Wild Hunt - Expansion Pass,0,0.6859107323147707
The Witcher 3: Wild Hunt - Hearts of Stone,0,0.5765452354516971
The Witcher 3: Wild Hunt - New Finisher Animations,0,0.4273608633185404
The Witcher: Enhanced Edition Director's Cut,0,0.6508116877483305
The Witness,0,0.5912030052365707
The Wolf Among Us,0,0.6273228871276915
Thea: The Awakening,0,0.652529186798313
There Is No Light: Enhanced Edition,0,0.5576741717226882
There Will Be Ink,0,0.6107560119808271
They Are Billions,0,0.6060575946448232
They Breathe,0,0.5746529687659061
Thimbleweed Park™,0,0.576884015293787
This War of Mine,0,0.5382791017362659
This War of Mine: Forget Celebrations Charity DLC,0,0.33319757227935015
This War of Mine: Stories - Father's Promise (ep.1),0,0.5860988139157104
This War of Mine: Stories - Season Pass,0,0.5004334459823865
This War of Mine: Stories - The Last Broadcast (ep.2),0,0.5939601824094937
This War of Mine: The Little Ones,0,0.5237967743773908
This War of Mine: War Child Charity,0,0.4332561698205444
Thomas Was Alone,0,0.5955170488679343
Thronebreaker: The Witcher Tales,0,0.6398438465795038
Thronefall,0,0.458279119531987
Through the Ages,0,0.5650397976110211
Through the Woods,0,0.6580739253467607
Thunder Tier One,0,0.487299617611542
Thunder Wolves,0,0.6477677044848326
Timberborn,0,0.4260268062022105
Time Wasters,0,0.61855988882228
TimeShift™,0,0.6742145422108033
Timemelters,0,0.7306162610388903
Tiny Survivors,0,0.6643269837956136
Tinyfolks,0,0.42170510494607727
Titan Quest Anniversary Edition,0,0.409082853408162
Titan Souls,5,0.5197754645043331
Titanfall® 2,0,0.5584403499081614
To The Core,0,0.6172060522346673
Tokaido,1,0.5633712220041058
Toki Tori,0,0.5078278757414949
Tom Clancy's Ghost Recon: Future Soldier™,0,0.7194373292336869
Tom Clancy's Ghost Recon®,0,0.5852468147950785
Tom Clancy's Ghost Recon® Breakpoint,0,0.5747363820216023
Tom Clancy's Ghost Recon® Wildlands,1,0.7244079712136089
Tom Clancy's Rainbow Six® Siege,21,0.727629791065497
Tom Clancy's Rainbow Six® Vegas,0,0.47362819549400026
Tom Clancy's Splinter Cell Chaos Theory®,0,0.7064797750381634
Tom Clancy's Splinter Cell®,0,0.6491848740529191
Tom Clancy’s Splinter Cell Blacklist,1,0.5650717281572589
Tom Clancy’s The Division® 2,0,0.6694703477062347
Tomb Raider,16,0.7007502536111856
Tomb of Tyrants,0,0.686038961605208
Tools Up!,0,0.727146710640924
Torchlight II,0,0.6337823807430417
Torchlight: Infinite,0,0.49993817497147675
Toree 3D,0,0.15756348151011457
Torment: Tides of Numenera,0,0.706586392764674
Tormented Souls,0,0.6955741676664858
Tostchu,0,0.49225321155335794
Total War: ATTILA - Blood & Burning,0,0.5443174329236865
Total War: MEDIEVAL II – Definitive Edition,0,0.5352445393298977
Total War: SHOGUN 2,0,0.6862862613228311
Total War: THREE KINGDOMS,0,0.6893457867514936
Total War: WARHAMMER,0,0.5813675352616952
Total War: WARHAMMER II,8,0.5512942352889542
Total War: WARHAMMER II - Curse of the Vampire Coast,0,0.5813275562623496
Total War: WARHAMMER III,1,0.6845090811867101
Totally Accurate Battlegrounds,0,0.4663422135675013
Touhou Artificial Dream in Arcadia,0,0.5802147326701768
Touhou Genso Wanderer -FORESIGHT-,0,0.6598846375078632
Touhou Genso Wanderer -Lotus Labyrinth R-,0,0.598505194047923
Touhou Genso Wanderer -Reloaded-,0,0.586410168200978
Touhou Luna Nights,0,0.48919121952745037
Tower 57,0,0.3306313715097877
Tower Dominion,0,0.5075395235491484
Tower of Babel: Survivors of Chaos,0,0.5304780244007739
Tower of Time,0,0.6625759059643215
Towers Deck,0,0.4603342760056406
Town of Salem,0,0.5278642263238831
Towns,0,0.5557058890854287
Townscaper,0,0.3457578502570903
Trackmania United Forever,0,0.4342730032715058
Trailer Park Boys: Greasy Money,4,0.3121462222729487
Train Sim World® 2020,0,0.48601111305727607
Train Valley,0,0.5257611280849214
Train Valley 2,0,0.7634697230578622
Transistor,0,0.3803462058008427
Treasure Hunter Claire,0,0.6611257075444863
Treasure Hunter Simulator,1,0.6619645522944594
Trek to Yomi,0,0.47700404229384535
Trepang2,0,0.5731388182409355
Trepang2 - Bladekisser DLC,0,0.4602896352521931
Trials of Mana,0,0.6632952804474205
Trine 5: A Clockwork Conspiracy,0,0.41020742959975776
Trombone Champ,0,0.4994044784689785
Tropico 4,0,0.5756523392568389
Tropico 5,0,0.6074875606414464
Tropico 5 - Espionage,6,0.5332018150972709
Tropico 5 - Generalissimo,6,0.8022350513167662
Tropico 5 - Joint Venture,6,0.7912682322827094
Tropico 5 - Supervillain,6,0.646119034219874
Tropico 5 - Surfs Up!,6,0.7842324605190667
Tropico 6,0,0.4115425865622596
Trover Saves the Universe,0,0.6508430213631363
Tube Tycoon,0,0.41938425926347056
Turbo Overkill,0,0.6657828445618935
Turok,5,0.3191171777072708
Two Point Campus,0,0.6821731047410564
Two Point Hospital,0,0.48150118012398185
Two Point Hospital: A Stitch in Time,0,0.5989636965816232
Two Point Hospital: Close Encounters,0,0.6349039945873834
Two Point Hospital: Pebberley Island,0,0.6198030760093108
Tyranny,0,0.39973989867602205
UBERMOSH,0,0.4936993998335194
UFO 50,0,0.638339603396995
ULTRAKILL,0,0.6255377381575153
UNCHARTED™: Legacy of Thieves Collection,0,0.489229470147341
UNLOVED,0,0.6317325067571279
Udonge in Interspecies Cave,0,0.7006200687470597
Ultimate Admiral: Age of Sail,0,0.24378786253564821
Ultimate Arena,0,0.3502241677048872
Ultimate Epic Battle Simulator,0,0.38625316969231327
Ultimate General: Civil War,0,0.6771031286983009
Ultra Street Fighter® IV,0,0.33147873009850237
Unavowed,0,0.5989079160098317
Unexplored,0,0.6663019514420041
Unheard - The Lethal Script（致命剧本）,0,0.6583723265106086
Unity of Command II,0,0.5789039728991269
Unmatched: Digital Edition,7,0.545194853396335
Untitled Goose Game,0,0.5113476075570107
Urtuk: The Desolation,0,0.5131805814829642
Usurper,16,0.5345336103933094
V Rising,0,0.6410663725758751
VA-11 Hall-A: Cyberpunk Bartender Action,0,0.6539063219161813
VLADiK BRUTAL,0,0.4797685242933334
VR Paradise - Steam Edition,0,0.43410229391981087
VRChat,2,0.4394812415150796
Vainglory,0,0.6690584378836859
Valhalla Hills,0,0.4594500241367889
Valheim,0,0.506418703683141
Valiant Hearts: The Great War™ / Soldats Inconnus : Mémoires de la Grande Guerre™,0,0.3904424081233757
Vampire Legends: The True Story of Kisilova,0,0.5543270323240012
Vampire Survivors,0,0.5597713806832977
Vampire Survivors: Legacy of the Moonspell,0,0.3356744908828953
Vampire: The Masquerade - Bloodhunt,0,0.3274322447640509
Vampire: The Masquerade - Bloodlines,0,0.5985405193534973
Vampire: The Masquerade - Coteries of New York,0,0.62018193718857
Vampire: The Masquerade – Swansong,0,0.5135480527196105
Vampyr,0,0.6382814613709141
Vanguard Exiles,0,0.5868191621368056
Vanishing Realms™,0,0.36304637554982877
Vanquish,0,0.3826900338562485
Vaporum,0,0.7528253716615416
Vault of the Void,0,0.5153765193334809
Vertiginous Golf,0,0.706609137032538
Vertigo Remastered,0,0.6654751122221987
Victor Vran ARPG,0,0.5490347655212787
Victory and Glory: Napoleon,0,0.5524244743148431
Vigil: The Longest Night,0,0.7742282154624984
Vikings - Wolves of Midgard,0,0.625466410347469
VillageRhapsody,4,0.5618177627235377
Virginia,0,0.7367035021295568
VirtuaVerse,0,0.656455162392695
Virtual Cottage,0,0.6554968982916066
Visage,2,0.6132687776605971
Viscera Cleanup Detail,0,0.5026196597209098
Viscerafest,0,0.5922035521356424
Void Bastards,0,0.5917568154702083
Void Crew,0,0.4815100654852827
Void Tyrant,0,0.613847912125491
Vomitoreum,0,0.5013270821356469
Voodoo Dice,0,0.2782666631145863
Voodoo Vince: Remastered,0,0.37421252199255045
Voxelgram,0,0.4392588273566014
WARNO,0,0.7208563232683463
WARSAW RISING: City of Heroes,0,0.5037360229598931
WASTED,0,0.5940675099641357
WORLD END ECONOMiCA episode.01,0,0.36567826341454507
WWE 2K18,0,0.5959357525623425
WWE 2K19,1,0.7496342223766432
WWE 2K19 - Season Pass,0,0.17580150909473882
WWE 2K22,0,0.6919812735239004
WWE 2K24 Season Pass,0,0.3317509370098144
Waking,0,0.699118646224671
Waking Mars,0,0.6808556791356788
Walking Zombie 2,0,0.6336028451214722
Wall World,0,0.5815970105229552
Wallpaper Engine,10,0.6126717460200051
Wanderer,0,0.7311235860091061
Wantless : Solace at World’s End,0,0.5599598038597342
War Thunder,0,0.6237137732330587
Warbands: Bushido,0,0.7232198579118416
Warframe,0,0.6311337000958114
Wargame: European Escalation,0,0.6038882835526893
Wargame: Red Dragon,0,0.5808577105575233
Wargame: Red Dragon - Nation Pack: Israel,0,0.5396867890917766
Wargroove,0,0.6161069953776555
"Warhammer 40,000: Boltgun",0,0.4595498541454768
"Warhammer 40,000: Darktide",1,0.566758376420939
"Warhammer 40,000: Dawn of War - Anniversary Edition",0,0.38127136409688106
"Warhammer 40,000: Dawn of War II - Anniversary Edition",0,0.6757546398711441
"Warhammer 40,000: Dawn of War III",0,0.4969424087441976
"Warhammer 40,000: Gladius - Relics of War",0,0.470468087545961
"Warhammer 40,000: Inquisitor - Martyr",0,0.5480382209541667
"Warhammer 40,000: Mechanicus",0,0.6379439820113422
"Warhammer 40,000: Mechanicus - Heretek",0,0.5163760213489248
"Warhammer 40,000: Regicide",0,0.4342560428443801
"Warhammer 40,000: Rogue Trader",1,0.5719287052895198
"Warhammer 40,000: Sanctus Reach",8,0.6174808653232009
"Warhammer 40,000: Sanctus Reach - Sons of Cadia",13,0.5119608371802667
"Warhammer 40,000: Space Marine - Anniversary Edition",0,0.5288013845345501
"Warhammer 40,000: Space Marine - Chaos Unleashed Map Pack",0,0.5752790851686612
"Warhammer 40,000: Space Marine 2",0,0.6234067136701038
Warhammer Combat Cards,0,0.4828996717131356
Warhammer Underworlds - Shadespire Edition,0,0.6718489900851898
Warhammer: Chaosbane,0,0.572405107361931
Warhammer: End Times - Vermintide,0,0.5108230702847322
Warhammer: Vermintide 2,0,0.6440314113569481
"Warhammer® 40,000: Dawn of War® II Chaos Rising",16,0.6719718926500614
"Warhammer® 40,000: Dawn of War® – Winter Assault",0,0.6824734323088996
WarpVector,0,0.596310119599913
Warrior Next,0,0.4689958952585372
Wars Across The World: Innsmouth 1928,0,0.3099507342340088
Wasteland 2: Director's Cut,0,0.6442305439986438
Wasteland 3,0,0.5610033727479903
Watchmen: The End is Nigh Part 2,0,0.6428982822453467
Wayward,0,0.558252180908705
We Happy Few,0,0.7571112093749514
We Happy Few - Lightbearer,0,0.5536992285439329
We Happy Few - Roger & James in They Came From Below,0,0.534675659646658
We Happy Few - Season Pass,0,0.5859759062834342
We Happy Few - We All Fall Down,0,0.6766649361556045
We Were Here,3,0.6860115695267623
We Were Here Forever,0,0.3232697172407893
We Were Here Together,0,0.6837012376037127
Webbed,0,0.5016681153459401
Werewolf: The Apocalypse — Heart of the Forest,19,0.7403607501379563
West Sweety,0,0.4958402787840084
Westerado: Double Barreled,4,0.34374352193892926
What Remains of Edith Finch,0,0.7019804143293376
When Ski Lifts Go Wrong,0,0.5616158181357249
When The Past Was Around,0,0.5424187201069625
While We Wait Here,0,0.35786512511398233
Whispers of a Machine,0,0.5711336033008966
White Hell,0,0.6060793363796174
White Night,0,0.5259665541658385
Who Pressed Mute on Uncle Marcus?,11,0.7715246261385794
Wife Quest,4,0.5083919114857354
Wigmund,0,0.6330609936090591
WildFront,0,0.5660776067260861
Wildermyth,0,0.5642731965703957
Wildfrost,0,0.5452573118452629
Windowkill,0,0.21730756643851729
Wingspan,1,0.43768527906510873
Witch Amelia,0,0.5416713019355933
Wizard of Legend,0,0.4786292379927307
Wizrogue - Labyrinth of Wizardry,0,0.7580409677285102
Wolfenstein II: The Freedom Chronicles - Episode 1,0,0.5903436738005946
Wolfenstein II: The New Colossus,0,0.5488534261040078
Wolfenstein: Cyberpilot,0,0.7297499383067774
Wolfenstein: The New Order,1,0.7812944769991563
Wolfenstein: The Old Blood,0,0.37971352222971094
Workers & Resources: Soviet Republic,0,0.5279292999225761
World War 3,2,0.4788166886559607
World War Z,0,0.6615960938390195
World of Guns: Gun Disassembly,2,0.45841853319756315
World of Myths,0,0.6390516436585291
World of Warships,0,0.6395684572339516
WorldBox - God Simulator,1,0.3461259732336668
Worms Armageddon,0,0.4317390490024412
Worms Reloaded,0,0.36411871229457043
Worms W.M.D,0,0.4420140975423192
Wreckfest,0,0.6072153683820023
Wreckfest - Backwoods Bangers Car Pack,0,0.415731683871438
Wreckfest - Retro Rammers Car Pack,0,0.2523111557570281
Wreckfest - Season Pass 2,0,0.19047633654903276
Wurroom,0,0.3551591915712902
X-Blades,1,0.5675433933692812
X-Morph: Defense,0,0.5328789465946245
XCOM 2: Alien Hunters,0,0.4609281325162534
XCOM: Enemy Unknown,0,0.5256468547921236
XCOM® 2,0,0.6066206865974881
Xenonauts,0,0.613413314678951
Yakuza 0,0,0.6024252831399031
Yakuza 3 Remastered,8,0.6101886123686749
Yakuza 5 Remastered,4,0.3698095032717967
Yakuza 6: The Song of Life,0,0.4130230201595134
Yakuza Kiwami,0,0.5625971788133145
Yellow Taxi Goes Vroom,0,0.3877740480619884
Yesterday,0,0.7440439043989234
Yoku's Island Express,0,0.6336204444768315
Yomawari: Night Alone,0,0.47025858867412484
Yomi,0,0.4882264302303341
You Have to Win the Game,0,0.5609367271289942
Yuppie Psycho: Executive Edition,0,0.5920616569726316
Zaccaria Pinball,0,0.4977531603198397
Zen Chess: Mate in Two,0,0.5809268983710442
Zeno Clash 2,0,0.5065682990058418
Ziggurat,0,0.5191121651963194
Ziggurat 2,0,0.6435008124166636
Zoeti,0,0.5897625231391568
Zombie Army Trilogy,0,0.6352014358070177
Zombie Driver HD,0,0.565037193980917
Zombie Epoch:Deck Apocalypse DEMO,0,0.6035148676508627
Zup!,0,0.5907977618739255
Zup! 9,0,0.5064352038638356
Zup! F,0,0.419566705639909
Zup! S,0,0.3277291829555707
Zup! Z,0,0.2478589532367586
[Chilla's Art] Missing Children | 行方不明,0,0.45435838693246267
[Chilla's Art] Night Delivery | 例外配達,0,0.5540731280411412
[Chilla's Art] Stigmatized Property | 事故物件,0,0.5707633176558963
[Chilla's Art] The Closing Shift | 閉店事件,0,0.4499111028355604
[Chilla's Art] The Ghost Train | 幽霊列車,0,0.5321642138990209
bit Dungeon II,14,0.6662223114016131
dotAGE,0,0.6347062382117059
eFootball PES 2021 SEASON UPDATE,0,0.22240656185842606
eFootball™,1,0.43584431387003203
eversion,0,0.6312775147877637
hexceed,0,0.6045966870632927
macdows 95,0,0.4250433759685881
shapez,0,0.7423569254661592
subpar pool,0,0.6458252902138589
